date,sector,sentiment,coverage,headline_count,lagged_sentiment,sentiment_0_100
2020-01-03,Comm,0.05423,0.4,3,0.0,52.7115
2020-01-06,Comm,0.10428583333333333,0.6,16,0.05423,55.21429166666667
2020-01-07,Comm,0.17558,0.6,5,0.10428583333333333,58.779
2020-01-08,Comm,0.154382,0.8,20,0.17558,57.7191
2020-01-09,Comm,0.16018,1.0,6,0.154382,58.009
2020-01-10,Comm,0.028676666666666684,0.8,8,0.16018,51.43383333333333
2020-01-13,Comm,0.0006191666666666678,0.4,14,0.028676666666666684,50.03095833333333
2020-01-14,Comm,0.03452,0.4,4,0.0006191666666666678,51.726000000000006
2020-01-15,Comm,0.0004183333333333289,0.6,9,0.03452,50.02091666666667
2020-01-16,Comm,0.11389,0.8,17,0.0004183333333333289,55.694500000000005
2020-01-17,Comm,0.038040000000000004,0.6,8,0.11389,51.902
2020-01-21,Comm,-0.022039999999999997,0.8,19,0.038040000000000004,48.898
2020-01-22,Comm,0.10965,0.6,4,-0.022039999999999997,55.4825
2020-01-23,Comm,0.17530257142857142,1.0,22,0.10965,58.76512857142857
2020-01-24,Comm,0.11109024242424241,0.8,24,0.17530257142857142,55.55451212121212
2020-01-27,Comm,-0.03633272727272728,0.8,20,0.11109024242424241,48.18336363636364
2020-01-28,Comm,0.036708000000000005,0.8,15,-0.03633272727272728,51.8354
2020-01-29,Comm,0.25270099999999995,0.8,11,0.036708000000000005,62.63505000000001
2020-01-30,Comm,-0.010649999999999998,0.8,18,0.25270099999999995,49.4675
2020-01-31,Comm,-0.18866727272727274,0.8,15,-0.010649999999999998,40.56663636363636
2020-02-03,Comm,0.1309225,1.0,21,-0.18866727272727274,56.546125
2020-02-04,Comm,0.11257900000000001,1.0,17,0.1309225,55.628949999999996
2020-02-05,Comm,-0.006538333333333329,0.8,12,0.11257900000000001,49.67308333333334
2020-02-06,Comm,0.06914000000000001,1.0,19,-0.006538333333333329,53.457
2020-02-07,Comm,0.03277599999999999,0.8,13,0.06914000000000001,51.638799999999996
2020-02-10,Comm,0.0914,0.8,20,0.03277599999999999,54.56999999999999
2020-02-11,Comm,-0.026111294117647045,0.8,24,0.0914,48.694435294117646
2020-02-12,Comm,0.15365222222222222,1.0,18,-0.026111294117647045,57.682611111111115
2020-02-13,Comm,0.09172261904761905,1.0,20,0.15365222222222222,54.58613095238095
2020-02-14,Comm,0.12498000000000001,0.2,1,0.09172261904761905,56.249
2020-02-18,Comm,0.04021809523809524,1.0,23,0.12498000000000001,52.01090476190476
2020-02-19,Comm,0.07368166666666666,0.4,7,0.04021809523809524,53.684083333333334
2020-02-20,Comm,0.038785,0.6,15,0.07368166666666666,51.93925
2020-02-21,Comm,-0.03978333333333334,0.6,7,0.038785,48.01083333333334
2020-02-24,Comm,0.028283333333333334,0.6,10,-0.03978333333333334,51.414166666666674
2020-02-25,Comm,0.12050666666666668,0.6,5,0.028283333333333334,56.025333333333336
2020-02-26,Comm,0.12558666666666668,0.8,10,0.12050666666666668,56.279333333333334
2020-02-27,Comm,0.13194,0.8,8,0.12558666666666668,56.596999999999994
2020-02-28,Comm,-0.09630999999999999,1.0,17,0.13194,45.1845
2020-03-02,Comm,0.09726666666666667,0.8,17,-0.09630999999999999,54.86333333333333
2020-03-03,Comm,0.040232,0.8,11,0.09726666666666667,52.0116
2020-03-04,Comm,0.10109666666666665,0.8,7,0.040232,55.05483333333333
2020-03-05,Comm,0.181035,1.0,10,0.10109666666666665,59.051750000000006
2020-03-06,Comm,0.027944999999999998,0.4,6,0.181035,51.39724999999999
2020-03-09,Comm,-0.010929999999999995,0.8,16,0.027944999999999998,49.4535
2020-03-10,Comm,-0.044323999999999995,1.0,18,-0.010929999999999995,47.7838
2020-03-11,Comm,0.022200000000000008,0.8,9,-0.044323999999999995,51.11
2020-03-12,Comm,-0.004151999999999994,0.6,12,0.022200000000000008,49.7924
2020-03-13,Comm,0.07825299999999999,0.6,16,-0.004151999999999994,53.91264999999999
2020-03-16,Comm,-0.012311333333333344,0.8,28,0.07825299999999999,49.384433333333334
2020-03-17,Comm,0.051866,0.8,17,-0.012311333333333344,52.5933
2020-03-18,Comm,-0.02648399999999999,0.8,11,0.051866,48.6758
2020-03-19,Comm,0.03651833333333333,1.0,14,-0.02648399999999999,51.82591666666667
2020-03-20,Comm,0.013975000000000001,0.6,6,0.03651833333333333,50.698750000000004
2020-03-23,Comm,0.16331284415584416,1.0,28,0.013975000000000001,58.16564220779221
2020-03-24,Comm,0.1751407619047619,0.8,18,0.16331284415584416,58.75703809523809
2020-03-25,Comm,0.17759866666666665,1.0,15,0.1751407619047619,58.879933333333334
2020-03-26,Comm,0.12920166666666666,1.0,13,0.17759866666666665,56.46008333333333
2020-03-27,Comm,0.11372933333333335,0.6,11,0.12920166666666666,55.68646666666667
2020-03-30,Comm,0.183099,0.8,15,0.11372933333333335,59.15494999999999
2020-03-31,Comm,0.12033333333333333,0.6,6,0.183099,56.01666666666667
2020-04-01,Comm,0.06144666666666667,0.8,21,0.12033333333333333,53.07233333333333
2020-04-02,Comm,-0.09556,1.0,10,0.06144666666666667,45.222
2020-04-03,Comm,0.2131947619047619,1.0,16,-0.09556,60.65973809523809
2020-04-06,Comm,0.2485433333333334,0.8,16,0.2131947619047619,62.427166666666665
2020-04-07,Comm,0.08162636363636364,0.8,20,0.2485433333333334,54.08131818181818
2020-04-08,Comm,0.037483999999999996,0.8,13,0.08162636363636364,51.8742
2020-04-09,Comm,-0.02296333333333333,1.0,16,0.037483999999999996,48.85183333333333
2020-04-13,Comm,0.058230000000000004,0.8,16,-0.02296333333333333,52.911500000000004
2020-04-14,Comm,0.20913561904761901,0.8,16,0.058230000000000004,60.45678095238095
2020-04-15,Comm,0.12380333333333335,0.8,16,0.20913561904761901,56.19016666666666
2020-04-16,Comm,0.2287443333333333,0.8,16,0.12380333333333335,61.43721666666666
2020-04-17,Comm,0.06399933333333332,0.8,15,0.2287443333333333,53.19996666666667
2020-04-20,Comm,0.070725,0.8,12,0.06399933333333332,53.536249999999995
2020-04-21,Comm,0.08243333333333333,1.0,15,0.070725,54.12166666666667
2020-04-22,Comm,0.12742380952380955,0.8,26,0.08243333333333333,56.37119047619048
2020-04-23,Comm,0.08730722222222223,0.8,24,0.12742380952380955,54.36536111111111
2020-04-24,Comm,0.015129090909090911,0.8,17,0.08730722222222223,50.756454545454545
2020-04-27,Comm,0.08147666666666667,1.0,21,0.015129090909090911,54.07383333333333
2020-04-28,Comm,0.13426050505050505,1.0,36,0.08147666666666667,56.71302525252525
2020-04-29,Comm,0.06182000000000001,0.6,19,0.13426050505050505,53.091
2020-04-30,Comm,0.012448750000000008,0.8,27,0.06182000000000001,50.6224375
2020-05-01,Comm,-0.06592966666666666,0.8,19,0.012448750000000008,46.703516666666665
2020-05-04,Comm,0.07728711111111111,0.6,23,-0.06592966666666666,53.864355555555555
2020-05-05,Comm,0.11926785714285715,1.0,35,0.07728711111111111,55.96339285714286
2020-05-06,Comm,-0.08196600000000001,0.8,33,0.11926785714285715,45.9017
2020-05-07,Comm,0.091938,0.8,23,-0.08196600000000001,54.596900000000005
2020-05-08,Comm,0.140852,0.6,9,0.091938,57.0426
2020-05-11,Comm,0.12894285714285716,1.0,23,0.140852,56.447142857142865
2020-05-12,Comm,0.068945,1.0,18,0.12894285714285716,53.447250000000004
2020-05-13,Comm,0.015159999999999996,0.6,4,0.068945,50.758
2020-05-14,Comm,0.1712533333333333,1.0,14,0.015159999999999996,58.562666666666665
2020-05-15,Comm,0.09845666666666666,1.0,16,0.1712533333333333,54.92283333333333
2020-05-18,Comm,0.14646866666666666,1.0,20,0.09845666666666666,57.32343333333333
2020-05-19,Comm,0.12955733333333333,1.0,20,0.14646866666666666,56.477866666666664
2020-05-20,Comm,-0.005675333333333333,1.0,27,0.12955733333333333,49.716233333333335
2020-05-21,Comm,0.10847200000000001,1.0,11,-0.005675333333333333,55.42359999999999
2020-05-22,Comm,-0.05059000000000001,1.0,10,0.10847200000000001,47.4705
2020-05-26,Comm,0.13780466666666666,1.0,20,-0.05059000000000001,56.89023333333333
2020-05-27,Comm,0.15016333333333334,1.0,22,0.13780466666666666,57.50816666666667
2020-05-28,Comm,0.09534436363636364,1.0,23,0.15016333333333334,54.76721818181818
2020-05-29,Comm,0.10081000000000002,0.8,14,0.09534436363636364,55.0405
2020-06-01,Comm,0.15972342857142857,1.0,17,0.10081000000000002,57.98617142857143
2020-06-02,Comm,0.17357666666666666,0.6,9,0.15972342857142857,58.67883333333334
2020-06-03,Comm,-0.07269666666666666,1.0,12,0.17357666666666666,46.36516666666667
2020-06-04,Comm,0.160185,1.0,11,-0.07269666666666666,58.00925
2020-06-05,Comm,0.08882933333333332,0.8,11,0.160185,54.44146666666667
2020-06-08,Comm,-0.1130925,1.0,16,0.08882933333333332,44.345375
2020-06-09,Comm,0.0,0.6,6,-0.1130925,50.0
2020-06-10,Comm,0.009570000000000013,0.8,6,0.0,50.478500000000004
2020-06-11,Comm,0.006903809523809526,1.0,14,0.009570000000000013,50.345190476190474
2020-06-12,Comm,0.06633333333333333,0.6,9,0.006903809523809526,53.31666666666667
2020-06-15,Comm,0.018013333333333326,0.8,16,0.06633333333333333,50.90066666666666
2020-06-16,Comm,0.09305,1.0,23,0.018013333333333326,54.6525
2020-06-17,Comm,0.12827833333333333,1.0,12,0.09305,56.413916666666665
2020-06-18,Comm,0.009248999999999999,0.8,16,0.12827833333333333,50.462450000000004
2020-06-19,Comm,0.12429333333333333,0.8,11,0.009248999999999999,56.214666666666666
2020-06-22,Comm,0.14001666666666665,0.8,11,0.12429333333333333,57.00083333333333
2020-06-23,Comm,0.09857833333333332,0.6,8,0.14001666666666665,54.92891666666666
2020-06-24,Comm,0.10274121212121212,0.6,16,0.09857833333333332,55.13706060606061
2020-06-25,Comm,0.07029866666666666,0.6,10,0.10274121212121212,53.51493333333334
2020-06-26,Comm,0.1451,0.4,5,0.07029866666666666,57.255
2020-06-29,Comm,0.020961025641025643,1.0,22,0.1451,51.048051282051276
2020-06-30,Comm,0.09233428571428572,0.6,9,0.020961025641025643,54.61671428571429
2020-07-01,Comm,-0.02744,0.8,6,0.09233428571428572,48.628
2020-07-02,Comm,-0.008895,0.6,7,-0.02744,49.55525
2020-07-06,Comm,0.04434400000000001,1.0,21,-0.008895,52.2172
2020-07-07,Comm,0.08076,1.0,14,0.04434400000000001,54.038
2020-07-08,Comm,-0.069285,0.8,8,0.08076,46.53575
2020-07-09,Comm,0.084225,0.4,6,-0.069285,54.21125
2020-07-10,Comm,0.0,0.4,4,0.084225,50.0
2020-07-13,Comm,0.025039999999999996,0.6,11,0.0,51.251999999999995
2020-07-14,Comm,0.03231714285714286,0.8,10,0.025039999999999996,51.615857142857145
2020-07-15,Comm,0.05775333333333332,0.8,7,0.03231714285714286,52.88766666666667
2020-07-16,Comm,0.13065333333333334,0.8,7,0.05775333333333332,56.532666666666664
2020-07-17,Comm,-0.09978000000000001,0.2,2,0.13065333333333334,45.011
2020-07-20,Comm,0.04096999999999999,0.6,8,-0.09978000000000001,52.0485
2020-07-21,Comm,0.17599666666666666,1.0,10,0.04096999999999999,58.79983333333333
2020-07-22,Comm,0.07524,0.8,7,0.17599666666666666,53.762
2020-07-23,Comm,-0.11882999999999999,0.6,10,0.07524,44.0585
2020-07-24,Comm,0.019052500000000003,0.8,18,-0.11882999999999999,50.952625
2020-07-27,Comm,0.07184,0.4,5,0.019052500000000003,53.592
2020-07-28,Comm,0.06905,0.4,9,0.07184,53.4525
2020-07-29,Comm,0.019635000000000003,0.8,12,0.06905,50.981750000000005
2020-07-30,Comm,0.06398833333333334,1.0,15,0.019635000000000003,53.199416666666664
2020-07-31,Comm,0.12289000000000001,0.6,6,0.06398833333333334,56.144499999999994
2020-08-03,Comm,0.24238400000000002,1.0,22,0.12289000000000001,62.1192
2020-08-04,Comm,0.08877538461538462,1.0,21,0.24238400000000002,54.43876923076923
2020-08-05,Comm,0.13505,0.8,10,0.08877538461538462,56.752500000000005
2020-08-06,Comm,0.13417809523809526,0.6,13,0.13505,56.70890476190477
2020-08-07,Comm,0.030405128205128203,0.4,28,0.13417809523809526,51.520256410256415
2020-08-10,Comm,0.23690333333333333,1.0,11,0.030405128205128203,61.845166666666664
2020-08-11,Comm,0.08351666666666667,0.6,9,0.23690333333333333,54.17583333333334
2020-08-12,Comm,0.08342999999999999,0.6,7,0.08351666666666667,54.171499999999995
2020-08-13,Comm,0.059199999999999996,0.8,10,0.08342999999999999,52.959999999999994
2020-08-14,Comm,-0.06364,0.8,6,0.059199999999999996,46.818
2020-08-17,Comm,0.12658666666666668,1.0,9,-0.06364,56.32933333333333
2020-08-18,Comm,0.12132666666666667,1.0,13,0.12658666666666668,56.06633333333333
2020-08-19,Comm,0.0,0.2,1,0.12132666666666667,50.0
2020-08-20,Comm,0.00512,0.8,8,0.0,50.256
2020-08-21,Comm,0.03560666666666666,0.6,10,0.00512,51.78033333333333
2020-08-24,Comm,-0.013860000000000003,0.4,6,0.03560666666666666,49.307
2020-08-25,Comm,0.016666666666666666,0.4,4,-0.013860000000000003,50.83333333333333
2020-08-26,Comm,0.098772,0.8,10,0.016666666666666666,54.9386
2020-08-27,Comm,0.04046,0.4,3,0.098772,52.022999999999996
2020-08-28,Comm,0.04531166666666667,0.4,7,0.04046,52.26558333333333
2020-08-31,Comm,0.10032666666666665,0.6,5,0.04531166666666667,55.016333333333336
2020-09-01,Comm,0.08423,0.6,4,0.10032666666666665,54.2115
2020-09-02,Comm,0.15059333333333333,0.6,7,0.08423,57.52966666666667
2020-09-03,Comm,0.05884857142857143,0.6,10,0.15059333333333333,52.942428571428565
2020-09-04,Comm,0.10863666666666667,0.4,7,0.05884857142857143,55.43183333333334
2020-09-08,Comm,0.069788,0.4,6,0.10863666666666667,53.489399999999996
2020-09-09,Comm,0.11918,0.6,5,0.069788,55.959
2020-09-10,Comm,0.012970000000000004,0.4,3,0.11918,50.6485
2020-09-11,Comm,-0.00442,0.6,4,0.012970000000000004,49.779
2020-09-14,Comm,0.02327166666666667,0.6,12,-0.00442,51.16358333333333
2020-09-15,Comm,0.028493333333333332,0.6,11,0.02327166666666667,51.42466666666666
2020-09-16,Comm,0.04826999999999999,0.6,8,0.028493333333333332,52.4135
2020-09-17,Comm,0.15084666666666666,0.6,5,0.04826999999999999,57.54233333333333
2020-09-18,Comm,0.027525,0.8,7,0.15084666666666666,51.37625
2020-09-21,Comm,0.0784775,0.8,17,0.027525,53.923874999999995
2020-09-22,Comm,0.18247,0.6,5,0.0784775,59.12349999999999
2020-09-23,Comm,0.07487,0.4,3,0.18247,53.7435
2020-09-24,Comm,0.076438,0.4,7,0.07487,53.8219
2020-09-25,Comm,-0.058289999999999995,0.4,3,0.076438,47.0855
2020-09-28,Comm,0.1542255,0.8,16,-0.058289999999999995,57.71127499999999
2020-09-29,Comm,0.011859999999999999,0.2,3,0.1542255,50.592999999999996
2020-09-30,Comm,0.17758,0.8,5,0.011859999999999999,58.879000000000005
2020-10-01,Comm,-0.009583333333333333,0.6,12,0.17758,49.520833333333336
2020-10-02,Comm,-0.12972,0.8,4,-0.009583333333333333,43.513999999999996
2020-10-05,Comm,0.07788750000000001,0.6,12,-0.12972,53.894375000000004
2020-10-06,Comm,0.07555,0.8,7,0.07788750000000001,53.7775
2020-10-07,Comm,0.15276,0.4,3,0.07555,57.638
2020-10-08,Comm,-0.086114,0.6,8,0.15276,45.6943
2020-10-09,Comm,0.11657785714285715,0.8,14,-0.086114,55.828892857142854
2020-10-12,Comm,-0.01873212121212121,0.6,21,0.11657785714285715,49.06339393939394
2020-10-13,Comm,-0.06806142857142858,0.6,12,-0.01873212121212121,46.59692857142857
2020-10-14,Comm,0.22808200000000003,1.0,13,-0.06806142857142858,61.40410000000001
2020-10-15,Comm,0.14469333333333334,0.4,5,0.22808200000000003,57.23466666666667
2020-10-16,Comm,0.01017499999999999,0.6,6,0.14469333333333334,50.50875
2020-10-19,Comm,0.2748366666666667,1.0,13,0.01017499999999999,63.74183333333333
2020-10-20,Comm,0.0,0.2,3,0.2748366666666667,50.0
2020-10-21,Comm,0.022346666666666664,0.4,6,0.0,51.117333333333335
2020-10-22,Comm,0.018023333333333332,0.8,16,0.022346666666666664,50.90116666666666
2020-10-23,Comm,0.138175,0.4,9,0.018023333333333332,56.90875
2020-10-26,Comm,0.09944857142857141,1.0,17,0.138175,54.972428571428566
2020-10-27,Comm,0.0,0.4,2,0.09944857142857141,50.0
2020-10-28,Comm,0.07549399999999999,0.6,17,0.0,53.774699999999996
2020-10-29,Comm,0.17301,1.0,17,0.07549399999999999,58.65050000000001
2020-10-30,Comm,0.14787999999999998,0.8,6,0.17301,57.394
2020-11-02,Comm,0.06413833333333332,1.0,19,0.14787999999999998,53.20691666666667
2020-11-03,Comm,-0.06955933333333333,1.0,15,0.06413833333333332,46.52203333333333
2020-11-04,Comm,0.06766599999999999,0.6,12,-0.06955933333333333,53.3833
2020-11-05,Comm,-0.031197000000000003,1.0,19,0.06766599999999999,48.440149999999996
2020-11-06,Comm,0.09671144607843138,1.0,46,-0.031197000000000003,54.835572303921566
2020-11-09,Comm,0.20570857142857144,1.0,18,0.09671144607843138,60.28542857142857
2020-11-10,Comm,0.02692500000000001,1.0,14,0.20570857142857144,51.346250000000005
2020-11-11,Comm,-0.101235,0.8,9,0.02692500000000001,44.938250000000004
2020-11-12,Comm,0.07258,0.8,7,-0.101235,53.629000000000005
2020-11-13,Comm,0.086965,0.6,13,0.07258,54.34825
2020-11-16,Comm,0.125346,1.0,12,0.086965,56.2673
2020-11-17,Comm,0.115872,0.8,12,0.125346,55.7936
2020-11-18,Comm,0.008979999999999998,1.0,11,0.115872,50.449
2020-11-19,Comm,0.07045857142857143,0.6,10,0.008979999999999998,53.52292857142857
2020-11-20,Comm,-0.036219999999999995,1.0,15,0.07045857142857143,48.189
2020-11-23,Comm,0.03452666666666667,0.6,9,-0.036219999999999995,51.72633333333333
2020-11-24,Comm,0.09909333333333334,0.8,10,0.03452666666666667,54.95466666666666
2020-11-25,Comm,0.042552,0.4,6,0.09909333333333334,52.127599999999994
2020-11-27,Comm,0.17606,0.6,3,0.042552,58.803000000000004
2020-11-30,Comm,0.06034666666666667,0.6,6,0.17606,53.01733333333334
2020-12-01,Comm,0.08808,0.8,6,0.06034666666666667,54.403999999999996
2020-12-02,Comm,-0.09878,0.4,2,0.08808,45.061
2020-12-03,Comm,0.027834285714285718,0.4,8,-0.09878,51.391714285714286
2020-12-04,Comm,0.10051000000000002,0.6,10,0.027834285714285718,55.02550000000001
2020-12-07,Comm,0.039542222222222215,0.6,12,0.10051000000000002,51.97711111111111
2020-12-08,Comm,0.061161818181818185,0.6,13,0.039542222222222215,53.05809090909091
2020-12-09,Comm,0.209395,0.8,11,0.061161818181818185,60.46975
2020-12-10,Comm,0.15233750000000001,0.8,12,0.209395,57.616875
2020-12-11,Comm,0.04853142857142857,0.8,10,0.15233750000000001,52.426571428571435
2020-12-14,Comm,0.0482675,0.8,31,0.04853142857142857,52.413374999999995
2020-12-15,Comm,0.09427571428571428,0.4,9,0.0482675,54.71378571428571
2020-12-16,Comm,0.0,0.2,6,0.09427571428571428,50.0
2020-12-17,Comm,0.017132500000000002,0.2,8,0.0,50.856625
2020-12-18,Comm,0.006408,0.8,8,0.017132500000000002,50.3204
2020-12-21,Comm,0.062107333333333334,0.8,18,0.006408,53.10536666666666
2020-12-22,Comm,-0.004289999999999997,0.6,7,0.062107333333333334,49.7855
2020-12-23,Comm,0.027115,0.4,5,-0.004289999999999997,51.35575
2020-12-24,Comm,0.016390000000000002,0.2,4,0.027115,50.8195
2020-12-28,Comm,0.18002249999999997,0.6,10,0.016390000000000002,59.001125
2020-12-29,Comm,0.1016,0.6,7,0.18002249999999997,55.08
2020-12-30,Comm,0.06124,0.4,4,0.1016,53.062
2020-12-31,Comm,0.060379047619047624,0.6,11,0.06124,53.01895238095238
2021-01-04,Comm,0.01793333333333333,0.6,10,0.060379047619047624,50.89666666666667
2021-01-05,Comm,0.06041166666666666,1.0,17,0.01793333333333333,53.020583333333335
2021-01-06,Comm,0.11120171428571428,0.6,13,0.06041166666666666,55.56008571428571
2021-01-07,Comm,0.16188,1.0,10,0.11120171428571428,58.094
2021-01-08,Comm,0.0,0.6,4,0.16188,50.0
2021-01-11,Comm,0.21936999999999998,0.8,13,0.0,60.968500000000006
2021-01-12,Comm,-0.033755,0.6,6,0.21936999999999998,48.31225
2021-01-13,Comm,-0.04493,0.8,10,-0.033755,47.753499999999995
2021-01-14,Comm,0.045872,0.8,12,-0.04493,52.2936
2021-01-15,Comm,0.04418333333333333,0.2,6,0.045872,52.20916666666666
2021-01-19,Comm,0.042885999999999994,0.8,14,0.04418333333333333,52.1443
2021-01-20,Comm,-0.2,0.8,6,0.042885999999999994,40.0
2021-01-21,Comm,-0.04365466666666667,0.8,10,-0.2,47.81726666666667
2021-01-22,Comm,0.078155,0.6,12,-0.04365466666666667,53.90775
2021-01-25,Comm,0.0754752380952381,1.0,26,0.078155,53.773761904761905
2021-01-26,Comm,-0.018938571428571426,0.6,10,0.0754752380952381,49.05307142857143
2021-01-27,Comm,0.0013279999999999998,0.4,11,-0.018938571428571426,50.0664
2021-01-28,Comm,0.16285833333333333,0.8,24,0.0013279999999999998,58.142916666666665
2021-01-29,Comm,0.058776666666666665,1.0,17,0.16285833333333333,52.938833333333335
2021-02-01,Comm,0.41345333333333334,1.0,11,0.058776666666666665,70.67266666666667
2021-02-02,Comm,0.12638333333333332,1.0,18,0.41345333333333334,56.31916666666667
2021-02-03,Comm,0.009293333333333334,0.6,10,0.12638333333333332,50.464666666666666
2021-02-04,Comm,-0.023813333333333343,0.8,9,0.009293333333333334,48.809333333333335
2021-02-05,Comm,0.068705,1.0,12,-0.023813333333333343,53.43525
2021-02-08,Comm,-0.00798833333333333,1.0,21,0.068705,49.60058333333333
2021-02-09,Comm,0.017104285714285718,0.8,26,-0.00798833333333333,50.85521428571429
2021-02-10,Comm,-0.023785333333333335,0.6,10,0.017104285714285718,48.81073333333333
2021-02-11,Comm,0.120215,1.0,11,-0.023785333333333335,56.01075
2021-02-12,Comm,0.153,0.4,2,0.120215,57.65
2021-02-16,Comm,0.10841757575757575,1.0,26,0.153,55.42087878787879
2021-02-17,Comm,-0.007726666666666665,0.6,5,0.10841757575757575,49.61366666666667
2021-02-18,Comm,0.11839999999999999,0.6,6,-0.007726666666666665,55.92
2021-02-19,Comm,0.1272,0.8,6,0.11839999999999999,56.36
2021-02-22,Comm,0.147552,0.8,8,0.1272,57.377599999999994
2021-02-23,Comm,0.14768666666666666,0.6,7,0.147552,57.38433333333334
2021-02-24,Comm,-0.019178571428571423,0.8,13,0.14768666666666666,49.04107142857143
2021-02-25,Comm,0.0044977777777777785,0.8,16,-0.019178571428571423,50.224888888888884
2021-02-26,Comm,0.05897,0.6,9,0.0044977777777777785,52.948499999999996
2021-03-01,Comm,0.016930000000000004,0.8,13,0.05897,50.846500000000006
2021-03-02,Comm,0.16122,0.6,7,0.016930000000000004,58.06099999999999
2021-03-03,Comm,0.056625999999999996,0.8,9,0.16122,52.831300000000006
2021-03-04,Comm,0.154,0.8,5,0.056625999999999996,57.699999999999996
2021-03-05,Comm,0.10985733333333333,1.0,12,0.154,55.492866666666664
2021-03-08,Comm,-0.068966,1.0,10,0.10985733333333333,46.551700000000004
2021-03-09,Comm,0.15458,0.8,5,-0.068966,57.729
2021-03-10,Comm,0.1099375,0.8,13,0.15458,55.496875
2021-03-11,Comm,0.13156600000000002,0.6,9,0.1099375,56.578300000000006
2021-03-12,Comm,0.15660857142857143,0.8,10,0.13156600000000002,57.83042857142857
2021-03-15,Comm,0.08673833333333333,0.8,14,0.15660857142857143,54.33691666666667
2021-03-16,Comm,0.038728,0.6,10,0.08673833333333333,51.936400000000006
2021-03-17,Comm,0.1295,1.0,8,0.038728,56.474999999999994
2021-03-18,Comm,-0.007813333333333321,0.8,9,0.1295,49.60933333333333
2021-03-19,Comm,0.11760666666666668,1.0,10,-0.007813333333333321,55.88033333333333
2021-03-22,Comm,-0.002485,0.6,6,0.11760666666666668,49.875750000000004
2021-03-23,Comm,0.022164,0.4,6,-0.002485,51.108200000000004
2021-03-24,Comm,0.18495,0.8,7,0.022164,59.247499999999995
2021-03-25,Comm,-0.002475999999999998,0.8,9,0.18495,49.8762
2021-03-26,Comm,0.034595,0.4,6,-0.002475999999999998,51.729749999999996
2021-03-29,Comm,0.11353444444444442,0.8,17,0.034595,55.67672222222222
2021-03-30,Comm,0.12869000000000003,0.8,7,0.11353444444444442,56.4345
2021-03-31,Comm,0.0,0.6,5,0.12869000000000003,50.0
2021-04-01,Comm,0.06819,0.8,9,0.0,53.4095
2021-04-05,Comm,0.344484,1.0,21,0.06819,67.2242
2021-04-06,Comm,0.09397428571428572,0.6,9,0.344484,54.69871428571429
2021-04-07,Comm,0.01686,0.4,7,0.09397428571428572,50.843
2021-04-08,Comm,0.23076666666666665,1.0,11,0.01686,61.53833333333333
2021-04-09,Comm,0.041713999999999994,0.8,12,0.23076666666666665,52.0857
2021-04-12,Comm,-0.11116,0.6,8,0.041713999999999994,44.442
2021-04-13,Comm,0.196944,0.6,7,-0.11116,59.8472
2021-04-14,Comm,0.16172,1.0,14,0.196944,58.086000000000006
2021-04-15,Comm,0.01089,0.4,7,0.16172,50.544500000000006
2021-04-16,Comm,0.09808,0.4,4,0.01089,54.903999999999996
2021-04-19,Comm,-0.026015,0.8,8,0.09808,48.69925
2021-04-20,Comm,0.01864285714285714,0.8,12,-0.026015,50.93214285714286
2021-04-21,Comm,0.0497688888888889,0.6,18,0.01864285714285714,52.48844444444445
2021-04-22,Comm,0.01721878787878787,0.6,26,0.0497688888888889,50.8609393939394
2021-04-23,Comm,0.136241,0.6,10,0.01721878787878787,56.81205
2021-04-26,Comm,-0.03693666666666666,0.8,9,0.136241,48.15316666666667
2021-04-27,Comm,0.031104444444444445,0.6,11,-0.03693666666666666,51.55522222222222
2021-04-28,Comm,0.21570666666666666,0.8,10,0.031104444444444445,60.785333333333334
2021-04-29,Comm,0.12418100000000001,0.8,12,0.21570666666666666,56.209050000000005
2021-04-30,Comm,0.10788666666666666,0.6,10,0.12418100000000001,55.394333333333336
2021-05-03,Comm,0.15644666666666668,1.0,19,0.10788666666666666,57.82233333333333
2021-05-04,Comm,0.263486,0.8,10,0.15644666666666668,63.174299999999995
2021-05-05,Comm,0.062287999999999996,0.8,17,0.263486,53.114399999999996
2021-05-06,Comm,-0.006366666666666665,0.4,5,0.062287999999999996,49.68166666666667
2021-05-07,Comm,0.08235333333333333,0.8,8,-0.006366666666666665,54.117666666666665
2021-05-10,Comm,-0.11144033333333334,1.0,14,0.08235333333333333,44.42798333333333
2021-05-11,Comm,0.20482,1.0,15,-0.11144033333333334,60.241
2021-05-12,Comm,0.08715,1.0,13,0.20482,54.3575
2021-05-13,Comm,0.0,0.2,1,0.08715,50.0
2021-05-14,Comm,0.0,0.4,2,0.0,50.0
2021-05-17,Comm,0.00817589743589744,1.0,40,0.0,50.40879487179487
2021-05-18,Comm,0.0013776666666666625,1.0,32,0.00817589743589744,50.06888333333334
2021-05-19,Comm,0.032966,0.6,21,0.0013776666666666625,51.648300000000006
2021-05-20,Comm,0.109577,1.0,17,0.032966,55.47885
2021-05-21,Comm,0.21222285714285713,1.0,14,0.109577,60.61114285714285
2021-05-24,Comm,-0.015649999999999997,1.0,15,0.21222285714285713,49.2175
2021-05-25,Comm,0.16215,0.8,13,-0.015649999999999997,58.1075
2021-05-26,Comm,0.04462857142857143,0.6,9,0.16215,52.23142857142857
2021-05-27,Comm,0.118326,1.0,14,0.04462857142857143,55.9163
2021-05-28,Comm,0.4019236666666667,1.0,15,0.118326,70.09618333333334
2021-06-01,Comm,0.154908,0.4,11,0.4019236666666667,57.745400000000004
2021-06-02,Comm,0.12601,1.0,8,0.154908,56.3005
2021-06-03,Comm,0.0027133333333333306,0.4,4,0.12601,50.135666666666665
2021-06-04,Comm,0.295435,1.0,11,0.0027133333333333306,64.77175
2021-06-07,Comm,0.1335111111111111,1.0,16,0.295435,56.675555555555555
2021-06-08,Comm,0.2827266666666667,0.8,7,0.1335111111111111,64.13633333333333
2021-06-09,Comm,0.0,0.2,2,0.2827266666666667,50.0
2021-06-10,Comm,0.06415371428571429,1.0,16,0.0,53.20768571428572
2021-06-11,Comm,0.11789666666666668,0.4,8,0.06415371428571429,55.89483333333334
2021-06-14,Comm,0.10092666666666668,0.8,10,0.11789666666666668,55.04633333333333
2021-06-15,Comm,0.09738,1.0,8,0.10092666666666668,54.869
2021-06-16,Comm,0.22462,0.8,12,0.09738,61.231
2021-06-17,Comm,0.23835,0.6,4,0.22462,61.917500000000004
2021-06-18,Comm,0.0,0.6,4,0.23835,50.0
2021-06-21,Comm,0.17274,0.6,8,0.0,58.63700000000001
2021-06-22,Comm,-0.10769999999999999,0.4,3,0.17274,44.615
2021-06-23,Comm,-0.003572666666666666,0.8,17,-0.10769999999999999,49.82136666666667
2021-06-24,Comm,-0.10990666666666668,0.8,13,-0.003572666666666666,44.504666666666665
2021-06-25,Comm,0.03293,0.6,6,-0.10990666666666668,51.646499999999996
2021-06-28,Comm,0.193076,0.8,11,0.03293,59.653800000000004
2021-06-29,Comm,0.08808,0.4,2,0.193076,54.403999999999996
2021-06-30,Comm,0.1665590909090909,0.6,14,0.08808,58.32795454545454
2021-07-01,Comm,0.14739,0.8,9,0.1665590909090909,57.369499999999995
2021-07-02,Comm,0.0216,1.0,5,0.14739,51.080000000000005
2021-07-06,Comm,0.0449,0.8,7,0.0216,52.245
2021-07-07,Comm,0.031904,0.4,7,0.0449,51.5952
2021-07-08,Comm,0.16462,0.8,9,0.031904,58.231
2021-07-09,Comm,0.18455333333333335,0.6,6,0.16462,59.227666666666664
2021-07-12,Comm,0.09792500000000001,1.0,10,0.18455333333333335,54.89625
2021-07-13,Comm,0.11024,1.0,10,0.09792500000000001,55.51200000000001
2021-07-14,Comm,0.02266666666666667,0.8,7,0.11024,51.13333333333333
2021-07-15,Comm,0.05035333333333334,0.6,5,0.02266666666666667,52.51766666666666
2021-07-16,Comm,0.017055999999999998,0.8,16,0.05035333333333334,50.852799999999995
2021-07-19,Comm,0.27175666666666665,1.0,14,0.017055999999999998,63.587833333333336
2021-07-20,Comm,0.240516,0.6,7,0.27175666666666665,62.0258
2021-07-21,Comm,-0.022019999999999987,0.8,12,0.240516,48.899
2021-07-22,Comm,0.1445325,0.8,14,-0.022019999999999987,57.226625
2021-07-23,Comm,0.05561666666666666,0.8,18,0.1445325,52.780833333333334
2021-07-26,Comm,0.009571999999999999,0.4,10,0.05561666666666666,50.47859999999999
2021-07-27,Comm,0.06020000000000001,0.6,6,0.009571999999999999,53.010000000000005
2021-07-28,Comm,0.05209333333333334,0.8,7,0.06020000000000001,52.60466666666667
2021-07-29,Comm,0.08975309523809524,0.6,17,0.05209333333333334,54.48765476190476
2021-07-30,Comm,0.02263,0.6,6,0.08975309523809524,51.131499999999996
2021-08-02,Comm,0.03984333333333333,0.8,15,0.02263,51.99216666666666
2021-08-03,Comm,0.10770333333333333,0.8,20,0.03984333333333333,55.38516666666666
2021-08-04,Comm,0.08381,0.8,16,0.10770333333333333,54.1905
2021-08-05,Comm,0.058223333333333335,0.8,15,0.08381,52.91116666666667
2021-08-06,Comm,0.10434999999999998,0.8,6,0.058223333333333335,55.217499999999994
2021-08-09,Comm,0.14785666666666666,1.0,15,0.10434999999999998,57.392833333333336
2021-08-10,Comm,0.05222333333333333,0.8,11,0.14785666666666666,52.61116666666666
2021-08-11,Comm,-0.03589999999999999,0.6,4,0.05222333333333333,48.205
2021-08-12,Comm,0.26612666666666673,1.0,13,-0.03589999999999999,63.30633333333333
2021-08-13,Comm,0.13891,0.6,6,0.26612666666666673,56.9455
2021-08-16,Comm,0.03388928571428571,0.8,13,0.13891,51.69446428571428
2021-08-17,Comm,0.1275,0.8,5,0.03388928571428571,56.375
2021-08-18,Comm,-0.062116428571428586,0.8,14,0.1275,46.89417857142857
2021-08-19,Comm,0.032813999999999996,0.4,7,-0.062116428571428586,51.640699999999995
2021-08-20,Comm,0.025723333333333338,0.6,9,0.032813999999999996,51.28616666666667
2021-08-23,Comm,0.21510166666666666,1.0,10,0.025723333333333338,60.75508333333334
2021-08-24,Comm,0.17979333333333333,0.6,5,0.21510166666666666,58.989666666666665
2021-08-25,Comm,0.04404,0.2,2,0.17979333333333333,52.202000000000005
2021-08-26,Comm,0.14347,0.6,7,0.04404,57.1735
2021-08-27,Comm,0.35937,0.8,9,0.14347,67.96849999999999
2021-08-30,Comm,0.10100200000000001,0.8,12,0.35937,55.0501
2021-08-31,Comm,0.03252666666666666,0.4,4,0.10100200000000001,51.62633333333333
2021-09-01,Comm,0.0,0.0,0,0.03252666666666666,50.0
2021-09-02,Comm,0.032549999999999996,0.6,8,0.0,51.627500000000005
2021-09-03,Comm,0.18952666666666668,0.6,6,0.032549999999999996,59.47633333333333
2021-09-07,Comm,0.14386000000000002,0.6,11,0.18952666666666668,57.193000000000005
2021-09-08,Comm,0.12920166666666666,0.8,10,0.14386000000000002,56.46008333333333
2021-09-09,Comm,-0.07891285714285715,1.0,26,0.12920166666666666,46.05435714285714
2021-09-10,Comm,0.07243,0.8,9,-0.07891285714285715,53.6215
2021-09-13,Comm,0.24411571428571427,1.0,13,0.07243,62.20578571428571
2021-09-14,Comm,0.12824333333333332,0.8,18,0.24411571428571427,56.412166666666664
2021-09-15,Comm,0.004713,0.6,11,0.12824333333333332,50.23565
2021-09-16,Comm,0.005959999999999993,0.8,12,0.004713,50.298
2021-09-17,Comm,0.05224342857142857,0.8,17,0.005959999999999993,52.61217142857143
2021-09-20,Comm,0.30340757575757576,1.0,24,0.05224342857142857,65.17037878787879
2021-09-21,Comm,0.0617,0.6,6,0.30340757575757576,53.08500000000001
2021-09-22,Comm,0.15978399999999998,1.0,11,0.0617,57.9892
2021-09-23,Comm,0.04259,1.0,9,0.15978399999999998,52.12949999999999
2021-09-24,Comm,0.05194,0.6,6,0.04259,52.59700000000001
2021-09-27,Comm,0.15547000000000002,0.8,10,0.05194,57.7735
2021-09-28,Comm,0.140023,1.0,14,0.15547000000000002,57.00115
2021-09-29,Comm,-0.054200000000000005,0.8,7,0.140023,47.29
2021-09-30,Comm,0.10342666666666667,1.0,10,-0.054200000000000005,55.17133333333333
2021-10-01,Comm,0.16461,0.8,5,0.10342666666666667,58.2305
2021-10-04,Comm,0.018139999999999996,1.0,12,0.16461,50.907000000000004
2021-10-05,Comm,-0.004519999999999999,0.8,10,0.018139999999999996,49.774
2021-10-06,Comm,0.021336666666666667,0.8,16,-0.004519999999999999,51.06683333333333
2021-10-07,Comm,0.23674166666666668,1.0,10,0.021336666666666667,61.83708333333333
2021-10-08,Comm,0.019190000000000002,0.4,10,0.23674166666666668,50.959500000000006
2021-10-11,Comm,0.18658333333333332,1.0,12,0.019190000000000002,59.329166666666666
2021-10-12,Comm,0.18190999999999996,0.6,8,0.18658333333333332,59.0955
2021-10-13,Comm,-0.10480666666666667,0.6,7,0.18190999999999996,44.75966666666666
2021-10-14,Comm,-0.0010449999999999973,0.6,6,-0.10480666666666667,49.94775
2021-10-15,Comm,0.16146,0.4,5,-0.0010449999999999973,58.07299999999999
2021-10-18,Comm,0.17103,0.6,7,0.16146,58.551500000000004
2021-10-19,Comm,0.06590666666666667,0.8,6,0.17103,53.29533333333334
2021-10-20,Comm,0.04050666666666667,0.4,6,0.06590666666666667,52.025333333333336
2021-10-21,Comm,-0.01299357142857142,1.0,25,0.04050666666666667,49.350321428571434
2021-10-22,Comm,0.19567333333333334,0.8,10,-0.01299357142857142,59.78366666666667
2021-10-25,Comm,0.36803600000000003,0.8,8,0.19567333333333334,68.40180000000001
2021-10-26,Comm,0.2707571428571428,1.0,12,0.36803600000000003,63.537857142857135
2021-10-27,Comm,0.1139,0.4,3,0.2707571428571428,55.69500000000001
2021-10-28,Comm,0.07441,0.8,11,0.1139,53.7205
2021-10-29,Comm,0.18426,0.8,12,0.07441,59.21300000000001
2021-11-01,Comm,0.07648500000000001,0.6,6,0.18426,53.82424999999999
2021-11-02,Comm,0.23997000000000002,1.0,15,0.07648500000000001,61.9985
2021-11-03,Comm,0.1210305,1.0,26,0.23997000000000002,56.051525000000005
2021-11-04,Comm,0.13950533333333331,1.0,20,0.1210305,56.97526666666667
2021-11-05,Comm,0.16154,0.8,8,0.13950533333333331,58.077
2021-11-08,Comm,-0.15794666666666668,1.0,7,0.16154,42.102666666666664
2021-11-09,Comm,0.10533999999999999,0.8,8,-0.15794666666666668,55.266999999999996
2021-11-10,Comm,-0.06159333333333335,0.6,5,0.10533999999999999,46.92033333333333
2021-11-11,Comm,0.10554666666666668,0.8,9,-0.06159333333333335,55.27733333333333
2021-11-12,Comm,0.032920000000000005,0.8,9,0.10554666666666668,51.646
2021-11-15,Comm,0.129412,1.0,12,0.032920000000000005,56.470600000000005
2021-11-16,Comm,0.020300000000000006,0.8,11,0.129412,51.015
2021-11-17,Comm,-0.0023999999999999994,0.6,8,0.020300000000000006,49.88
2021-11-18,Comm,0.09114999999999998,1.0,13,-0.0023999999999999994,54.557500000000005
2021-11-19,Comm,0.04325,0.8,9,0.09114999999999998,52.1625
2021-11-22,Comm,0.06441833333333333,0.4,7,0.04325,53.22091666666666
2021-11-23,Comm,0.13581400000000002,1.0,11,0.06441833333333333,56.79070000000001
2021-11-24,Comm,0.129365,0.8,7,0.13581400000000002,56.46825
2021-11-26,Comm,0.08984666666666666,1.0,7,0.129365,54.492333333333335
2021-11-29,Comm,-0.13546,0.6,5,0.08984666666666666,43.227
2021-11-30,Comm,0.060309999999999996,0.6,14,-0.13546,53.0155
2021-12-01,Comm,0.19230333333333333,0.8,8,0.060309999999999996,59.61516666666667
2021-12-02,Comm,-0.064,1.0,6,0.19230333333333333,46.8
2021-12-03,Comm,-0.009113333333333334,0.4,6,-0.064,49.544333333333334
2021-12-06,Comm,0.05042222222222222,0.8,12,-0.009113333333333334,52.52111111111111
2021-12-07,Comm,0.15863333333333335,0.8,9,0.05042222222222222,57.93166666666667
2021-12-08,Comm,0.20429,0.8,9,0.15863333333333335,60.2145
2021-12-09,Comm,0.012575,0.6,7,0.20429,50.62875
2021-12-10,Comm,0.15510666666666667,1.0,9,0.012575,57.75533333333334
2021-12-13,Comm,0.040465,1.0,9,0.15510666666666667,52.02325
2021-12-14,Comm,0.043993333333333336,0.6,5,0.040465,52.199666666666666
2021-12-15,Comm,0.073494,0.6,8,0.043993333333333336,53.674699999999994
2021-12-16,Comm,0.19804,1.0,13,0.073494,59.902
2021-12-17,Comm,-0.07021999999999999,0.8,11,0.19804,46.489000000000004
2021-12-20,Comm,0.19402,1.0,13,-0.07021999999999999,59.70100000000001
2021-12-21,Comm,0.059199999999999996,0.8,13,0.19402,52.959999999999994
2021-12-22,Comm,0.14596,0.4,7,0.059199999999999996,57.298
2021-12-23,Comm,0.07453333333333333,0.6,10,0.14596,53.72666666666667
2021-12-27,Comm,0.059352499999999996,0.2,8,0.07453333333333333,52.967625
2021-12-28,Comm,0.029099999999999997,0.4,9,0.059352499999999996,51.455
2021-12-29,Comm,0.013486666666666666,0.4,4,0.029099999999999997,50.67433333333333
2021-12-30,Comm,0.12137066666666665,0.8,15,0.013486666666666666,56.068533333333335
2021-12-31,Comm,0.013193333333333331,0.6,7,0.12137066666666665,50.659666666666666
2022-01-03,Comm,0.08151538461538461,0.4,14,0.013193333333333331,54.07576923076923
2022-01-04,Comm,0.10756000000000002,0.4,9,0.08151538461538461,55.37800000000001
2022-01-05,Comm,0.17665333333333333,0.8,15,0.10756000000000002,58.83266666666667
2022-01-06,Comm,0.259594,1.0,18,0.17665333333333333,62.979699999999994
2022-01-07,Comm,0.133331,1.0,20,0.259594,56.66655
2022-01-10,Comm,0.11034857142857142,1.0,27,0.133331,55.517428571428574
2022-01-11,Comm,0.080425,1.0,14,0.11034857142857142,54.021249999999995
2022-01-12,Comm,0.15800533333333336,1.0,14,0.080425,57.90026666666667
2022-01-13,Comm,0.13679999999999998,0.8,17,0.15800533333333336,56.84
2022-01-14,Comm,0.0408,1.0,18,0.13679999999999998,52.04
2022-01-18,Comm,-0.04811808123249299,1.0,43,0.0408,47.594095938375354
2022-01-19,Comm,0.06328333333333333,1.0,21,-0.04811808123249299,53.16416666666667
2022-01-20,Comm,0.25361151515151514,0.6,15,0.06328333333333333,62.68057575757575
2022-01-21,Comm,0.19382000000000002,0.8,14,0.25361151515151514,59.691
2022-01-24,Comm,0.13162333333333334,1.0,22,0.19382000000000002,56.58116666666667
2022-01-25,Comm,-0.002763333333333333,0.8,19,0.13162333333333334,49.86183333333333
2022-01-26,Comm,0.28685617647058825,1.0,26,-0.002763333333333333,64.34280882352941
2022-01-27,Comm,0.09587511904761906,0.8,22,0.28685617647058825,54.79375595238095
2022-01-28,Comm,-0.14285199999999998,1.0,19,0.09587511904761906,42.8574
2022-01-31,Comm,0.093698,1.0,25,-0.14285199999999998,54.684900000000006
2022-02-01,Comm,0.03691142857142857,1.0,31,0.093698,51.845571428571425
2022-02-02,Comm,0.13944238095238096,1.0,17,0.03691142857142857,56.97211904761905
2022-02-03,Comm,0.20904238095238098,1.0,24,0.13944238095238096,60.45211904761905
2022-02-04,Comm,0.037856,1.0,13,0.20904238095238098,51.89280000000001
2022-02-07,Comm,0.18579466666666666,1.0,23,0.037856,59.28973333333334
2022-02-08,Comm,0.084515,1.0,14,0.18579466666666666,54.225750000000005
2022-02-09,Comm,0.256076,1.0,10,0.084515,62.803799999999995
2022-02-10,Comm,0.3528133333333333,0.8,9,0.256076,67.64066666666666
2022-02-11,Comm,0.014603333333333334,1.0,12,0.3528133333333333,50.73016666666666
2022-02-14,Comm,0.18856933333333334,1.0,14,0.014603333333333334,59.428466666666665
2022-02-15,Comm,0.18204000000000004,0.8,10,0.18856933333333334,59.102
2022-02-16,Comm,0.06069,0.6,4,0.18204000000000004,53.034499999999994
2022-02-17,Comm,0.17063285714285714,1.0,13,0.06069,58.53164285714285
2022-02-18,Comm,0.0,0.6,4,0.17063285714285714,50.0
2022-02-22,Comm,-0.06219857142857142,0.6,12,0.0,46.89007142857143
2022-02-23,Comm,-0.13194,0.8,4,-0.06219857142857142,43.403000000000006
2022-02-24,Comm,0.024010000000000007,0.6,5,-0.13194,51.200500000000005
2022-02-25,Comm,0.08038,0.8,7,0.024010000000000007,54.01899999999999
2022-02-28,Comm,0.1937188888888889,0.8,16,0.08038,59.68594444444445
2022-03-01,Comm,0.043699999999999996,0.8,5,0.1937188888888889,52.185
2022-03-02,Comm,0.087284,0.4,6,0.043699999999999996,54.3642
2022-03-03,Comm,-0.03931799999999999,1.0,11,0.087284,48.0341
2022-03-04,Comm,0.02787,0.8,11,-0.03931799999999999,51.3935
2022-03-07,Comm,0.055763333333333345,0.8,13,0.02787,52.78816666666667
2022-03-08,Comm,0.046473333333333325,0.6,5,0.055763333333333345,52.32366666666667
2022-03-09,Comm,0.10213000000000001,1.0,13,0.046473333333333325,55.106500000000004
2022-03-10,Comm,0.07840666666666667,0.8,9,0.10213000000000001,53.92033333333334
2022-03-11,Comm,0.038795,0.6,11,0.07840666666666667,51.93975
2022-03-14,Comm,0.10785928571428571,0.6,13,0.038795,55.392964285714285
2022-03-15,Comm,0.151826,0.8,9,0.10785928571428571,57.591300000000004
2022-03-16,Comm,0.02732,0.4,3,0.151826,51.366
2022-03-17,Comm,-0.09547333333333333,0.8,6,0.02732,45.226333333333336
2022-03-18,Comm,0.28582,1.0,7,-0.09547333333333333,64.291
2022-03-21,Comm,0.09507800000000001,0.8,9,0.28582,54.7539
2022-03-22,Comm,-0.11776,0.6,9,0.09507800000000001,44.112
2022-03-23,Comm,0.090015,0.8,8,-0.11776,54.50075
2022-03-24,Comm,0.10521500000000002,0.8,9,0.090015,55.26075
2022-03-25,Comm,-0.0843,0.2,1,0.10521500000000002,45.785
2022-03-28,Comm,0.10390133333333333,0.8,14,-0.0843,55.19506666666667
2022-03-29,Comm,0.05295333333333333,0.8,11,0.10390133333333333,52.64766666666667
2022-03-30,Comm,0.06124,0.6,5,0.05295333333333333,53.062
2022-03-31,Comm,0.14542,0.8,10,0.06124,57.27100000000001
2022-04-01,Comm,0.030560000000000004,0.6,5,0.14542,51.528
2022-04-04,Comm,0.147815,0.8,16,0.030560000000000004,57.390750000000004
2022-04-05,Comm,-0.069578,1.0,12,0.147815,46.5211
2022-04-06,Comm,0.008533333333333334,0.4,4,-0.069578,50.42666666666666
2022-04-07,Comm,0.002338333333333331,0.8,12,0.008533333333333334,50.11691666666667
2022-04-08,Comm,0.03356,0.4,9,0.002338333333333331,51.678000000000004
2022-04-11,Comm,0.048661764705882356,0.6,20,0.03356,52.43308823529412
2022-04-12,Comm,0.20886,0.6,9,0.048661764705882356,60.443000000000005
2022-04-13,Comm,0.18822166666666668,0.8,10,0.20886,59.41108333333334
2022-04-14,Comm,-0.058744,0.8,10,0.18822166666666668,47.062799999999996
2022-04-18,Comm,0.035902857142857146,1.0,17,-0.058744,51.795142857142864
2022-04-19,Comm,-0.03867466666666666,1.0,16,0.035902857142857146,48.06626666666667
2022-04-20,Comm,0.07302833333333333,0.6,12,-0.03867466666666666,53.65141666666666
2022-04-21,Comm,0.15636494736842105,0.8,27,0.07302833333333333,57.81824736842105
2022-04-22,Comm,0.04176857142857143,0.8,12,0.15636494736842105,52.088428571428565
2022-04-25,Comm,0.06806599999999999,0.6,17,0.04176857142857143,53.4033
2022-04-26,Comm,0.2819006666666667,0.8,13,0.06806599999999999,64.09503333333333
2022-04-27,Comm,0.07301071428571429,0.8,18,0.2819006666666667,53.650535714285716
2022-04-28,Comm,0.02522,1.0,14,0.07301071428571429,51.261
2022-04-29,Comm,0.074061,0.8,12,0.02522,53.70305
2022-05-02,Comm,0.121806,1.0,12,0.074061,56.090300000000006
2022-05-03,Comm,-0.015349999999999997,0.6,7,0.121806,49.2325
2022-05-04,Comm,-0.01088,0.8,5,-0.015349999999999997,49.456
2022-05-05,Comm,-0.027333333333333328,0.8,9,-0.01088,48.63333333333333
2022-05-06,Comm,0.2111406666666667,1.0,14,-0.027333333333333328,60.55703333333333
2022-05-09,Comm,-0.024980000000000002,1.0,14,0.2111406666666667,48.751
2022-05-10,Comm,0.04537285714285714,0.8,11,-0.024980000000000002,52.26864285714286
2022-05-11,Comm,0.043106000000000005,0.6,14,0.04537285714285714,52.155300000000004
2022-05-12,Comm,0.012635999999999998,0.8,11,0.043106000000000005,50.631800000000005
2022-05-13,Comm,0.07741,0.6,7,0.012635999999999998,53.8705
2022-05-16,Comm,0.04784000000000001,0.6,10,0.07741,52.392
2022-05-17,Comm,0.009181333333333333,1.0,22,0.04784000000000001,50.459066666666665
2022-05-18,Comm,-0.021075,1.0,11,0.009181333333333333,48.94625
2022-05-19,Comm,0.04399000000000001,0.6,10,-0.021075,52.1995
2022-05-20,Comm,0.16309,1.0,7,0.04399000000000001,58.1545
2022-05-23,Comm,-0.006215999999999999,0.8,9,0.16309,49.6892
2022-05-24,Comm,0.09552799999999999,1.0,11,-0.006215999999999999,54.7764
2022-05-25,Comm,0.20104285714285713,1.0,11,0.09552799999999999,60.052142857142854
2022-05-26,Comm,0.21776,1.0,11,0.20104285714285713,60.888
2022-05-27,Comm,0.07342333333333333,0.8,9,0.21776,53.67116666666667
2022-05-31,Comm,0.11564933333333334,0.6,10,0.07342333333333333,55.782466666666664
2022-06-01,Comm,0.08048,0.4,5,0.11564933333333334,54.02400000000001
2022-06-02,Comm,-0.07633000000000001,1.0,8,0.08048,46.1835
2022-06-03,Comm,0.04448866666666667,0.8,13,-0.07633000000000001,52.22443333333333
2022-06-06,Comm,-0.012226666666666669,1.0,8,0.04448866666666667,49.388666666666666
2022-06-07,Comm,0.032595,0.4,6,-0.012226666666666669,51.629749999999994
2022-06-08,Comm,0.191892,0.6,9,0.032595,59.5946
2022-06-09,Comm,0.08032133333333333,1.0,14,0.191892,54.01606666666666
2022-06-10,Comm,-0.031369999999999995,1.0,10,0.08032133333333333,48.4315
2022-06-13,Comm,0.09076999999999999,1.0,10,-0.031369999999999995,54.5385
2022-06-14,Comm,0.2152675,0.8,11,0.09076999999999999,60.763374999999996
2022-06-15,Comm,0.04044000000000001,1.0,10,0.2152675,52.022
2022-06-16,Comm,0.022036666666666666,1.0,13,0.04044000000000001,51.10183333333333
2022-06-17,Comm,0.136946,0.8,9,0.022036666666666666,56.847300000000004
2022-06-21,Comm,0.09559428571428571,0.8,12,0.136946,54.779714285714284
2022-06-22,Comm,0.08254500000000001,0.6,8,0.09559428571428571,54.127250000000004
2022-06-23,Comm,0.008013333333333332,0.6,9,0.08254500000000001,50.40066666666667
2022-06-24,Comm,-0.014863999999999999,0.4,6,0.008013333333333332,49.2568
2022-06-27,Comm,0.09763000000000001,0.8,11,-0.014863999999999999,54.8815
2022-06-28,Comm,0.11567000000000001,0.8,5,0.09763000000000001,55.7835
2022-06-29,Comm,0.005244999999999999,0.4,7,0.11567000000000001,50.262249999999995
2022-06-30,Comm,0.1959216666666667,1.0,14,0.005244999999999999,59.796083333333335
2022-07-01,Comm,0.31268,0.8,8,0.1959216666666667,65.634
2022-07-05,Comm,0.11972333333333333,0.8,17,0.31268,55.98616666666667
2022-07-06,Comm,-0.10833833333333334,0.6,8,0.11972333333333333,44.583083333333335
2022-07-07,Comm,0.0,0.2,1,-0.10833833333333334,50.0
2022-07-08,Comm,0.029563333333333337,0.4,8,0.0,51.47816666666667
2022-07-11,Comm,0.18240933333333334,1.0,19,0.029563333333333337,59.12046666666667
2022-07-12,Comm,0.16039333333333333,1.0,9,0.18240933333333334,58.019666666666666
2022-07-13,Comm,-0.05716000000000001,0.8,7,0.16039333333333333,47.142
2022-07-14,Comm,0.04177000000000001,0.6,8,-0.05716000000000001,52.0885
2022-07-15,Comm,-0.07432,0.6,4,0.04177000000000001,46.284000000000006
2022-07-18,Comm,0.038951071428571425,0.8,18,-0.07432,51.94755357142857
2022-07-19,Comm,0.20059,0.8,8,0.038951071428571425,60.0295
2022-07-20,Comm,-0.018233333333333334,0.8,10,0.20059,49.08833333333333
2022-07-21,Comm,0.09383133333333334,1.0,33,-0.018233333333333334,54.69156666666667
2022-07-22,Comm,0.08428266666666666,0.8,19,0.09383133333333334,54.214133333333336
2022-07-25,Comm,-0.022425,1.0,18,0.08428266666666666,48.87875
2022-07-26,Comm,0.0,0.4,4,-0.022425,50.0
2022-07-27,Comm,0.06653666666666666,1.0,29,0.0,53.32683333333333
2022-07-28,Comm,0.03170333333333333,0.6,15,0.06653666666666666,51.58516666666667
2022-07-29,Comm,0.04576,0.8,5,0.03170333333333333,52.288000000000004
2022-08-01,Comm,0.044908333333333335,0.8,22,0.04576,52.245416666666664
2022-08-02,Comm,0.0475925,0.8,14,0.044908333333333335,52.379625
2022-08-03,Comm,0.015399999999999997,1.0,12,0.0475925,50.77
2022-08-04,Comm,0.05115333333333333,0.8,11,0.015399999999999997,52.55766666666667
2022-08-05,Comm,0.16040333333333331,0.8,7,0.05115333333333333,58.02016666666666
2022-08-08,Comm,-0.1625,1.0,16,0.16040333333333331,41.875
2022-08-09,Comm,0.02015000000000001,0.8,6,-0.1625,51.00750000000001
2022-08-10,Comm,0.170978,1.0,13,0.02015000000000001,58.5489
2022-08-11,Comm,0.03246166666666668,1.0,18,0.170978,51.623083333333334
2022-08-12,Comm,0.0695,0.6,6,0.03246166666666668,53.47500000000001
2022-08-15,Comm,0.08424833333333334,1.0,18,0.0695,54.21241666666666
2022-08-16,Comm,0.07264833333333334,0.6,9,0.08424833333333334,53.63241666666667
2022-08-17,Comm,-0.04899333333333333,0.8,6,0.07264833333333334,47.550333333333334
2022-08-18,Comm,0.004529999999999999,0.8,8,-0.04899333333333333,50.226499999999994
2022-08-19,Comm,-0.188835,0.8,7,0.004529999999999999,40.55825
2022-08-22,Comm,0.21372,1.0,11,-0.188835,60.68599999999999
2022-08-23,Comm,0.12571333333333334,0.8,8,0.21372,56.285666666666664
2022-08-24,Comm,0.13018666666666664,1.0,15,0.12571333333333334,56.50933333333333
2022-08-25,Comm,0.02849833333333333,0.6,9,0.13018666666666664,51.42491666666666
2022-08-26,Comm,-0.10375083333333335,1.0,22,0.02849833333333333,44.81245833333333
2022-08-29,Comm,0.15789499999999998,1.0,16,-0.10375083333333335,57.894749999999995
2022-08-30,Comm,-0.10533999999999999,0.4,2,0.15789499999999998,44.733000000000004
2022-08-31,Comm,0.15776333333333334,1.0,17,-0.10533999999999999,57.88816666666666
2022-09-01,Comm,0.03812666666666666,0.8,6,0.15776333333333334,51.90633333333333
2022-09-02,Comm,0.06369,0.4,3,0.03812666666666666,53.1845
2022-09-06,Comm,0.13329,0.8,9,0.06369,56.6645
2022-09-07,Comm,0.07006952380952383,0.8,13,0.13329,53.50347619047619
2022-09-08,Comm,0.22610076190476192,1.0,19,0.07006952380952383,61.305038095238096
2022-09-09,Comm,-0.028329999999999987,1.0,10,0.22610076190476192,48.5835
2022-09-12,Comm,0.047181904761904765,0.8,17,-0.028329999999999987,52.35909523809524
2022-09-13,Comm,-0.0025906666666666634,0.8,11,0.047181904761904765,49.870466666666665
2022-09-14,Comm,0.07474,0.8,11,-0.0025906666666666634,53.737
2022-09-15,Comm,0.1273216666666667,1.0,14,0.07474,56.366083333333336
2022-09-16,Comm,0.10519166666666666,0.6,9,0.1273216666666667,55.25958333333333
2022-09-19,Comm,0.03698963636363636,0.8,20,0.10519166666666666,51.84948181818182
2022-09-20,Comm,0.07379500000000001,0.8,7,0.03698963636363636,53.689750000000004
2022-09-21,Comm,0.14043199999999997,1.0,13,0.07379500000000001,57.02159999999999
2022-09-22,Comm,0.05356000000000001,1.0,9,0.14043199999999997,52.678000000000004
2022-09-23,Comm,0.133952,0.8,13,0.05356000000000001,56.6976
2022-09-26,Comm,0.10272333333333335,1.0,14,0.133952,55.13616666666666
2022-09-27,Comm,0.165855,0.8,13,0.10272333333333335,58.292750000000005
2022-09-28,Comm,0.100956,0.8,15,0.165855,55.0478
2022-09-29,Comm,0.05316333333333334,0.8,11,0.100956,52.65816666666667
2022-09-30,Comm,0.015295,0.6,6,0.05316333333333334,50.76475000000001
2022-10-03,Comm,0.24489099999999997,1.0,13,0.015295,62.24455
2022-10-04,Comm,0.11383999999999998,1.0,6,0.24489099999999997,55.692
2022-10-05,Comm,0.18780000000000002,0.6,5,0.11383999999999998,59.39
2022-10-06,Comm,0.079815,0.8,11,0.18780000000000002,53.99075
2022-10-07,Comm,0.09542666666666667,0.6,7,0.079815,54.77133333333334
2022-10-10,Comm,0.0,0.8,5,0.09542666666666667,50.0
2022-10-11,Comm,0.04307066666666667,0.6,10,0.0,52.153533333333336
2022-10-12,Comm,0.13851,1.0,8,0.04307066666666667,56.92549999999999
2022-10-13,Comm,-0.115725,0.8,8,0.13851,44.213750000000005
2022-10-14,Comm,0.0,0.4,4,-0.115725,50.0
2022-10-17,Comm,0.201096,0.8,10,0.0,60.0548
2022-10-18,Comm,0.1565,1.0,15,0.201096,57.825
2022-10-19,Comm,-0.057853333333333326,0.8,13,0.1565,47.10733333333334
2022-10-20,Comm,-0.0026533333333333352,0.6,24,-0.057853333333333326,49.867333333333335
2022-10-21,Comm,0.11342444444444447,0.8,13,-0.0026533333333333352,55.67122222222223
2022-10-24,Comm,0.13608499999999998,0.8,14,0.11342444444444447,56.80425
2022-10-25,Comm,0.07677111111111111,1.0,19,0.13608499999999998,53.83855555555556
2022-10-26,Comm,0.01018,0.4,6,0.07677111111111111,50.509
2022-10-27,Comm,0.21100933333333333,0.8,20,0.01018,60.55046666666667
2022-10-28,Comm,0.10163714285714287,0.8,11,0.21100933333333333,55.08185714285714
2022-10-31,Comm,0.21728399999999998,0.8,8,0.10163714285714287,60.864200000000004
2022-11-01,Comm,0.1128775,0.8,13,0.21728399999999998,55.643875
2022-11-02,Comm,0.02171,0.8,7,0.1128775,51.085499999999996
2022-11-03,Comm,0.07632000000000001,1.0,14,0.02171,53.815999999999995
2022-11-04,Comm,0.014044999999999997,0.8,8,0.07632000000000001,50.70225000000001
2022-11-07,Comm,-0.11038666666666666,1.0,17,0.014044999999999997,44.48066666666667
2022-11-08,Comm,0.06702000000000001,0.8,17,-0.11038666666666666,53.351000000000006
2022-11-09,Comm,0.012439999999999998,0.6,6,0.06702000000000001,50.622
2022-11-10,Comm,0.04046,1.0,6,0.012439999999999998,52.022999999999996
2022-11-11,Comm,0.0,1.0,7,0.04046,50.0
2022-11-14,Comm,0.352572619047619,1.0,17,0.0,67.62863095238096
2022-11-15,Comm,-0.06178,0.8,7,0.352572619047619,46.911
2022-11-16,Comm,0.14805333333333334,0.6,5,-0.06178,57.40266666666667
2022-11-17,Comm,-0.010206666666666668,0.8,7,0.14805333333333334,49.489666666666665
2022-11-18,Comm,0.0,0.2,2,-0.010206666666666668,50.0
2022-11-21,Comm,0.20773000000000003,0.8,7,0.0,60.3865
2022-11-22,Comm,0.07719333333333332,0.2,3,0.20773000000000003,53.85966666666666
2022-11-23,Comm,0.00258,0.4,4,0.07719333333333332,50.129000000000005
2022-11-25,Comm,0.269245,0.6,6,0.00258,63.46225
2022-11-28,Comm,0.14483333333333331,0.4,4,0.269245,57.24166666666667
2022-11-29,Comm,0.1632333333333333,0.6,7,0.14483333333333331,58.16166666666667
2022-11-30,Comm,0.04576,0.6,4,0.1632333333333333,52.288000000000004
2022-12-01,Comm,0.10304666666666666,1.0,7,0.04576,55.15233333333334
2022-12-02,Comm,0.25708000000000003,1.0,10,0.10304666666666666,62.854
2022-12-05,Comm,0.07413828571428571,0.8,15,0.25708000000000003,53.70691428571428
2022-12-06,Comm,0.119556,0.8,10,0.07413828571428571,55.9778
2022-12-07,Comm,0.03554,0.8,7,0.119556,51.776999999999994
2022-12-08,Comm,0.062380000000000005,0.6,11,0.03554,53.11900000000001
2022-12-09,Comm,-0.15739999999999998,1.0,9,0.062380000000000005,42.13
2022-12-12,Comm,0.03916,0.6,6,-0.15739999999999998,51.958000000000006
2022-12-13,Comm,-0.126008,0.6,7,0.03916,43.6996
2022-12-14,Comm,0.032503333333333335,0.6,8,-0.126008,51.625166666666665
2022-12-15,Comm,0.063461,1.0,12,0.032503333333333335,53.173049999999996
2022-12-16,Comm,-0.136945,1.0,11,0.063461,43.15275
2022-12-19,Comm,0.146765,0.8,11,-0.136945,57.33825
2022-12-20,Comm,0.17811000000000002,0.6,4,0.146765,58.905499999999996
2022-12-21,Comm,-0.04151,0.6,8,0.17811000000000002,47.924499999999995
2022-12-22,Comm,0.01531999999999999,0.6,9,-0.04151,50.766
2022-12-23,Comm,0.1233,0.4,4,0.01531999999999999,56.165
2022-12-27,Comm,0.16654,0.6,11,0.1233,58.327
2022-12-28,Comm,0.077467,0.6,10,0.16654,53.873349999999995
2022-12-29,Comm,-0.004530000000000001,0.6,4,0.077467,49.7735
2022-12-30,Comm,0.0024319999999999954,0.6,8,-0.004530000000000001,50.1216
2023-01-03,Comm,0.003713714285714284,0.6,16,0.0024319999999999954,50.18568571428571
2023-01-04,Comm,0.028546666666666675,0.6,6,0.003713714285714284,51.42733333333334
2023-01-05,Comm,0.083588,0.6,8,0.028546666666666675,54.1794
2023-01-06,Comm,0.24178666666666668,1.0,9,0.083588,62.08933333333333
2023-01-09,Comm,0.26423,0.8,9,0.24178666666666668,63.2115
2023-01-10,Comm,0.20980333333333334,0.6,7,0.26423,60.49016666666667
2023-01-11,Comm,0.13039666666666666,0.8,8,0.20980333333333334,56.51983333333334
2023-01-12,Comm,0.10675266666666668,0.8,14,0.13039666666666666,55.337633333333336
2023-01-13,Comm,0.08791,0.2,2,0.10675266666666668,54.3955
2023-01-17,Comm,0.20365666666666668,0.8,13,0.08791,60.18283333333333
2023-01-18,Comm,0.0,0.6,3,0.20365666666666668,50.0
2023-01-19,Comm,0.041280000000000004,0.6,11,0.0,52.064
2023-01-20,Comm,-0.04814666666666666,0.6,11,0.041280000000000004,47.592666666666666
2023-01-23,Comm,0.060814999999999994,0.6,10,-0.04814666666666666,53.04075
2023-01-24,Comm,0.038075000000000005,1.0,9,0.060814999999999994,51.90375
2023-01-25,Comm,0.0014257142857142858,1.0,27,0.038075000000000005,50.07128571428572
2023-01-26,Comm,0.22873560606060606,0.8,20,0.0014257142857142858,61.436780303030304
2023-01-27,Comm,0.09685466666666666,1.0,13,0.22873560606060606,54.842733333333335
2023-01-30,Comm,0.06238999999999999,0.6,7,0.09685466666666666,53.119499999999995
2023-01-31,Comm,-0.01744888888888889,1.0,16,0.06238999999999999,49.12755555555556
2023-02-01,Comm,0.021679999999999994,1.0,24,-0.01744888888888889,51.083999999999996
2023-02-02,Comm,0.1257093333333333,1.0,15,0.021679999999999994,56.285466666666665
2023-02-03,Comm,0.18137,1.0,6,0.1257093333333333,59.0685
2023-02-06,Comm,-0.020167499999999988,1.0,20,0.18137,48.991625
2023-02-07,Comm,0.027477,1.0,13,-0.020167499999999988,51.37385
2023-02-08,Comm,0.05899,0.8,5,0.027477,52.94950000000001
2023-02-09,Comm,0.01806,0.6,6,0.05899,50.903
2023-02-10,Comm,0.08830999999999999,0.8,5,0.01806,54.415499999999994
2023-02-13,Comm,0.031952,0.8,9,0.08830999999999999,51.5976
2023-02-14,Comm,0.0,0.6,4,0.031952,50.0
2023-02-15,Comm,0.18669666666666665,1.0,9,0.0,59.334833333333336
2023-02-16,Comm,0.02366,1.0,7,0.18669666666666665,51.183
2023-02-17,Comm,0.26779,0.6,4,0.02366,63.3895
2023-02-21,Comm,0.1004447619047619,1.0,20,0.26779,55.022238095238095
2023-02-22,Comm,0.11090333333333333,0.6,9,0.1004447619047619,55.54516666666667
2023-02-23,Comm,0.12297,1.0,9,0.11090333333333333,56.1485
2023-02-24,Comm,0.023400000000000004,0.6,7,0.12297,51.17
2023-02-27,Comm,0.08055333333333334,0.6,9,0.023400000000000004,54.02766666666666
2023-02-28,Comm,0.09842999999999999,0.8,6,0.08055333333333334,54.9215
2023-03-01,Comm,-0.033397500000000004,1.0,14,0.09842999999999999,48.330125
2023-03-02,Comm,0.23134666666666667,1.0,13,-0.033397500000000004,61.56733333333333
2023-03-03,Comm,-0.07432,0.4,2,0.23134666666666667,46.284000000000006
2023-03-06,Comm,0.02023,1.0,7,-0.07432,51.0115
2023-03-07,Comm,0.15453999999999998,0.8,5,0.02023,57.727
2023-03-08,Comm,-0.031630000000000005,0.4,3,0.15453999999999998,48.418499999999995
2023-03-09,Comm,-0.02417333333333333,0.8,8,-0.031630000000000005,48.791333333333334
2023-03-10,Comm,0.025708,0.6,8,-0.02417333333333333,51.2854
2023-03-13,Comm,0.06463933333333334,0.6,10,0.025708,53.231966666666665
2023-03-14,Comm,0.0,0.2,3,0.06463933333333334,50.0
2023-03-15,Comm,0.13586,0.6,9,0.0,56.793000000000006
2023-03-16,Comm,0.08991828571428573,0.8,14,0.13586,54.495914285714285
2023-03-17,Comm,0.04046,0.4,4,0.08991828571428573,52.022999999999996
2023-03-20,Comm,0.183634,1.0,11,0.04046,59.181700000000006
2023-03-21,Comm,0.084422,1.0,13,0.183634,54.2211
2023-03-22,Comm,0.14209666666666668,0.6,6,0.084422,57.10483333333334
2023-03-23,Comm,0.18723,0.8,9,0.14209666666666668,59.3615
2023-03-24,Comm,0.12738,0.4,2,0.18723,56.369
2023-03-27,Comm,0.1007742857142857,0.6,13,0.12738,55.038714285714285
2023-03-28,Comm,0.1739433333333333,0.8,7,0.1007742857142857,58.69716666666667
2023-03-29,Comm,0.08532666666666668,0.8,7,0.1739433333333333,54.266333333333336
2023-03-30,Comm,0.16473333333333334,0.8,6,0.08532666666666668,58.23666666666667
2023-03-31,Comm,0.19658533333333333,0.6,9,0.16473333333333334,59.82926666666667
2023-04-03,Comm,0.13331285714285715,0.8,18,0.19658533333333333,56.66564285714286
2023-04-04,Comm,0.059763,1.0,12,0.13331285714285715,52.98815
2023-04-05,Comm,0.03529,0.4,8,0.059763,51.764500000000005
2023-04-06,Comm,0.08838,1.0,12,0.03529,54.419
2023-04-10,Comm,0.03769666666666667,1.0,10,0.08838,51.88483333333333
2023-04-11,Comm,0.04052,0.8,9,0.03769666666666667,52.025999999999996
2023-04-12,Comm,0.14808,1.0,13,0.04052,57.403999999999996
2023-04-13,Comm,0.0014371428571428578,1.0,13,0.14808,50.07185714285715
2023-04-14,Comm,0.011933333333333334,0.4,7,0.0014371428571428578,50.596666666666664
2023-04-17,Comm,0.014846666666666666,1.0,15,0.011933333333333334,50.742333333333335
2023-04-18,Comm,0.028428095238095245,0.8,13,0.014846666666666666,51.42140476190477
2023-04-19,Comm,0.08130066666666666,0.6,12,0.028428095238095245,54.06503333333333
2023-04-20,Comm,0.007522820512820512,0.6,32,0.08130066666666666,50.37614102564103
2023-04-21,Comm,0.21154227272727272,1.0,20,0.007522820512820512,60.577113636363634
2023-04-24,Comm,-0.021888874458874462,0.8,27,0.21154227272727272,48.90555627705628
2023-04-25,Comm,-0.015953333333333333,0.8,11,-0.021888874458874462,49.20233333333333
2023-04-26,Comm,0.04264444444444444,1.0,19,-0.015953333333333333,52.132222222222225
2023-04-27,Comm,0.06157809523809523,1.0,34,0.04264444444444444,53.07890476190477
2023-04-28,Comm,-0.01347111111111111,0.6,18,0.06157809523809523,49.32644444444445
2023-05-01,Comm,-0.0007225000000000009,1.0,17,-0.01347111111111111,49.963875
2023-05-02,Comm,0.05378166666666667,1.0,18,-0.0007225000000000009,52.68908333333333
2023-05-03,Comm,0.05895666666666668,0.8,7,0.05378166666666667,52.947833333333335
2023-05-04,Comm,-0.014489999999999998,1.0,9,0.05895666666666668,49.2755
2023-05-05,Comm,0.24741999999999997,0.6,4,-0.014489999999999998,62.370999999999995
2023-05-08,Comm,0.06748666666666667,1.0,15,0.24741999999999997,53.37433333333333
2023-05-09,Comm,-0.004120000000000001,1.0,14,0.06748666666666667,49.794
2023-05-10,Comm,0.10685333333333333,1.0,18,-0.004120000000000001,55.34266666666666
2023-05-11,Comm,0.2863142857142857,1.0,14,0.10685333333333333,64.3157142857143
2023-05-12,Comm,0.142905,0.8,8,0.2863142857142857,57.145250000000004
2023-05-15,Comm,0.02125566666666667,1.0,17,0.142905,51.06278333333333
2023-05-16,Comm,0.06216666666666667,0.8,17,0.02125566666666667,53.108333333333334
2023-05-17,Comm,0.006846666666666666,0.8,15,0.06216666666666667,50.342333333333336
2023-05-18,Comm,0.029830000000000002,1.0,30,0.006846666666666666,51.4915
2023-05-19,Comm,0.25138666666666665,1.0,12,0.029830000000000002,62.56933333333333
2023-05-22,Comm,-0.021947999999999995,0.8,19,0.25138666666666665,48.9026
2023-05-23,Comm,0.032455,0.8,9,-0.021947999999999995,51.622749999999996
2023-05-24,Comm,0.06454666666666667,0.8,7,0.032455,53.227333333333334
2023-05-25,Comm,0.051871999999999995,0.2,5,0.06454666666666667,52.593599999999995
2023-05-26,Comm,0.2987266666666667,1.0,10,0.051871999999999995,64.93633333333332
2023-05-30,Comm,0.00357666666666667,0.8,10,0.2987266666666667,50.17883333333333
2023-05-31,Comm,0.09653999999999999,0.8,9,0.00357666666666667,54.827000000000005
2023-06-01,Comm,0.10456666666666667,0.8,10,0.09653999999999999,55.22833333333333
2023-06-02,Comm,-0.01211884615384615,0.8,28,0.10456666666666667,49.39405769230769
2023-06-05,Comm,0.08271066666666667,0.8,15,-0.01211884615384615,54.13553333333333
2023-06-06,Comm,0.053329,0.4,9,0.08271066666666667,52.66645
2023-06-07,Comm,0.20610266666666668,0.8,11,0.053329,60.30513333333334
2023-06-08,Comm,-0.046338333333333336,0.6,9,0.20610266666666668,47.68308333333333
2023-06-09,Comm,0.19675666666666666,0.8,12,-0.046338333333333336,59.837833333333336
2023-06-12,Comm,0.013486666666666666,0.6,9,0.19675666666666666,50.67433333333333
2023-06-13,Comm,0.09894833333333333,0.8,12,0.013486666666666666,54.94741666666667
2023-06-14,Comm,0.15863,0.6,8,0.09894833333333333,57.9315
2023-06-15,Comm,0.054407000000000004,0.6,10,0.15863,52.72035
2023-06-16,Comm,0.13058666666666666,1.0,15,0.054407000000000004,56.529333333333334
2023-06-20,Comm,0.10486200000000001,1.0,21,0.13058666666666666,55.2431
2023-06-21,Comm,0.11794,0.6,5,0.10486200000000001,55.897
2023-06-22,Comm,0.32592,1.0,8,0.11794,66.29599999999999
2023-06-23,Comm,0.031689999999999996,0.4,5,0.32592,51.5845
2023-06-26,Comm,0.12835722222222223,1.0,23,0.031689999999999996,56.41786111111111
2023-06-27,Comm,0.176568,1.0,10,0.12835722222222223,58.8284
2023-06-28,Comm,0.02695,0.8,11,0.176568,51.347500000000004
2023-06-29,Comm,0.040413333333333336,0.8,12,0.02695,52.02066666666667
2023-06-30,Comm,-0.033986666666666665,0.6,7,0.040413333333333336,48.30066666666667
2023-07-03,Comm,0.087752,0.6,14,-0.033986666666666665,54.387600000000006
2023-07-05,Comm,0.21941833333333333,0.8,13,0.087752,60.97091666666666
2023-07-06,Comm,0.12168000000000001,1.0,12,0.21941833333333333,56.084
2023-07-07,Comm,0.11603266666666667,0.8,11,0.12168000000000001,55.801633333333335
2023-07-10,Comm,0.03793,0.8,10,0.11603266666666667,51.8965
2023-07-11,Comm,0.115675,1.0,12,0.03793,55.78375
2023-07-12,Comm,0.10722533333333333,1.0,24,0.115675,55.361266666666666
2023-07-13,Comm,0.065615,0.6,14,0.10722533333333333,53.28075
2023-07-14,Comm,0.07744901960784314,0.8,22,0.065615,53.87245098039216
2023-07-17,Comm,-0.0886042735042735,1.0,39,0.07744901960784314,45.56978632478633
2023-07-18,Comm,0.0687321212121212,1.0,24,-0.0886042735042735,53.43660606060606
2023-07-19,Comm,0.14235529411764705,0.8,25,0.0687321212121212,57.11776470588236
2023-07-20,Comm,-0.002319999999999997,1.0,21,0.14235529411764705,49.884
2023-07-21,Comm,0.07885066666666665,0.8,17,-0.002319999999999997,53.94253333333333
2023-07-24,Comm,0.049916666666666665,1.0,29,0.07885066666666665,52.49583333333333
2023-07-25,Comm,-0.06716766666666668,1.0,18,0.049916666666666665,46.641616666666664
2023-07-26,Comm,0.202827,1.0,31,-0.06716766666666668,60.14135
2023-07-27,Comm,0.032108333333333336,1.0,36,0.202827,51.60541666666667
2023-07-28,Comm,0.14626666666666668,0.8,14,0.032108333333333336,57.31333333333334
2023-07-31,Comm,0.11713895454545456,0.8,27,0.14626666666666668,55.85694772727273
2023-08-01,Comm,0.30484485714285714,1.0,21,0.11713895454545456,65.24224285714286
2023-08-02,Comm,0.10379333333333333,1.0,20,0.30484485714285714,55.18966666666667
2023-08-03,Comm,0.05863476190476191,1.0,17,0.10379333333333333,52.9317380952381
2023-08-04,Comm,0.016595,1.0,13,0.05863476190476191,50.82975
2023-08-07,Comm,0.08163000000000001,1.0,14,0.016595,54.081500000000005
2023-08-08,Comm,0.11751166666666665,0.6,11,0.08163000000000001,55.87558333333333
2023-08-09,Comm,-0.02935933333333333,0.8,16,0.11751166666666665,48.53203333333334
2023-08-10,Comm,-0.018349999999999998,0.8,9,-0.02935933333333333,49.0825
2023-08-11,Comm,0.13322666666666666,0.8,11,-0.018349999999999998,56.66133333333333
2023-08-14,Comm,0.07223166666666667,0.8,10,0.13322666666666666,53.611583333333336
2023-08-15,Comm,0.045816666666666665,0.8,12,0.07223166666666667,52.29083333333333
2023-08-16,Comm,0.14273,1.0,9,0.045816666666666665,57.1365
2023-08-17,Comm,0.06904,1.0,11,0.14273,53.452
2023-08-18,Comm,0.13355,0.8,10,0.06904,56.6775
2023-08-21,Comm,0.028348571428571428,1.0,18,0.13355,51.41742857142857
2023-08-22,Comm,-0.005667999999999995,0.8,9,0.028348571428571428,49.7166
2023-08-23,Comm,0.07746944444444445,0.6,19,-0.005667999999999995,53.87347222222222
2023-08-24,Comm,0.08096133333333333,0.6,15,0.07746944444444445,54.048066666666664
2023-08-25,Comm,-0.026886666666666663,0.8,12,0.08096133333333333,48.65566666666667
2023-08-28,Comm,0.072714,0.6,12,-0.026886666666666663,53.6357
2023-08-29,Comm,0.11246249999999999,0.6,19,0.072714,55.623124999999995
2023-08-30,Comm,0.06314733333333333,0.6,10,0.11246249999999999,53.15736666666666
2023-08-31,Comm,0.11901666666666669,1.0,18,0.06314733333333333,55.950833333333335
2023-09-01,Comm,0.01918,0.8,9,0.11901666666666669,50.958999999999996
2023-09-05,Comm,0.40598999999999996,1.0,11,0.01918,70.29950000000001
2023-09-06,Comm,0.14157333333333333,1.0,12,0.40598999999999996,57.07866666666666
2023-09-07,Comm,0.07390133333333333,0.8,13,0.14157333333333333,53.69506666666667
2023-09-08,Comm,0.14083466666666666,1.0,13,0.07390133333333333,57.04173333333333
2023-09-11,Comm,0.00689833333333334,0.8,13,0.14083466666666666,50.34491666666667
2023-09-12,Comm,0.037546666666666666,0.8,12,0.00689833333333334,51.87733333333333
2023-09-13,Comm,0.020765,0.8,12,0.037546666666666666,51.03825
2023-09-14,Comm,0.10732,0.6,11,0.020765,55.36600000000001
2023-09-15,Comm,-0.01023833333333333,0.4,7,0.10732,49.488083333333336
2023-09-18,Comm,0.09223333333333333,0.8,13,-0.01023833333333333,54.61166666666667
2023-09-19,Comm,0.04388,0.4,5,0.09223333333333333,52.193999999999996
2023-09-20,Comm,0.11850999999999998,0.6,4,0.04388,55.92549999999999
2023-09-21,Comm,0.039676666666666666,1.0,12,0.11850999999999998,51.98383333333333
2023-09-22,Comm,0.017471999999999998,0.8,11,0.039676666666666666,50.873599999999996
2023-09-25,Comm,-0.023808000000000017,0.8,15,0.017471999999999998,48.809599999999996
2023-09-26,Comm,0.15773333333333334,1.0,13,-0.023808000000000017,57.88666666666666
2023-09-27,Comm,0.06364,0.6,4,0.15773333333333334,53.181999999999995
2023-09-28,Comm,0.08551914285714286,0.8,15,0.06364,54.275957142857145
2023-09-29,Comm,0.32593,0.8,10,0.08551914285714286,66.29650000000001
2023-10-02,Comm,0.264206,1.0,12,0.32593,63.2103
2023-10-03,Comm,0.022510000000000006,0.6,4,0.264206,51.1255
2023-10-04,Comm,0.09195285714285714,0.6,11,0.022510000000000006,54.59764285714286
2023-10-05,Comm,0.018113333333333335,0.4,7,0.09195285714285714,50.90566666666667
2023-10-06,Comm,0.078045,0.6,14,0.018113333333333335,53.902249999999995
2023-10-09,Comm,0.16567333333333334,1.0,18,0.078045,58.28366666666667
2023-10-10,Comm,0.129766,0.8,9,0.16567333333333334,56.4883
2023-10-11,Comm,0.046494999999999995,0.4,5,0.129766,52.324749999999995
2023-10-12,Comm,0.08808333333333333,1.0,13,0.046494999999999995,54.40416666666666
2023-10-13,Comm,0.0125,0.8,11,0.08808333333333333,50.625
2023-10-16,Comm,0.016153333333333332,0.8,11,0.0125,50.80766666666666
2023-10-17,Comm,-0.0256,0.6,4,0.016153333333333332,48.72
2023-10-18,Comm,0.04229666666666666,0.6,13,-0.0256,52.11483333333333
2023-10-19,Comm,0.22495629629629627,0.8,32,0.04229666666666666,61.24781481481482
2023-10-20,Comm,0.07577939393939394,1.0,20,0.22495629629629627,53.7889696969697
2023-10-23,Comm,0.01683,0.8,17,0.07577939393939394,50.841499999999996
2023-10-24,Comm,0.06614809523809524,0.6,15,0.01683,53.30740476190476
2023-10-25,Comm,0.10521004761904762,1.0,27,0.06614809523809524,55.26050238095238
2023-10-26,Comm,0.14340042735042735,0.8,26,0.10521004761904762,57.170021367521365
2023-10-27,Comm,-0.08739066666666667,0.6,12,0.14340042735042735,45.63046666666667
2023-10-30,Comm,0.07349333333333333,1.0,13,-0.08739066666666667,53.67466666666667
2023-10-31,Comm,0.103248,1.0,11,0.07349333333333333,55.1624
2023-11-01,Comm,0.06275333333333334,1.0,14,0.103248,53.137666666666675
2023-11-02,Comm,0.04729833333333333,1.0,18,0.06275333333333334,52.36491666666667
2023-11-03,Comm,0.1055,0.6,9,0.04729833333333333,55.275
2023-11-06,Comm,0.053104,1.0,17,0.1055,52.6552
2023-11-07,Comm,0.14964,0.8,10,0.053104,57.482
2023-11-08,Comm,0.11595466666666668,1.0,21,0.14964,55.79773333333333
2023-11-09,Comm,0.2809704761904762,1.0,17,0.11595466666666668,64.04852380952381
2023-11-10,Comm,0.071004,0.6,8,0.2809704761904762,53.550200000000004
2023-11-13,Comm,0.1282,0.8,10,0.071004,56.410000000000004
2023-11-14,Comm,0.0,0.6,5,0.1282,50.0
2023-11-15,Comm,0.16599999999999998,0.8,6,0.0,58.3
2023-11-16,Comm,0.004453333333333335,0.6,6,0.16599999999999998,50.22266666666667
2023-11-17,Comm,0.0,0.4,3,0.004453333333333335,50.0
2023-11-20,Comm,0.046685000000000004,1.0,12,0.0,52.334250000000004
2023-11-21,Comm,0.04220999999999999,0.6,8,0.046685000000000004,52.1105
2023-11-22,Comm,-0.02448533333333332,0.8,11,0.04220999999999999,48.775733333333335
2023-11-24,Comm,0.07722666666666667,1.0,17,-0.02448533333333332,53.86133333333334
2023-11-27,Comm,0.00028333333333333823,0.8,13,0.07722666666666667,50.01416666666667
2023-11-28,Comm,0.07564599999999999,0.6,8,0.00028333333333333823,53.78229999999999
2023-11-29,Comm,0.03891333333333334,1.0,13,0.07564599999999999,51.94566666666667
2023-11-30,Comm,0.19063999999999998,0.8,13,0.03891333333333334,59.532
2023-12-01,Comm,0.064815,0.6,8,0.19063999999999998,53.240750000000006
2023-12-04,Comm,0.08354933333333334,0.8,23,0.064815,54.17746666666666
2023-12-05,Comm,0.08560487179487179,0.8,33,0.08354933333333334,54.28024358974359
2023-12-06,Comm,0.051855000000000005,1.0,16,0.08560487179487179,52.59275
2023-12-07,Comm,0.05658166666666666,1.0,12,0.051855000000000005,52.82908333333334
2023-12-08,Comm,0.06278999999999998,1.0,14,0.05658166666666666,53.1395
2023-12-11,Comm,0.08932571428571429,1.0,19,0.06278999999999998,54.46628571428571
2023-12-12,Comm,0.13960793650793651,0.6,20,0.08932571428571429,56.98039682539683
2023-12-13,Comm,0.17433800000000002,0.8,13,0.13960793650793651,58.7169
2023-12-14,Comm,0.19019333333333335,0.6,9,0.17433800000000002,59.509666666666675
2023-12-15,Comm,-0.010206666666666668,0.8,7,0.19019333333333335,49.489666666666665
2023-12-18,Comm,0.23851742857142857,1.0,22,-0.010206666666666668,61.92587142857143
2023-12-19,Comm,0.0,0.0,0,0.23851742857142857,50.0
2023-12-20,Comm,0.0,0.0,0,0.0,50.0
2023-12-21,Comm,0.0,0.0,0,0.0,50.0
2023-12-22,Comm,0.0,0.0,0,0.0,50.0
2023-12-26,Comm,0.0,0.0,0,0.0,50.0
2023-12-27,Comm,0.0,0.0,0,0.0,50.0
2023-12-28,Comm,0.0,0.0,0,0.0,50.0
2023-12-29,Comm,0.0,0.0,0,0.0,50.0
2020-01-03,Consumer,-0.17423333333333332,0.8,10,0.0,41.288333333333334
2020-01-06,Consumer,0.10678931372549019,1.0,44,-0.17423333333333332,55.339465686274515
2020-01-07,Consumer,0.1472385,1.0,22,0.10678931372549019,57.361925
2020-01-08,Consumer,0.05741,0.8,16,0.1472385,52.8705
2020-01-09,Consumer,0.2834562698412698,1.0,25,0.05741,64.1728134920635
2020-01-10,Consumer,0.004144000000000004,1.0,15,0.2834562698412698,50.20719999999999
2020-01-13,Consumer,0.08908528571428571,1.0,29,0.004144000000000004,54.45426428571428
2020-01-14,Consumer,0.042910000000000004,1.0,19,0.08908528571428571,52.1455
2020-01-15,Consumer,0.09546038095238095,0.8,27,0.042910000000000004,54.773019047619044
2020-01-16,Consumer,0.17721542857142858,0.8,19,0.09546038095238095,58.860771428571425
2020-01-17,Consumer,0.08010533333333332,1.0,23,0.17721542857142858,54.005266666666664
2020-01-21,Consumer,0.07009310606060606,1.0,51,0.08010533333333332,53.504655303030304
2020-01-22,Consumer,0.08442657142857143,1.0,32,0.07009310606060606,54.22132857142857
2020-01-23,Consumer,0.12958566666666665,1.0,22,0.08442657142857143,56.47928333333333
2020-01-24,Consumer,0.07866423076923076,1.0,23,0.12958566666666665,53.933211538461535
2020-01-27,Consumer,0.03644111111111111,1.0,42,0.07866423076923076,51.82205555555556
2020-01-28,Consumer,0.03861314285714286,0.8,37,0.03644111111111111,51.93065714285714
2020-01-29,Consumer,0.009240761904761906,1.0,35,0.03861314285714286,50.46203809523809
2020-01-30,Consumer,0.04419295238095239,1.0,40,0.009240761904761906,52.209647619047615
2020-01-31,Consumer,0.020195959595959594,0.8,25,0.04419295238095239,51.00979797979798
2020-02-03,Consumer,0.14832285714285715,1.0,39,0.020195959595959594,57.41614285714286
2020-02-04,Consumer,0.1401240909090909,1.0,52,0.14832285714285715,57.006204545454544
2020-02-05,Consumer,0.014995000000000003,0.8,43,0.1401240909090909,50.749750000000006
2020-02-06,Consumer,0.13060333333333332,0.8,24,0.014995000000000003,56.53016666666667
2020-02-07,Consumer,0.159785,0.8,21,0.13060333333333332,57.989250000000006
2020-02-10,Consumer,-0.006942857142857142,1.0,37,0.159785,49.652857142857144
2020-02-11,Consumer,0.04548616666666667,1.0,28,-0.006942857142857142,52.27430833333333
2020-02-12,Consumer,0.05834264705882353,1.0,26,0.04548616666666667,52.917132352941174
2020-02-13,Consumer,-0.013982245098039225,1.0,37,0.05834264705882353,49.30088774509804
2020-02-14,Consumer,-0.05277816666666666,1.0,23,-0.013982245098039225,47.36109166666667
2020-02-18,Consumer,0.19439710317460318,1.0,54,-0.05277816666666666,59.71985515873016
2020-02-19,Consumer,0.1574477142857143,1.0,20,0.19439710317460318,57.87238571428571
2020-02-20,Consumer,0.06387014285714285,1.0,18,0.1574477142857143,53.19350714285714
2020-02-21,Consumer,0.06838777777777778,0.8,22,0.06387014285714285,53.41938888888889
2020-02-24,Consumer,-0.0021578571428571445,1.0,28,0.06838777777777778,49.89210714285714
2020-02-25,Consumer,0.16376858974358974,1.0,29,-0.0021578571428571445,58.188429487179484
2020-02-26,Consumer,0.09767285714285714,1.0,49,0.16376858974358974,54.88364285714285
2020-02-27,Consumer,0.09610866666666666,1.0,30,0.09767285714285714,54.80543333333333
2020-02-28,Consumer,-0.08106357142857142,1.0,26,0.09610866666666666,45.946821428571425
2020-03-02,Consumer,0.05835970085470086,1.0,40,-0.08106357142857142,52.91798504273504
2020-03-03,Consumer,0.18419,1.0,28,0.05835970085470086,59.209500000000006
2020-03-04,Consumer,0.13762444444444444,1.0,24,0.18419,56.88122222222223
2020-03-05,Consumer,0.07891594805194804,1.0,27,0.13762444444444444,53.94579740259741
2020-03-06,Consumer,-0.024376648351648343,0.8,26,0.07891594805194804,48.78116758241758
2020-03-09,Consumer,0.05611935897435898,1.0,31,-0.024376648351648343,52.80596794871795
2020-03-10,Consumer,-0.008197010101010102,0.8,26,0.05611935897435898,49.59014949494949
2020-03-11,Consumer,-0.03196085714285714,0.8,23,-0.008197010101010102,48.40195714285714
2020-03-12,Consumer,0.04935908888888889,1.0,47,-0.03196085714285714,52.467954444444445
2020-03-13,Consumer,0.035797222222222216,0.6,31,0.04935908888888889,51.789861111111115
2020-03-16,Consumer,-0.13602125724637681,1.0,54,0.035797222222222216,43.198937137681156
2020-03-17,Consumer,0.05167161904761904,1.0,36,-0.13602125724637681,52.58358095238095
2020-03-18,Consumer,0.03006417027417029,1.0,35,0.05167161904761904,51.50320851370851
2020-03-19,Consumer,0.0218805,1.0,34,0.03006417027417029,51.094025
2020-03-20,Consumer,0.046295396103896116,1.0,54,0.0218805,52.31476980519481
2020-03-23,Consumer,0.05063993281228575,1.0,64,0.046295396103896116,52.53199664061429
2020-03-24,Consumer,0.1969957326007326,1.0,43,0.05063993281228575,59.849786630036625
2020-03-25,Consumer,0.17013257142857144,1.0,41,0.1969957326007326,58.50662857142858
2020-03-26,Consumer,0.0860754761904762,1.0,33,0.17013257142857144,54.30377380952381
2020-03-27,Consumer,0.04583217948717949,1.0,33,0.0860754761904762,52.29160897435897
2020-03-30,Consumer,0.06934949122807017,1.0,35,0.04583217948717949,53.467474561403506
2020-03-31,Consumer,-0.023837333333333342,1.0,12,0.06934949122807017,48.80813333333333
2020-04-01,Consumer,0.1795776666666667,1.0,30,-0.023837333333333342,58.97888333333333
2020-04-02,Consumer,0.0435275,1.0,35,0.1795776666666667,52.176375
2020-04-03,Consumer,0.011120416666666666,0.8,32,0.0435275,50.556020833333335
2020-04-06,Consumer,0.19159549783549784,1.0,59,0.011120416666666666,59.579774891774896
2020-04-07,Consumer,0.24089971717171715,1.0,33,0.19159549783549784,62.044985858585854
2020-04-08,Consumer,-0.012108331578947367,0.8,54,0.24089971717171715,49.39458342105263
2020-04-09,Consumer,0.16850095238095236,1.0,84,-0.012108331578947367,58.42504761904762
2020-04-13,Consumer,-0.013241254079254078,1.0,78,0.16850095238095236,49.337937296037296
2020-04-14,Consumer,0.2220395,1.0,29,-0.013241254079254078,61.101974999999996
2020-04-15,Consumer,0.09083093939393941,1.0,35,0.2220395,54.541546969696974
2020-04-16,Consumer,0.11577376811594202,0.8,40,0.09083093939393941,55.7886884057971
2020-04-17,Consumer,0.21409866666666666,1.0,28,0.11577376811594202,60.70493333333333
2020-04-20,Consumer,0.0704515873015873,1.0,56,0.21409866666666666,53.52257936507937
2020-04-21,Consumer,0.012584288288288292,1.0,70,0.0704515873015873,50.62921441441441
2020-04-22,Consumer,0.1009368496732026,1.0,39,0.012584288288288292,55.04684248366013
2020-04-23,Consumer,0.08177963636363636,1.0,43,0.1009368496732026,54.088981818181814
2020-04-24,Consumer,-0.003549333333333335,1.0,29,0.08177963636363636,49.82253333333333
2020-04-27,Consumer,0.0866328888888889,1.0,50,-0.003549333333333335,54.33164444444445
2020-04-28,Consumer,0.08729956643356643,0.8,58,0.0866328888888889,54.36497832167832
2020-04-29,Consumer,0.10723711721611721,1.0,60,0.08729956643356643,55.36185586080586
2020-04-30,Consumer,0.004515166666666665,1.0,33,0.10723711721611721,50.22575833333334
2020-05-01,Consumer,0.18047183333333333,1.0,39,0.004515166666666665,59.02359166666666
2020-05-04,Consumer,0.15703503296703297,1.0,63,0.18047183333333333,57.851751648351645
2020-05-05,Consumer,0.14162709523809522,1.0,49,0.15703503296703297,57.081354761904755
2020-05-06,Consumer,0.07192623529411765,0.8,51,0.14162709523809522,53.59631176470588
2020-05-07,Consumer,0.09888166666666667,1.0,34,0.07192623529411765,54.94408333333334
2020-05-08,Consumer,0.06855406493506493,1.0,55,0.09888166666666667,53.427703246753246
2020-05-11,Consumer,0.08602495833333333,1.0,52,0.06855406493506493,54.30124791666666
2020-05-12,Consumer,0.10019939999999998,0.8,38,0.08602495833333333,55.009969999999996
2020-05-13,Consumer,0.06879209523809524,1.0,36,0.10019939999999998,53.43960476190476
2020-05-14,Consumer,0.129311931372549,1.0,39,0.06879209523809524,56.465596568627454
2020-05-15,Consumer,0.08250251851851853,1.0,47,0.129311931372549,54.12512592592593
2020-05-18,Consumer,0.20182033333333335,1.0,49,0.08250251851851853,60.09101666666666
2020-05-19,Consumer,-0.07248620512820514,1.0,44,0.20182033333333335,46.375689743589746
2020-05-20,Consumer,-0.02694144957983192,1.0,34,-0.07248620512820514,48.65292752100841
2020-05-21,Consumer,0.024796969696969696,1.0,40,-0.02694144957983192,51.23984848484848
2020-05-22,Consumer,0.003622666666666663,0.6,18,0.024796969696969696,50.181133333333335
2020-05-26,Consumer,0.20328895238095238,1.0,46,0.003622666666666663,60.16444761904762
2020-05-27,Consumer,0.15308409090909092,1.0,37,0.20328895238095238,57.65420454545455
2020-05-28,Consumer,0.08792483333333333,1.0,33,0.15308409090909092,54.39624166666667
2020-05-29,Consumer,0.08072742857142859,1.0,18,0.08792483333333333,54.03637142857143
2020-06-01,Consumer,0.08122420414673046,1.0,47,0.08072742857142859,54.061210207336515
2020-06-02,Consumer,-0.11654666666666666,1.0,20,0.08122420414673046,44.172666666666665
2020-06-03,Consumer,0.1979542857142857,1.0,33,-0.11654666666666666,59.89771428571429
2020-06-04,Consumer,0.16785,0.8,11,0.1979542857142857,58.392500000000005
2020-06-05,Consumer,0.118412,0.6,14,0.16785,55.9206
2020-06-08,Consumer,0.16258666666666666,1.0,20,0.118412,58.129333333333335
2020-06-09,Consumer,0.015231047619047621,0.6,26,0.16258666666666666,50.76155238095238
2020-06-10,Consumer,-0.022498963636363632,1.0,48,0.015231047619047621,48.87505181818182
2020-06-11,Consumer,0.04995316017316017,1.0,38,-0.022498963636363632,52.49765800865801
2020-06-12,Consumer,0.07265361904761905,1.0,20,0.04995316017316017,53.63268095238095
2020-06-15,Consumer,0.00854649350649351,1.0,33,0.07265361904761905,50.427324675324684
2020-06-16,Consumer,0.17452,0.8,12,0.00854649350649351,58.726
2020-06-17,Consumer,0.17689083333333333,1.0,20,0.17452,58.84454166666666
2020-06-18,Consumer,0.06908252380952382,1.0,29,0.17689083333333333,53.454126190476195
2020-06-19,Consumer,0.00780155555555555,1.0,21,0.06908252380952382,50.390077777777776
2020-06-22,Consumer,0.04642333333333333,1.0,49,0.00780155555555555,52.32116666666666
2020-06-23,Consumer,0.17650266666666667,1.0,40,0.04642333333333333,58.82513333333333
2020-06-24,Consumer,0.015461000000000008,1.0,25,0.17650266666666667,50.77305
2020-06-25,Consumer,0.0876294,1.0,44,0.015461000000000008,54.38147
2020-06-26,Consumer,0.1670535294117647,1.0,24,0.0876294,58.352676470588236
2020-06-29,Consumer,0.04655276923076923,1.0,46,0.1670535294117647,52.32763846153846
2020-06-30,Consumer,0.057023333333333336,1.0,29,0.04655276923076923,52.85116666666667
2020-07-01,Consumer,-0.1007424025974026,1.0,29,0.057023333333333336,44.96287987012987
2020-07-02,Consumer,0.16190600000000002,1.0,23,-0.1007424025974026,58.09530000000001
2020-07-06,Consumer,0.0012227619047619042,1.0,44,0.16190600000000002,50.0611380952381
2020-07-07,Consumer,0.11589745454545455,0.8,23,0.0012227619047619042,55.794872727272725
2020-07-08,Consumer,0.18475666666666668,1.0,22,0.11589745454545455,59.237833333333334
2020-07-09,Consumer,0.08616750000000001,1.0,24,0.18475666666666668,54.308375
2020-07-10,Consumer,0.007357142857142847,1.0,15,0.08616750000000001,50.36785714285714
2020-07-13,Consumer,0.1670077142857143,1.0,29,0.007357142857142847,58.350385714285714
2020-07-14,Consumer,0.08158119047619047,1.0,23,0.1670077142857143,54.079059523809526
2020-07-15,Consumer,0.12762828571428572,1.0,29,0.08158119047619047,56.381414285714285
2020-07-16,Consumer,0.17396198412698413,1.0,25,0.12762828571428572,58.698099206349205
2020-07-17,Consumer,0.09583222222222224,1.0,19,0.17396198412698413,54.791611111111116
2020-07-20,Consumer,0.048184329004329,0.8,31,0.09583222222222224,52.40921645021645
2020-07-21,Consumer,0.21607577639751555,1.0,46,0.048184329004329,60.803788819875784
2020-07-22,Consumer,0.091004,1.0,17,0.21607577639751555,54.550200000000004
2020-07-23,Consumer,0.048864294871794875,1.0,32,0.091004,52.44321474358974
2020-07-24,Consumer,-0.008540833333333333,1.0,19,0.048864294871794875,49.57295833333333
2020-07-27,Consumer,0.09007888888888889,0.8,21,-0.008540833333333333,54.50394444444444
2020-07-28,Consumer,0.09230752380952381,1.0,21,0.09007888888888889,54.6153761904762
2020-07-29,Consumer,0.04226472222222223,1.0,39,0.09230752380952381,52.113236111111114
2020-07-30,Consumer,0.10741133333333334,1.0,24,0.04226472222222223,55.37056666666666
2020-07-31,Consumer,0.029280285714285714,1.0,19,0.10741133333333334,51.464014285714285
2020-08-03,Consumer,0.050337607843137254,1.0,36,0.029280285714285714,52.516880392156864
2020-08-04,Consumer,0.20537616161616162,1.0,40,0.050337607843137254,60.26880808080808
2020-08-05,Consumer,0.020249411764705884,1.0,52,0.20537616161616162,51.012470588235296
2020-08-06,Consumer,0.060406,1.0,17,0.020249411764705884,53.0203
2020-08-07,Consumer,0.11740533333333332,0.8,15,0.060406,55.870266666666666
2020-08-10,Consumer,0.09989385281385281,1.0,24,0.11740533333333332,54.99469264069264
2020-08-11,Consumer,0.053126833333333345,0.8,22,0.09989385281385281,52.65634166666666
2020-08-12,Consumer,0.007589166666666663,0.8,14,0.053126833333333345,50.37945833333334
2020-08-13,Consumer,0.053421666666666645,1.0,16,0.007589166666666663,52.671083333333335
2020-08-14,Consumer,0.0468275,0.8,12,0.053421666666666645,52.341375
2020-08-17,Consumer,0.18120333333333336,1.0,46,0.0468275,59.06016666666667
2020-08-18,Consumer,0.08419410714285715,1.0,44,0.18120333333333336,54.20970535714286
2020-08-19,Consumer,0.15142939393939395,1.0,32,0.08419410714285715,57.5714696969697
2020-08-20,Consumer,0.072577,1.0,19,0.15142939393939395,53.62884999999999
2020-08-21,Consumer,0.23626966666666668,1.0,21,0.072577,61.81348333333333
2020-08-24,Consumer,0.07899285714285714,1.0,18,0.23626966666666668,53.949642857142855
2020-08-25,Consumer,0.11229666666666667,0.8,15,0.07899285714285714,55.61483333333334
2020-08-26,Consumer,0.06596190476190475,0.8,15,0.11229666666666667,53.298095238095236
2020-08-27,Consumer,-0.02580105263157894,1.0,27,0.06596190476190475,48.709947368421055
2020-08-28,Consumer,0.019691794871794878,0.6,23,-0.02580105263157894,50.98458974358975
2020-08-31,Consumer,0.03242941176470589,1.0,27,0.019691794871794878,51.6214705882353
2020-09-01,Consumer,0.08452476190476191,0.8,29,0.03242941176470589,54.2262380952381
2020-09-02,Consumer,0.2,1.0,17,0.08452476190476191,60.0
2020-09-03,Consumer,0.17257285714285714,0.8,20,0.2,58.62864285714286
2020-09-04,Consumer,0.052898,1.0,16,0.17257285714285714,52.64489999999999
2020-09-08,Consumer,0.10680690909090909,1.0,41,0.052898,55.34034545454546
2020-09-09,Consumer,0.10890545454545456,0.8,22,0.10680690909090909,55.44527272727273
2020-09-10,Consumer,0.1711475,0.8,15,0.10890545454545456,58.557375
2020-09-11,Consumer,0.10309166666666666,0.8,14,0.1711475,55.15458333333333
2020-09-14,Consumer,0.06580914285714287,1.0,33,0.10309166666666666,53.290457142857136
2020-09-15,Consumer,0.1365338095238095,0.8,18,0.06580914285714287,56.82669047619048
2020-09-16,Consumer,0.08876166666666667,0.6,11,0.1365338095238095,54.43808333333333
2020-09-17,Consumer,0.22071633333333335,0.8,24,0.08876166666666667,61.03581666666666
2020-09-18,Consumer,0.002136298701298711,1.0,26,0.22071633333333335,50.10681493506494
2020-09-21,Consumer,0.08879786666666667,0.8,35,0.002136298701298711,54.43989333333333
2020-09-22,Consumer,0.18445739316239318,1.0,30,0.08879786666666667,59.222869658119656
2020-09-23,Consumer,0.09492866666666668,0.8,32,0.18445739316239318,54.746433333333336
2020-09-24,Consumer,0.06529190476190476,0.8,19,0.09492866666666668,53.26459523809524
2020-09-25,Consumer,0.022583333333333327,0.8,14,0.06529190476190476,51.12916666666667
2020-09-28,Consumer,0.06900727272727272,1.0,34,0.022583333333333327,53.45036363636364
2020-09-29,Consumer,0.21098349206349204,1.0,30,0.06900727272727272,60.549174603174606
2020-09-30,Consumer,0.22516666666666668,1.0,27,0.21098349206349204,61.25833333333334
2020-10-01,Consumer,0.057404,0.6,16,0.22516666666666668,52.8702
2020-10-02,Consumer,0.06484190476190477,0.8,18,0.057404,53.242095238095246
2020-10-05,Consumer,0.12436752380952383,1.0,24,0.06484190476190477,56.21837619047619
2020-10-06,Consumer,0.17313444444444442,1.0,18,0.12436752380952383,58.65672222222222
2020-10-07,Consumer,0.058458857142857146,0.8,17,0.17313444444444442,52.92294285714285
2020-10-08,Consumer,0.10740821428571427,1.0,21,0.058458857142857146,55.37041071428571
2020-10-09,Consumer,0.04635571428571428,1.0,15,0.10740821428571427,52.31778571428571
2020-10-12,Consumer,0.27188425641025643,1.0,33,0.04635571428571428,63.594212820512816
2020-10-13,Consumer,-0.08431622807017544,1.0,31,0.27188425641025643,45.78418859649123
2020-10-14,Consumer,0.1269125,0.8,18,-0.08431622807017544,56.345625
2020-10-15,Consumer,0.0400570909090909,0.8,20,0.1269125,52.00285454545455
2020-10-16,Consumer,0.23147333333333334,0.8,14,0.0400570909090909,61.57366666666667
2020-10-19,Consumer,0.24128,1.0,23,0.23147333333333334,62.064
2020-10-20,Consumer,0.183925,0.8,11,0.24128,59.19624999999999
2020-10-21,Consumer,0.18136980952380952,0.8,19,0.183925,59.06849047619047
2020-10-22,Consumer,0.016974727272727273,1.0,42,0.18136980952380952,50.84873636363636
2020-10-23,Consumer,0.285165,1.0,15,0.016974727272727273,64.25825
2020-10-26,Consumer,0.05901955555555556,1.0,27,0.285165,52.95097777777777
2020-10-27,Consumer,0.06558499999999999,1.0,15,0.05901955555555556,53.27925
2020-10-28,Consumer,0.070246,0.8,14,0.06558499999999999,53.5123
2020-10-29,Consumer,0.03665533333333333,0.8,21,0.070246,51.832766666666664
2020-10-30,Consumer,0.17318155555555556,1.0,23,0.03665533333333333,58.65907777777778
2020-11-02,Consumer,0.09203722222222223,1.0,24,0.17318155555555556,54.60186111111112
2020-11-03,Consumer,0.14961866666666665,1.0,23,0.09203722222222223,57.480933333333326
2020-11-04,Consumer,0.02544114285714285,0.6,13,0.14961866666666665,51.27205714285714
2020-11-05,Consumer,0.15840928571428572,1.0,16,0.02544114285714285,57.92046428571429
2020-11-06,Consumer,0.05510857142857143,1.0,22,0.15840928571428572,52.755428571428574
2020-11-09,Consumer,0.03587714285714285,1.0,22,0.05510857142857143,51.79385714285715
2020-11-10,Consumer,0.0978048888888889,0.8,17,0.03587714285714285,54.89024444444445
2020-11-11,Consumer,0.08898266666666668,0.8,14,0.0978048888888889,54.449133333333336
2020-11-12,Consumer,0.08422580086580087,0.8,43,0.08898266666666668,54.21129004329004
2020-11-13,Consumer,0.12708049689440995,0.6,31,0.08422580086580087,56.3540248447205
2020-11-16,Consumer,0.18227977777777776,1.0,44,0.12708049689440995,59.11398888888889
2020-11-17,Consumer,0.2666457894736842,1.0,30,0.18227977777777776,63.33228947368421
2020-11-18,Consumer,0.08077666666666668,0.6,19,0.2666457894736842,54.038833333333336
2020-11-19,Consumer,-0.03740416666666666,1.0,16,0.08077666666666668,48.12979166666666
2020-11-20,Consumer,0.09044369047619047,0.8,26,-0.03740416666666666,54.52218452380953
2020-11-23,Consumer,0.17166674725274725,1.0,37,0.09044369047619047,58.583337362637366
2020-11-24,Consumer,0.032135000000000004,0.8,15,0.17166674725274725,51.60675
2020-11-25,Consumer,0.15788666666666668,0.8,15,0.032135000000000004,57.894333333333336
2020-11-27,Consumer,0.11065,1.0,32,0.15788666666666668,55.5325
2020-11-30,Consumer,0.11200000000000002,0.8,16,0.11065,55.60000000000001
2020-12-01,Consumer,0.14459,0.6,8,0.11200000000000002,57.2295
2020-12-02,Consumer,0.015388222222222225,1.0,26,0.14459,50.769411111111104
2020-12-03,Consumer,0.09779,0.8,26,0.015388222222222225,54.889500000000005
2020-12-04,Consumer,0.07866666666666666,0.8,10,0.09779,53.93333333333333
2020-12-07,Consumer,0.09896714285714285,1.0,39,0.07866666666666666,54.94835714285714
2020-12-08,Consumer,0.06071333333333334,1.0,22,0.09896714285714285,53.03566666666667
2020-12-09,Consumer,-0.0014001212121212108,0.8,21,0.06071333333333334,49.92999393939394
2020-12-10,Consumer,0.21859968253968254,1.0,23,-0.0014001212121212108,60.929984126984124
2020-12-11,Consumer,0.14347326315789474,1.0,29,0.21859968253968254,57.17366315789474
2020-12-14,Consumer,0.04732166666666667,1.0,35,0.14347326315789474,52.366083333333336
2020-12-15,Consumer,0.18401190476190477,1.0,20,0.04732166666666667,59.20059523809525
2020-12-16,Consumer,0.27887399999999996,1.0,17,0.18401190476190477,63.94370000000001
2020-12-17,Consumer,0.17273999999999998,1.0,16,0.27887399999999996,58.63699999999999
2020-12-18,Consumer,0.2572413333333333,1.0,26,0.17273999999999998,62.86206666666667
2020-12-21,Consumer,0.12752141125541125,1.0,60,0.2572413333333333,56.376070562770565
2020-12-22,Consumer,0.086088,1.0,16,0.12752141125541125,54.304399999999994
2020-12-23,Consumer,0.13125683333333332,1.0,22,0.086088,56.562841666666664
2020-12-24,Consumer,0.19487114285714285,0.8,21,0.13125683333333332,59.74355714285714
2020-12-28,Consumer,0.24526172727272724,1.0,26,0.19487114285714285,62.26308636363637
2020-12-29,Consumer,0.16010577777777776,1.0,22,0.24526172727272724,58.005288888888884
2020-12-30,Consumer,0.35562,0.8,10,0.16010577777777776,67.781
2020-12-31,Consumer,0.3254826666666667,1.0,21,0.35562,66.27413333333334
2021-01-04,Consumer,0.10702622222222222,1.0,27,0.3254826666666667,55.351311111111116
2021-01-05,Consumer,0.09015666666666668,1.0,18,0.10702622222222222,54.50783333333333
2021-01-06,Consumer,0.06937000000000001,1.0,16,0.09015666666666668,53.4685
2021-01-07,Consumer,0.107911,1.0,19,0.06937000000000001,55.39555000000001
2021-01-08,Consumer,0.208589,1.0,15,0.107911,60.429449999999996
2021-01-11,Consumer,0.14755666666666667,1.0,15,0.208589,57.37783333333333
2021-01-12,Consumer,0.14030083333333335,1.0,20,0.14755666666666667,57.01504166666667
2021-01-13,Consumer,0.12171999999999998,0.8,15,0.14030083333333335,56.086000000000006
2021-01-14,Consumer,0.06798000000000001,1.0,17,0.12171999999999998,53.398999999999994
2021-01-15,Consumer,0.15279666666666666,1.0,21,0.06798000000000001,57.639833333333335
2021-01-19,Consumer,0.0835878787878788,1.0,58,0.15279666666666666,54.17939393939394
2021-01-20,Consumer,-0.054398000000000016,0.8,17,0.0835878787878788,47.2801
2021-01-21,Consumer,-0.050777,0.8,17,-0.054398000000000016,47.46115
2021-01-22,Consumer,0.0271175,0.8,19,-0.050777,51.355875
2021-01-25,Consumer,0.05452,1.0,25,0.0271175,52.72599999999999
2021-01-26,Consumer,0.11258138888888888,1.0,26,0.05452,55.62906944444445
2021-01-27,Consumer,0.024555357142857143,1.0,22,0.11258138888888888,51.22776785714286
2021-01-28,Consumer,0.1124907619047619,1.0,23,0.024555357142857143,55.624538095238094
2021-01-29,Consumer,0.12376833333333334,0.8,17,0.1124907619047619,56.18841666666666
2021-02-01,Consumer,0.07755583333333334,1.0,20,0.12376833333333334,53.87779166666667
2021-02-02,Consumer,0.19279333333333332,1.0,14,0.07755583333333334,59.63966666666667
2021-02-03,Consumer,-0.01653111111111111,0.8,19,0.19279333333333332,49.17344444444444
2021-02-04,Consumer,0.2132893333333333,1.0,16,-0.01653111111111111,60.66446666666666
2021-02-05,Consumer,-0.14214833333333332,1.0,14,0.2132893333333333,42.892583333333334
2021-02-08,Consumer,0.09790980952380952,1.0,38,-0.14214833333333332,54.89549047619048
2021-02-09,Consumer,0.05041428571428571,1.0,19,0.09790980952380952,52.520714285714284
2021-02-10,Consumer,0.09682190476190476,0.8,23,0.05041428571428571,54.841095238095235
2021-02-11,Consumer,0.09395555555555557,1.0,30,0.09682190476190476,54.69777777777778
2021-02-12,Consumer,0.043276999999999996,1.0,26,0.09395555555555557,52.163850000000004
2021-02-16,Consumer,0.06202557142857144,1.0,39,0.043276999999999996,53.101278571428566
2021-02-17,Consumer,0.10958166666666666,1.0,18,0.06202557142857144,55.479083333333335
2021-02-18,Consumer,0.1916569523809524,1.0,31,0.10958166666666666,59.58284761904762
2021-02-19,Consumer,0.09890333333333334,0.6,10,0.1916569523809524,54.945166666666665
2021-02-22,Consumer,0.059426,0.8,20,0.09890333333333334,52.9713
2021-02-23,Consumer,0.09059285714285714,0.8,14,0.059426,54.52964285714286
2021-02-24,Consumer,0.037637500000000004,0.8,11,0.09059285714285714,51.881875
2021-02-25,Consumer,0.12287166666666667,1.0,25,0.037637500000000004,56.14358333333334
2021-02-26,Consumer,0.1821105,1.0,18,0.12287166666666667,59.105525
2021-03-01,Consumer,0.18115833333333334,0.8,17,0.1821105,59.057916666666664
2021-03-02,Consumer,0.03705,0.8,10,0.18115833333333334,51.8525
2021-03-03,Consumer,0.029797619047619052,1.0,25,0.03705,51.48988095238095
2021-03-04,Consumer,-0.08179681818181818,0.8,22,0.029797619047619052,45.91015909090909
2021-03-05,Consumer,0.1252625,0.6,17,-0.08179681818181818,56.263125
2021-03-08,Consumer,0.10533833333333334,0.8,23,0.1252625,55.26691666666667
2021-03-09,Consumer,0.09810533333333335,0.8,23,0.10533833333333334,54.90526666666666
2021-03-10,Consumer,0.15128748051948052,1.0,25,0.09810533333333335,57.56437402597403
2021-03-11,Consumer,0.08439571428571428,1.0,23,0.15128748051948052,54.21978571428572
2021-03-12,Consumer,0.14918285714285714,1.0,18,0.08439571428571428,57.45914285714285
2021-03-15,Consumer,0.2340242857142857,1.0,35,0.14918285714285714,61.701214285714286
2021-03-16,Consumer,0.1937245,1.0,22,0.2340242857142857,59.68622500000001
2021-03-17,Consumer,0.09070249999999999,1.0,17,0.1937245,54.535124999999994
2021-03-18,Consumer,0.12857933333333332,1.0,20,0.09070249999999999,56.42896666666667
2021-03-19,Consumer,0.05442238095238096,1.0,25,0.12857933333333332,52.72111904761905
2021-03-22,Consumer,0.087212,1.0,17,0.05442238095238096,54.360600000000005
2021-03-23,Consumer,0.163071,0.6,10,0.087212,58.153549999999996
2021-03-24,Consumer,0.17302515151515152,0.8,24,0.163071,58.651257575757576
2021-03-25,Consumer,0.08411571428571428,1.0,32,0.17302515151515152,54.20578571428572
2021-03-26,Consumer,-0.02530738095238095,0.8,26,0.08411571428571428,48.734630952380954
2021-03-29,Consumer,0.2614518831168831,1.0,31,-0.02530738095238095,63.07259415584415
2021-03-30,Consumer,0.105048,1.0,15,0.2614518831168831,55.2524
2021-03-31,Consumer,0.125685,1.0,13,0.105048,56.28425
2021-04-01,Consumer,0.023636666666666667,1.0,15,0.125685,51.18183333333334
2021-04-05,Consumer,0.14930333333333332,1.0,27,0.023636666666666667,57.46516666666667
2021-04-06,Consumer,0.11216599999999999,0.8,23,0.14930333333333332,55.6083
2021-04-07,Consumer,-0.07609066666666667,1.0,12,0.11216599999999999,46.19546666666667
2021-04-08,Consumer,0.29276928571428573,1.0,22,-0.07609066666666667,64.63846428571429
2021-04-09,Consumer,0.14809714285714287,0.8,14,0.29276928571428573,57.404857142857146
2021-04-12,Consumer,0.17996428571428572,1.0,22,0.14809714285714287,58.99821428571429
2021-04-13,Consumer,0.14032833333333333,1.0,16,0.17996428571428572,57.01641666666667
2021-04-14,Consumer,-0.008063333333333329,1.0,21,0.14032833333333333,49.596833333333336
2021-04-15,Consumer,-0.013320571428571432,0.8,17,-0.008063333333333329,49.333971428571424
2021-04-16,Consumer,0.1554375,0.8,20,-0.013320571428571432,57.77187500000001
2021-04-19,Consumer,0.06033042483660132,1.0,40,0.1554375,53.01652124183006
2021-04-20,Consumer,0.021135952380952387,1.0,26,0.06033042483660132,51.05679761904762
2021-04-21,Consumer,0.08473666666666667,1.0,11,0.021135952380952387,54.23683333333334
2021-04-22,Consumer,0.19145833333333334,0.8,15,0.08473666666666667,59.572916666666664
2021-04-23,Consumer,0.11434333333333332,1.0,22,0.19145833333333334,55.717166666666664
2021-04-26,Consumer,0.1408921568627451,1.0,31,0.11434333333333332,57.04460784313725
2021-04-27,Consumer,0.025711999999999995,0.8,22,0.1408921568627451,51.285599999999995
2021-04-28,Consumer,0.15206150000000002,1.0,18,0.025711999999999995,57.603075000000004
2021-04-29,Consumer,0.08236466666666667,0.8,13,0.15206150000000002,54.11823333333333
2021-04-30,Consumer,0.08240666666666666,0.8,23,0.08236466666666667,54.120333333333335
2021-05-03,Consumer,0.07941866666666667,1.0,19,0.08240666666666666,53.970933333333335
2021-05-04,Consumer,0.12166183333333333,0.8,18,0.07941866666666667,56.08309166666666
2021-05-05,Consumer,0.015803333333333332,0.6,18,0.12166183333333333,50.79016666666667
2021-05-06,Consumer,0.13727833333333334,1.0,20,0.015803333333333332,56.86391666666667
2021-05-07,Consumer,-0.06119,0.6,9,0.13727833333333334,46.9405
2021-05-10,Consumer,0.09880000000000001,1.0,16,-0.06119,54.94
2021-05-11,Consumer,0.03266299999999999,1.0,17,0.09880000000000001,51.63314999999999
2021-05-12,Consumer,0.009050000000000002,0.8,11,0.03266299999999999,50.4525
2021-05-13,Consumer,0.22788399999999998,0.6,16,0.009050000000000002,61.3942
2021-05-14,Consumer,-0.02547938405797101,0.8,36,0.22788399999999998,48.72603079710145
2021-05-17,Consumer,0.025900619195046444,0.8,39,-0.02547938405797101,51.29503095975232
2021-05-18,Consumer,0.1164475,0.8,39,0.025900619195046444,55.822375
2021-05-19,Consumer,0.07002933333333333,1.0,23,0.1164475,53.501466666666666
2021-05-20,Consumer,0.2060375,1.0,22,0.07002933333333333,60.301875
2021-05-21,Consumer,0.09479619047619046,0.8,15,0.2060375,54.73980952380953
2021-05-24,Consumer,0.1670268888888889,1.0,32,0.09479619047619046,58.35134444444444
2021-05-25,Consumer,0.1364838888888889,0.8,15,0.1670268888888889,56.824194444444444
2021-05-26,Consumer,0.07906878787878788,0.8,21,0.1364838888888889,53.9534393939394
2021-05-27,Consumer,0.22668250000000004,1.0,20,0.07906878787878788,61.33412500000001
2021-05-28,Consumer,0.34120666666666666,1.0,11,0.22668250000000004,67.06033333333333
2021-06-01,Consumer,0.26591628205128204,1.0,27,0.34120666666666666,63.29581410256411
2021-06-02,Consumer,0.15471809523809524,1.0,15,0.26591628205128204,57.73590476190476
2021-06-03,Consumer,0.20841000000000004,1.0,12,0.15471809523809524,60.4205
2021-06-04,Consumer,0.11211533333333334,1.0,18,0.20841000000000004,55.60576666666667
2021-06-07,Consumer,0.08687416666666667,1.0,24,0.11211533333333334,54.34370833333333
2021-06-08,Consumer,0.05634866666666667,0.8,17,0.08687416666666667,52.81743333333333
2021-06-09,Consumer,0.07265999999999999,0.6,9,0.05634866666666667,53.632999999999996
2021-06-10,Consumer,0.061589500000000005,1.0,20,0.07265999999999999,53.079474999999995
2021-06-11,Consumer,0.026685000000000004,1.0,13,0.061589500000000005,51.334250000000004
2021-06-14,Consumer,0.15620126984126986,1.0,21,0.026685000000000004,57.81006349206349
2021-06-15,Consumer,0.19162466666666667,0.8,12,0.15620126984126986,59.58123333333334
2021-06-16,Consumer,0.09042457142857144,1.0,20,0.19162466666666667,54.52122857142857
2021-06-17,Consumer,0.07094500000000001,0.6,10,0.09042457142857144,53.547250000000005
2021-06-18,Consumer,0.268815,1.0,15,0.07094500000000001,63.44075
2021-06-21,Consumer,0.030614325396825393,1.0,35,0.268815,51.53071626984127
2021-06-22,Consumer,-0.002868999999999999,1.0,13,0.030614325396825393,49.85655
2021-06-23,Consumer,0.13532316666666666,1.0,20,-0.002868999999999999,56.76615833333334
2021-06-24,Consumer,0.1748625,1.0,24,0.13532316666666666,58.743125
2021-06-25,Consumer,0.05823883333333334,1.0,33,0.1748625,52.911941666666664
2021-06-28,Consumer,0.08975714285714284,1.0,27,0.05823883333333334,54.487857142857145
2021-06-29,Consumer,-0.024838571428571425,1.0,13,0.08975714285714284,48.758071428571434
2021-06-30,Consumer,-0.027970238095238083,1.0,20,-0.024838571428571425,48.601488095238096
2021-07-01,Consumer,0.102725,1.0,13,-0.027970238095238083,55.13625
2021-07-02,Consumer,0.18076,0.8,9,0.102725,59.038000000000004
2021-07-06,Consumer,0.12166666666666666,1.0,19,0.18076,56.08333333333333
2021-07-07,Consumer,0.1907725,1.0,16,0.12166666666666666,59.538625
2021-07-08,Consumer,0.0016099999999999893,1.0,7,0.1907725,50.080499999999994
2021-07-09,Consumer,0.09102,1.0,14,0.0016099999999999893,54.551
2021-07-12,Consumer,0.09840222222222222,1.0,19,0.09102,54.92011111111111
2021-07-13,Consumer,0.16199416666666666,1.0,18,0.09840222222222222,58.09970833333333
2021-07-14,Consumer,0.052529000000000006,1.0,14,0.16199416666666666,52.626450000000006
2021-07-15,Consumer,0.04116083333333333,1.0,21,0.052529000000000006,52.05804166666667
2021-07-16,Consumer,0.09246333333333334,0.6,15,0.04116083333333333,54.62316666666667
2021-07-19,Consumer,0.017716363636363638,1.0,32,0.09246333333333334,50.88581818181817
2021-07-20,Consumer,0.11416400000000002,0.8,12,0.017716363636363638,55.7082
2021-07-21,Consumer,0.10402625000000001,1.0,22,0.11416400000000002,55.2013125
2021-07-22,Consumer,0.039744,0.8,18,0.10402625000000001,51.9872
2021-07-23,Consumer,0.11201699999999999,0.8,13,0.039744,55.60085
2021-07-26,Consumer,0.06463700000000001,0.8,21,0.11201699999999999,53.23185
2021-07-27,Consumer,0.10931666666666666,0.8,21,0.06463700000000001,55.465833333333336
2021-07-28,Consumer,0.16672666666666663,0.8,21,0.10931666666666666,58.336333333333336
2021-07-29,Consumer,0.1990632380952381,1.0,25,0.16672666666666663,59.953161904761906
2021-07-30,Consumer,0.041459523809523814,1.0,19,0.1990632380952381,52.0729761904762
2021-08-02,Consumer,0.21767757575757574,0.8,17,0.041459523809523814,60.883878787878785
2021-08-03,Consumer,0.07422571428571428,0.8,17,0.21767757575757574,53.711285714285715
2021-08-04,Consumer,0.03111,0.8,14,0.07422571428571428,51.555499999999995
2021-08-05,Consumer,0.26166500000000004,1.0,13,0.03111,63.08325
2021-08-06,Consumer,0.11432000000000002,0.8,12,0.26166500000000004,55.716
2021-08-09,Consumer,0.12404181818181818,1.0,23,0.11432000000000002,56.202090909090906
2021-08-10,Consumer,0.03614,0.8,13,0.12404181818181818,51.807
2021-08-11,Consumer,0.04983,0.8,10,0.03614,52.4915
2021-08-12,Consumer,0.06666250000000001,1.0,28,0.04983,53.333125
2021-08-13,Consumer,0.30790592105263154,1.0,35,0.06666250000000001,65.39529605263158
2021-08-16,Consumer,0.06066973684210526,1.0,39,0.30790592105263154,53.03348684210526
2021-08-17,Consumer,0.03752255555555555,0.6,32,0.06066973684210526,51.87612777777778
2021-08-18,Consumer,0.06995150000000001,0.8,17,0.03752255555555555,53.497575
2021-08-19,Consumer,0.10183666666666666,0.6,11,0.06995150000000001,55.09183333333333
2021-08-20,Consumer,0.140588,0.8,13,0.10183666666666666,57.029399999999995
2021-08-23,Consumer,0.031409285714285716,1.0,24,0.140588,51.57046428571429
2021-08-24,Consumer,0.019065714285714287,0.8,13,0.031409285714285716,50.95328571428571
2021-08-25,Consumer,0.12409366666666666,0.8,22,0.019065714285714287,56.20468333333333
2021-08-26,Consumer,0.12436050000000001,1.0,19,0.12409366666666666,56.218025000000004
2021-08-27,Consumer,0.05819272727272727,0.6,15,0.12436050000000001,52.90963636363636
2021-08-30,Consumer,0.15870595238095236,1.0,21,0.05819272727272727,57.935297619047624
2021-08-31,Consumer,0.06124047619047619,1.0,21,0.15870595238095236,53.06202380952381
2021-09-01,Consumer,0.24788095238095237,1.0,16,0.06124047619047619,62.39404761904762
2021-09-02,Consumer,-0.011259333333333338,0.8,14,0.24788095238095237,49.43703333333333
2021-09-03,Consumer,0.20468666666666668,0.8,15,-0.011259333333333338,60.23433333333333
2021-09-07,Consumer,0.1999585714285714,1.0,26,0.20468666666666668,59.997928571428574
2021-09-08,Consumer,0.103635,1.0,22,0.1999585714285714,55.181749999999994
2021-09-09,Consumer,0.06483666666666667,1.0,17,0.103635,53.24183333333333
2021-09-10,Consumer,0.15092200000000003,0.8,17,0.06483666666666667,57.5461
2021-09-13,Consumer,0.1336848051948052,1.0,27,0.15092200000000003,56.68424025974026
2021-09-14,Consumer,0.15592833333333336,1.0,17,0.1336848051948052,57.79641666666667
2021-09-15,Consumer,0.02382,1.0,25,0.15592833333333336,51.190999999999995
2021-09-16,Consumer,-0.022213999999999994,1.0,15,0.02382,48.889300000000006
2021-09-17,Consumer,0.20521333333333333,0.8,14,-0.022213999999999994,60.260666666666665
2021-09-20,Consumer,0.1654626153846154,1.0,33,0.20521333333333333,58.273130769230775
2021-09-21,Consumer,0.11219888888888888,1.0,25,0.1654626153846154,55.60994444444445
2021-09-22,Consumer,0.24298333333333333,1.0,15,0.11219888888888888,62.149166666666666
2021-09-23,Consumer,0.22173380952380956,1.0,25,0.24298333333333333,61.086690476190476
2021-09-24,Consumer,0.026449249999999997,0.8,30,0.22173380952380956,51.3224625
2021-09-27,Consumer,0.1272409523809524,1.0,33,0.026449249999999997,56.362047619047615
2021-09-28,Consumer,0.10505333333333333,1.0,16,0.1272409523809524,55.25266666666666
2021-09-29,Consumer,0.18826900000000002,0.8,11,0.10505333333333333,59.41345
2021-09-30,Consumer,0.08550666666666666,1.0,18,0.18826900000000002,54.27533333333333
2021-10-01,Consumer,0.15251961904761907,0.8,16,0.08550666666666666,57.62598095238095
2021-10-04,Consumer,0.18449090476190477,1.0,28,0.15251961904761907,59.22454523809524
2021-10-05,Consumer,-0.021574666666666666,1.0,14,0.18449090476190477,48.92126666666667
2021-10-06,Consumer,0.166974,1.0,27,-0.021574666666666666,58.3487
2021-10-07,Consumer,0.021430000000000005,0.8,8,0.166974,51.0715
2021-10-08,Consumer,0.07654999999999998,0.8,13,0.021430000000000005,53.82749999999999
2021-10-11,Consumer,0.10502971861471862,1.0,27,0.07654999999999998,55.25148593073593
2021-10-12,Consumer,0.1741295,0.8,15,0.10502971861471862,58.706475000000005
2021-10-13,Consumer,0.064122,0.8,13,0.1741295,53.2061
2021-10-14,Consumer,0.20767023809523807,0.8,16,0.064122,60.3835119047619
2021-10-15,Consumer,0.26034666666666667,0.6,6,0.20767023809523807,63.01733333333333
2021-10-18,Consumer,0.055068939393939385,0.8,30,0.26034666666666667,52.753446969696974
2021-10-19,Consumer,0.035437916666666666,0.8,29,0.055068939393939385,51.77189583333334
2021-10-20,Consumer,0.18306,0.8,8,0.035437916666666666,59.153
2021-10-21,Consumer,0.003927,1.0,29,0.18306,50.19635
2021-10-22,Consumer,0.08992666666666668,1.0,15,0.003927,54.49633333333333
2021-10-25,Consumer,0.11121433333333333,1.0,23,0.08992666666666668,55.560716666666664
2021-10-26,Consumer,0.023364,1.0,17,0.11121433333333333,51.1682
2021-10-27,Consumer,0.20314083333333333,1.0,16,0.023364,60.157041666666665
2021-10-28,Consumer,-0.000651666666666667,0.8,19,0.20314083333333333,49.967416666666665
2021-10-29,Consumer,0.05980383333333332,0.8,28,-0.000651666666666667,52.99019166666666
2021-11-01,Consumer,0.10802833333333335,1.0,17,0.05980383333333332,55.40141666666667
2021-11-02,Consumer,0.18696400000000002,1.0,24,0.10802833333333335,59.348200000000006
2021-11-03,Consumer,0.17677380952380953,1.0,20,0.18696400000000002,58.83869047619048
2021-11-04,Consumer,0.10844666666666666,1.0,11,0.17677380952380953,55.42233333333333
2021-11-05,Consumer,0.27509,1.0,13,0.10844666666666666,63.7545
2021-11-08,Consumer,0.09303066666666666,1.0,20,0.27509,54.65153333333333
2021-11-09,Consumer,0.10217999999999998,0.8,9,0.09303066666666666,55.108999999999995
2021-11-10,Consumer,0.13460717948717948,1.0,26,0.10217999999999998,56.73035897435897
2021-11-11,Consumer,0.030333600000000006,1.0,35,0.13460717948717948,51.51668
2021-11-12,Consumer,-0.015451428571428566,1.0,17,0.030333600000000006,49.227428571428575
2021-11-15,Consumer,-0.02384780701754386,1.0,32,-0.015451428571428566,48.80760964912281
2021-11-16,Consumer,0.11341554347826086,0.8,34,-0.02384780701754386,55.670777173913045
2021-11-17,Consumer,0.2867257142857143,1.0,30,0.11341554347826086,64.33628571428571
2021-11-18,Consumer,0.13585857142857144,1.0,29,0.2867257142857143,56.79292857142857
2021-11-19,Consumer,0.086488,1.0,21,0.13585857142857144,54.3244
2021-11-22,Consumer,0.11859752380952382,1.0,26,0.086488,55.92987619047619
2021-11-23,Consumer,0.12491166666666667,0.8,13,0.11859752380952382,56.245583333333336
2021-11-24,Consumer,0.05358666666666666,0.8,9,0.12491166666666667,52.67933333333333
2021-11-26,Consumer,0.27336733333333335,1.0,18,0.05358666666666666,63.668366666666664
2021-11-29,Consumer,0.04122575757575757,1.0,23,0.27336733333333335,52.06128787878788
2021-11-30,Consumer,0.19058066666666668,0.8,17,0.04122575757575757,59.52903333333334
2021-12-01,Consumer,-0.080848,1.0,21,0.19058066666666668,45.9576
2021-12-02,Consumer,0.16284357142857142,0.8,17,-0.080848,58.14217857142857
2021-12-03,Consumer,0.20594514285714283,0.8,16,0.16284357142857142,60.29725714285714
2021-12-06,Consumer,0.07901809523809526,1.0,27,0.20594514285714283,53.95090476190476
2021-12-07,Consumer,-0.027633333333333343,1.0,14,0.07901809523809526,48.61833333333333
2021-12-08,Consumer,0.03738333333333334,0.8,14,-0.027633333333333343,51.869166666666665
2021-12-09,Consumer,0.119395,1.0,20,0.03738333333333334,55.96975
2021-12-10,Consumer,0.021149999999999995,0.8,8,0.119395,51.0575
2021-12-13,Consumer,0.05103,1.0,21,0.021149999999999995,52.5515
2021-12-14,Consumer,0.10391733333333333,1.0,20,0.05103,55.195866666666674
2021-12-15,Consumer,0.30734500000000003,1.0,18,0.10391733333333333,65.36725
2021-12-16,Consumer,0.24237000000000003,0.8,10,0.30734500000000003,62.1185
2021-12-17,Consumer,0.10430390476190476,1.0,29,0.24237000000000003,55.21519523809524
2021-12-20,Consumer,0.12491312217194572,1.0,38,0.10430390476190476,56.24565610859729
2021-12-21,Consumer,0.09009894736842106,0.8,31,0.12491312217194572,54.50494736842105
2021-12-22,Consumer,0.01604333333333334,0.8,14,0.09009894736842106,50.80216666666667
2021-12-23,Consumer,0.07442249999999999,1.0,16,0.01604333333333334,53.721125
2021-12-27,Consumer,0.060158333333333314,1.0,24,0.07442249999999999,53.00791666666667
2021-12-28,Consumer,0.086561,0.8,18,0.060158333333333314,54.328050000000005
2021-12-29,Consumer,0.06378916666666666,0.8,15,0.086561,53.18945833333333
2021-12-30,Consumer,0.07742833333333334,1.0,19,0.06378916666666666,53.87141666666667
2021-12-31,Consumer,0.05556333333333334,1.0,12,0.07742833333333334,52.77816666666667
2022-01-03,Consumer,0.0528665,1.0,22,0.05556333333333334,52.643325
2022-01-04,Consumer,0.0,0.6,7,0.0528665,50.0
2022-01-05,Consumer,0.05369055555555556,1.0,22,0.0,52.68452777777778
2022-01-06,Consumer,0.15405466666666667,1.0,17,0.05369055555555556,57.702733333333335
2022-01-07,Consumer,0.007654999999999995,1.0,18,0.15405466666666667,50.38275
2022-01-10,Consumer,0.08441433333333333,1.0,25,0.007654999999999995,54.22071666666667
2022-01-11,Consumer,0.13477333333333336,1.0,9,0.08441433333333333,56.738666666666674
2022-01-12,Consumer,0.11597333333333334,1.0,20,0.13477333333333336,55.79866666666666
2022-01-13,Consumer,0.255645,1.0,12,0.11597333333333334,62.78225
2022-01-14,Consumer,-0.0298825,1.0,24,0.255645,48.505874999999996
2022-01-18,Consumer,0.032895820512820514,1.0,39,-0.0298825,51.64479102564103
2022-01-19,Consumer,0.064398,1.0,24,0.032895820512820514,53.219899999999996
2022-01-20,Consumer,0.10373746031746034,1.0,27,0.064398,55.18687301587302
2022-01-21,Consumer,0.17677039215686274,1.0,32,0.10373746031746034,58.83851960784314
2022-01-24,Consumer,0.08680333333333333,1.0,30,0.17677039215686274,54.34016666666667
2022-01-25,Consumer,0.07974366666666666,1.0,20,0.08680333333333333,53.987183333333334
2022-01-26,Consumer,0.11051176470588235,1.0,26,0.07974366666666666,55.52558823529412
2022-01-27,Consumer,0.01929738095238095,1.0,18,0.11051176470588235,50.96486904761905
2022-01-28,Consumer,0.0004079999999999995,0.8,10,0.01929738095238095,50.020399999999995
2022-01-31,Consumer,0.13369066666666668,1.0,31,0.0004079999999999995,56.684533333333334
2022-02-01,Consumer,-0.07741499999999998,1.0,31,0.13369066666666668,46.12925
2022-02-02,Consumer,-0.04913452380952381,1.0,18,-0.07741499999999998,47.54327380952381
2022-02-03,Consumer,0.2271516666666667,1.0,11,-0.04913452380952381,61.35758333333333
2022-02-04,Consumer,0.08700666666666665,1.0,15,0.2271516666666667,54.35033333333333
2022-02-07,Consumer,0.07478772727272727,1.0,43,0.08700666666666665,53.73938636363636
2022-02-08,Consumer,0.15476884848484848,1.0,31,0.07478772727272727,57.73844242424242
2022-02-09,Consumer,0.07301061904761905,1.0,34,0.15476884848484848,53.65053095238095
2022-02-10,Consumer,0.14308610559006213,1.0,49,0.07301061904761905,57.154305279503106
2022-02-11,Consumer,-0.0039650000000000015,1.0,28,0.14308610559006213,49.80175
2022-02-14,Consumer,0.10104091269841271,1.0,49,-0.0039650000000000015,55.05204563492063
2022-02-15,Consumer,0.1757313888888889,1.0,22,0.10104091269841271,58.786569444444446
2022-02-16,Consumer,0.16758466666666666,1.0,24,0.1757313888888889,58.37923333333334
2022-02-17,Consumer,0.049109275362318836,1.0,37,0.16758466666666666,52.45546376811594
2022-02-18,Consumer,0.02026083333333334,1.0,21,0.049109275362318836,51.013041666666666
2022-02-22,Consumer,0.10521680952380952,1.0,26,0.02026083333333334,55.260840476190474
2022-02-23,Consumer,-0.010833333333333316,1.0,11,0.10521680952380952,49.45833333333333
2022-02-24,Consumer,0.013923333333333333,1.0,23,-0.010833333333333316,50.69616666666666
2022-02-25,Consumer,0.09116333333333333,1.0,14,0.013923333333333333,54.558166666666665
2022-02-28,Consumer,0.18484591208791207,1.0,34,0.09116333333333333,59.2422956043956
2022-03-01,Consumer,0.011299285714285715,1.0,22,0.18484591208791207,50.56496428571429
2022-03-02,Consumer,0.1420520634920635,1.0,22,0.011299285714285715,57.102603174603175
2022-03-03,Consumer,0.07471171428571428,1.0,17,0.1420520634920635,53.73558571428572
2022-03-04,Consumer,0.07359085714285715,1.0,26,0.07471171428571428,53.679542857142856
2022-03-07,Consumer,0.1106945238095238,1.0,24,0.07359085714285715,55.53472619047619
2022-03-08,Consumer,0.17687952380952382,1.0,20,0.1106945238095238,58.84397619047619
2022-03-09,Consumer,0.041648214285714295,1.0,32,0.17687952380952382,52.08241071428571
2022-03-10,Consumer,0.07316199999999999,1.0,21,0.041648214285714295,53.6581
2022-03-11,Consumer,0.07675266666666666,1.0,23,0.07316199999999999,53.837633333333336
2022-03-14,Consumer,0.060792857142857135,1.0,28,0.07675266666666666,53.03964285714285
2022-03-15,Consumer,0.14180444444444446,1.0,28,0.060792857142857135,57.09022222222222
2022-03-16,Consumer,0.08664166666666666,1.0,25,0.14180444444444446,54.33208333333334
2022-03-17,Consumer,0.01987111111111111,1.0,25,0.08664166666666666,50.99355555555556
2022-03-18,Consumer,0.11450876190476192,1.0,19,0.01987111111111111,55.7254380952381
2022-03-21,Consumer,0.30715233333333336,1.0,36,0.11450876190476192,65.35761666666666
2022-03-22,Consumer,0.12419666666666669,0.8,25,0.30715233333333336,56.209833333333336
2022-03-23,Consumer,0.10520749999999998,0.8,15,0.12419666666666669,55.260374999999996
2022-03-24,Consumer,-0.04295523809523809,1.0,21,0.10520749999999998,47.8522380952381
2022-03-25,Consumer,0.11713083333333334,1.0,22,-0.04295523809523809,55.85654166666667
2022-03-28,Consumer,0.1520642261904762,1.0,37,0.11713083333333334,57.60321130952381
2022-03-29,Consumer,0.10560083333333334,1.0,24,0.1520642261904762,55.28004166666667
2022-03-30,Consumer,0.11848380952380952,0.8,12,0.10560083333333334,55.924190476190475
2022-03-31,Consumer,0.051818333333333334,1.0,26,0.11848380952380952,52.590916666666665
2022-04-01,Consumer,0.018912761904761904,0.8,23,0.051818333333333334,50.9456380952381
2022-04-04,Consumer,0.08438292016806723,1.0,39,0.018912761904761904,54.219146008403364
2022-04-05,Consumer,0.08657761904761904,1.0,17,0.08438292016806723,54.328880952380956
2022-04-06,Consumer,0.07396133333333335,1.0,15,0.08657761904761904,53.69806666666667
2022-04-07,Consumer,0.014387444444444442,1.0,29,0.07396133333333335,50.719372222222226
2022-04-08,Consumer,0.14961166666666664,1.0,17,0.014387444444444442,57.480583333333335
2022-04-11,Consumer,0.1837059285714286,1.0,33,0.14961166666666664,59.185296428571434
2022-04-12,Consumer,0.054097142857142864,0.6,13,0.1837059285714286,52.70485714285714
2022-04-13,Consumer,0.012541999999999998,1.0,16,0.054097142857142864,50.627100000000006
2022-04-14,Consumer,0.10697214285714285,1.0,21,0.012541999999999998,55.34860714285714
2022-04-18,Consumer,0.180084,1.0,30,0.10697214285714285,59.0042
2022-04-19,Consumer,0.10732969047619045,1.0,25,0.180084,55.366484523809525
2022-04-20,Consumer,-0.014678333333333324,1.0,28,0.10732969047619045,49.266083333333334
2022-04-21,Consumer,0.14994066666666667,1.0,25,-0.014678333333333324,57.497033333333334
2022-04-22,Consumer,0.15205190476190475,1.0,24,0.14994066666666667,57.60259523809523
2022-04-25,Consumer,0.07431406666666666,1.0,58,0.15205190476190475,53.71570333333333
2022-04-26,Consumer,0.07064000000000001,1.0,17,0.07431406666666666,53.532000000000004
2022-04-27,Consumer,0.05156588888888889,1.0,28,0.07064000000000001,52.57829444444444
2022-04-28,Consumer,0.17100166666666666,1.0,13,0.05156588888888889,58.55008333333333
2022-04-29,Consumer,0.08041375324675325,1.0,32,0.17100166666666666,54.020687662337664
2022-05-02,Consumer,0.11714738095238095,1.0,25,0.08041375324675325,55.857369047619045
2022-05-03,Consumer,0.11965,1.0,25,0.11714738095238095,55.9825
2022-05-04,Consumer,0.0771423188405797,1.0,31,0.11965,53.85711594202899
2022-05-05,Consumer,-0.09383695238095237,1.0,21,0.0771423188405797,45.30815238095238
2022-05-06,Consumer,0.035270571428571436,1.0,30,-0.09383695238095237,51.76352857142857
2022-05-09,Consumer,0.12882402597402595,1.0,29,0.035270571428571436,56.441201298701294
2022-05-10,Consumer,0.09924055555555555,1.0,24,0.12882402597402595,54.96202777777778
2022-05-11,Consumer,-0.023896000000000008,1.0,26,0.09924055555555555,48.8052
2022-05-12,Consumer,0.05801480392156864,1.0,33,-0.023896000000000008,52.90074019607843
2022-05-13,Consumer,0.06429476190476191,1.0,22,0.05801480392156864,53.21473809523809
2022-05-16,Consumer,0.019957333333333334,1.0,60,0.06429476190476191,50.99786666666667
2022-05-17,Consumer,0.07727725490196077,0.8,47,0.019957333333333334,53.86386274509803
2022-05-18,Consumer,0.01716661290322581,1.0,41,0.07727725490196077,50.85833064516129
2022-05-19,Consumer,0.15134,1.0,39,0.01716661290322581,57.567
2022-05-20,Consumer,0.13630524844720499,1.0,43,0.15134,56.81526242236025
2022-05-23,Consumer,0.06651283540372671,1.0,45,0.13630524844720499,53.32564177018634
2022-05-24,Consumer,0.19893866666666668,1.0,28,0.06651283540372671,59.94693333333333
2022-05-25,Consumer,0.023675047619047616,1.0,28,0.19893866666666668,51.183752380952384
2022-05-26,Consumer,0.09165325,1.0,28,0.023675047619047616,54.5826625
2022-05-27,Consumer,0.11223100000000001,1.0,17,0.09165325,55.61155
2022-05-31,Consumer,0.13059444444444446,1.0,26,0.11223100000000001,56.529722222222226
2022-06-01,Consumer,-0.05751166666666667,1.0,28,0.13059444444444446,47.12441666666667
2022-06-02,Consumer,0.17414066666666667,1.0,16,-0.05751166666666667,58.707033333333335
2022-06-03,Consumer,0.029041666666666667,0.8,14,0.17414066666666667,51.452083333333334
2022-06-06,Consumer,0.08790466666666666,0.8,36,0.029041666666666667,54.39523333333334
2022-06-07,Consumer,0.17995916666666667,1.0,30,0.08790466666666666,58.99795833333334
2022-06-08,Consumer,0.14056,0.8,18,0.17995916666666667,57.028
2022-06-09,Consumer,0.004124714285714287,1.0,23,0.14056,50.20623571428572
2022-06-10,Consumer,0.07040472727272726,1.0,24,0.004124714285714287,53.520236363636364
2022-06-13,Consumer,0.11722030303030304,1.0,42,0.07040472727272726,55.86101515151515
2022-06-14,Consumer,0.07506357142857142,0.8,20,0.11722030303030304,53.75317857142857
2022-06-15,Consumer,-0.09682500000000001,1.0,22,0.07506357142857142,45.15875
2022-06-16,Consumer,0.08174111111111113,1.0,22,-0.09682500000000001,54.08705555555555
2022-06-17,Consumer,0.14481,1.0,17,0.08174111111111113,57.240500000000004
2022-06-21,Consumer,0.03636007575757576,1.0,48,0.14481,51.81800378787879
2022-06-22,Consumer,0.15841818181818182,1.0,23,0.03636007575757576,57.92090909090909
2022-06-23,Consumer,0.1562095,1.0,29,0.15841818181818182,57.810475000000004
2022-06-24,Consumer,0.022115000000000003,1.0,24,0.1562095,51.10575000000001
2022-06-27,Consumer,0.11678599999999999,1.0,51,0.022115000000000003,55.8393
2022-06-28,Consumer,0.13665487719298247,1.0,37,0.11678599999999999,56.83274385964913
2022-06-29,Consumer,0.021086051948051944,1.0,31,0.13665487719298247,51.054302597402604
2022-06-30,Consumer,0.11716798534798537,1.0,30,0.021086051948051944,55.85839926739927
2022-07-01,Consumer,0.062128928571428564,0.8,18,0.11716798534798537,53.10644642857143
2022-07-05,Consumer,0.11166799145299144,1.0,40,0.062128928571428564,55.58339957264957
2022-07-06,Consumer,0.11930133333333334,1.0,23,0.11166799145299144,55.965066666666665
2022-07-07,Consumer,0.010063333333333337,1.0,17,0.11930133333333334,50.503166666666665
2022-07-08,Consumer,-0.057898000000000005,0.8,12,0.010063333333333337,47.1051
2022-07-11,Consumer,0.07448800000000001,0.8,27,-0.057898000000000005,53.7244
2022-07-12,Consumer,0.1937422077922078,1.0,31,0.07448800000000001,59.68711038961039
2022-07-13,Consumer,0.16275714285714288,1.0,19,0.1937422077922078,58.13785714285714
2022-07-14,Consumer,0.176815,1.0,23,0.16275714285714288,58.84075
2022-07-15,Consumer,0.05306621212121212,1.0,24,0.176815,52.65331060606061
2022-07-18,Consumer,0.1495052857142857,1.0,31,0.05306621212121212,57.47526428571429
2022-07-19,Consumer,0.10810542857142857,1.0,24,0.1495052857142857,55.40527142857143
2022-07-20,Consumer,0.013165000000000007,1.0,22,0.10810542857142857,50.65825
2022-07-21,Consumer,0.04345619047619048,1.0,19,0.013165000000000007,52.172809523809526
2022-07-22,Consumer,0.16752261904761903,1.0,22,0.04345619047619048,58.376130952380954
2022-07-25,Consumer,0.09171264102564101,1.0,43,0.16752261904761903,54.585632051282055
2022-07-26,Consumer,0.006381675362318842,1.0,83,0.09171264102564101,50.319083768115945
2022-07-27,Consumer,0.05354960784313726,0.8,30,0.006381675362318842,52.67748039215686
2022-07-28,Consumer,0.009316888888888894,1.0,24,0.05354960784313726,50.46584444444444
2022-07-29,Consumer,0.13318714285714287,1.0,18,0.009316888888888894,56.65935714285715
2022-08-01,Consumer,0.12408014285714286,1.0,36,0.13318714285714287,56.20400714285714
2022-08-02,Consumer,0.0666237777777778,1.0,21,0.12408014285714286,53.33118888888889
2022-08-03,Consumer,0.07798764069264069,0.8,28,0.0666237777777778,53.89938203463204
2022-08-04,Consumer,0.06134833333333334,0.8,18,0.07798764069264069,53.06741666666667
2022-08-05,Consumer,0.0006400000000000184,0.8,10,0.06134833333333334,50.032
2022-08-08,Consumer,0.0893464761904762,1.0,35,0.0006400000000000184,54.46732380952382
2022-08-09,Consumer,0.08117031746031744,1.0,21,0.0893464761904762,54.058515873015864
2022-08-10,Consumer,0.08854678787878788,0.8,22,0.08117031746031744,54.42733939393939
2022-08-11,Consumer,0.06565648148148148,1.0,41,0.08854678787878788,53.28282407407408
2022-08-12,Consumer,0.22668885714285714,1.0,20,0.06565648148148148,61.334442857142854
2022-08-15,Consumer,0.057081848484848485,1.0,62,0.22668885714285714,52.854092424242424
2022-08-16,Consumer,0.11442392857142858,1.0,55,0.057081848484848485,55.72119642857143
2022-08-17,Consumer,0.0408883574879227,1.0,42,0.11442392857142858,52.04441787439613
2022-08-18,Consumer,0.03643533333333334,1.0,24,0.0408883574879227,51.82176666666667
2022-08-19,Consumer,0.03893066666666667,1.0,31,0.03643533333333334,51.946533333333335
2022-08-22,Consumer,0.13030733333333333,1.0,29,0.03893066666666667,56.515366666666665
2022-08-23,Consumer,0.07946685714285714,1.0,17,0.13030733333333333,53.97334285714286
2022-08-24,Consumer,-0.04626866666666666,1.0,19,0.07946685714285714,47.68656666666667
2022-08-25,Consumer,0.150502,1.0,13,-0.04626866666666666,57.525099999999995
2022-08-26,Consumer,0.0048238095238095245,1.0,16,0.150502,50.241190476190475
2022-08-29,Consumer,0.09779961904761905,0.8,27,0.0048238095238095245,54.88998095238096
2022-08-30,Consumer,0.14592999999999998,1.0,20,0.09779961904761905,57.296499999999995
2022-08-31,Consumer,0.0524675,1.0,23,0.14592999999999998,52.623375
2022-09-01,Consumer,0.168611,1.0,18,0.0524675,58.430550000000004
2022-09-02,Consumer,0.039372000000000004,1.0,20,0.168611,51.968599999999995
2022-09-06,Consumer,0.18459799999999998,1.0,35,0.039372000000000004,59.2299
2022-09-07,Consumer,0.13488232142857143,0.8,31,0.18459799999999998,56.74411607142857
2022-09-08,Consumer,0.07027000000000001,1.0,18,0.13488232142857143,53.5135
2022-09-09,Consumer,0.23171916666666664,1.0,18,0.07027000000000001,61.58595833333334
2022-09-12,Consumer,0.15747616666666667,1.0,27,0.23171916666666664,57.87380833333333
2022-09-13,Consumer,0.18866866666666665,1.0,19,0.15747616666666667,59.433433333333326
2022-09-14,Consumer,0.19535309523809524,1.0,32,0.18866866666666665,59.767654761904765
2022-09-15,Consumer,0.05041142857142857,0.8,15,0.19535309523809524,52.52057142857143
2022-09-16,Consumer,0.13598533333333335,1.0,12,0.05041142857142857,56.79926666666667
2022-09-19,Consumer,0.310082,1.0,33,0.13598533333333335,65.5041
2022-09-20,Consumer,0.027582857142857138,1.0,19,0.310082,51.37914285714286
2022-09-21,Consumer,0.11222222222222222,0.8,16,0.027582857142857138,55.611111111111114
2022-09-22,Consumer,0.17846171428571428,1.0,25,0.11222222222222222,58.92308571428572
2022-09-23,Consumer,-0.04957666666666667,1.0,19,0.17846171428571428,47.521166666666666
2022-09-26,Consumer,0.19545261904761904,1.0,27,-0.04957666666666667,59.77263095238096
2022-09-27,Consumer,0.018224999999999998,1.0,12,0.19545261904761904,50.911249999999995
2022-09-28,Consumer,0.060516190476190466,1.0,21,0.018224999999999998,53.02580952380952
2022-09-29,Consumer,0.12367428571428571,1.0,36,0.060516190476190466,56.18371428571428
2022-09-30,Consumer,0.18351712121212121,1.0,37,0.12367428571428571,59.17585606060606
2022-10-03,Consumer,0.11644590476190478,1.0,30,0.18351712121212121,55.82229523809524
2022-10-04,Consumer,-0.011166666666666668,1.0,15,0.11644590476190478,49.44166666666667
2022-10-05,Consumer,0.05573066666666667,1.0,16,-0.011166666666666668,52.78653333333333
2022-10-06,Consumer,0.17427222222222222,1.0,24,0.05573066666666667,58.713611111111106
2022-10-07,Consumer,0.01323333333333333,1.0,21,0.17427222222222222,50.66166666666667
2022-10-10,Consumer,0.13132928571428573,1.0,29,0.01323333333333333,56.56646428571429
2022-10-11,Consumer,0.15716000000000002,0.6,9,0.13132928571428573,57.858
2022-10-12,Consumer,0.1837997619047619,1.0,20,0.15716000000000002,59.1899880952381
2022-10-13,Consumer,0.022599999999999988,1.0,18,0.1837997619047619,51.129999999999995
2022-10-14,Consumer,-0.03116666666666667,1.0,19,0.022599999999999988,48.44166666666666
2022-10-17,Consumer,0.09302980952380953,1.0,24,-0.03116666666666667,54.65149047619048
2022-10-18,Consumer,0.06945333333333334,1.0,19,0.09302980952380953,53.47266666666667
2022-10-19,Consumer,0.169599,1.0,19,0.06945333333333334,58.47995
2022-10-20,Consumer,0.19209266666666666,1.0,20,0.169599,59.60463333333333
2022-10-21,Consumer,0.030379999999999997,0.6,15,0.19209266666666666,51.519000000000005
2022-10-24,Consumer,0.120034,1.0,28,0.030379999999999997,56.0017
2022-10-25,Consumer,0.05301,1.0,33,0.120034,52.6505
2022-10-26,Consumer,0.06580916666666667,1.0,18,0.05301,53.29045833333333
2022-10-27,Consumer,0.06421416666666666,1.0,20,0.06580916666666667,53.210708333333336
2022-10-28,Consumer,0.044164,1.0,18,0.06421416666666666,52.208200000000005
2022-10-31,Consumer,0.06973016666666668,1.0,30,0.044164,53.48650833333334
2022-11-01,Consumer,0.05618500000000002,1.0,17,0.06973016666666668,52.80925
2022-11-02,Consumer,0.27115433333333333,1.0,19,0.05618500000000002,63.557716666666664
2022-11-03,Consumer,-0.002811666666666668,1.0,19,0.27115433333333333,49.85941666666667
2022-11-04,Consumer,-0.010599999999999997,1.0,31,-0.002811666666666668,49.470000000000006
2022-11-07,Consumer,0.08283149999999999,1.0,35,-0.010599999999999997,54.141574999999996
2022-11-08,Consumer,0.03052999999999999,1.0,31,0.08283149999999999,51.5265
2022-11-09,Consumer,0.045723333333333324,0.8,33,0.03052999999999999,52.28616666666667
2022-11-10,Consumer,-0.02396952380952381,1.0,23,0.045723333333333324,48.801523809523815
2022-11-11,Consumer,0.1656473333333333,1.0,19,-0.02396952380952381,58.28236666666666
2022-11-14,Consumer,0.16784295900178253,1.0,37,0.1656473333333333,58.392147950089125
2022-11-15,Consumer,0.06878066666666667,1.0,49,0.16784295900178253,53.43903333333333
2022-11-16,Consumer,0.07187133333333333,1.0,36,0.06878066666666667,53.59356666666667
2022-11-17,Consumer,0.3145645,1.0,23,0.07187133333333333,65.728225
2022-11-18,Consumer,-0.057420000000000006,1.0,17,0.3145645,47.129
2022-11-21,Consumer,0.2542560740740741,1.0,48,-0.057420000000000006,62.7128037037037
2022-11-22,Consumer,0.013168666666666657,1.0,24,0.2542560740740741,50.65843333333333
2022-11-23,Consumer,0.26413507936507935,0.8,26,0.013168666666666657,63.20675396825397
2022-11-25,Consumer,0.18268244047619048,1.0,37,0.26413507936507935,59.134122023809525
2022-11-28,Consumer,0.04753448351648352,0.8,27,0.18268244047619048,52.37672417582417
2022-11-29,Consumer,0.11526,0.8,23,0.04753448351648352,55.763
2022-11-30,Consumer,0.10158399999999998,0.8,20,0.11526,55.07919999999999
2022-12-01,Consumer,0.16009666666666666,1.0,18,0.10158399999999998,58.00483333333333
2022-12-02,Consumer,0.1251509090909091,0.8,24,0.16009666666666666,56.25754545454546
2022-12-05,Consumer,0.05085187301587302,1.0,39,0.1251509090909091,52.542593650793656
2022-12-06,Consumer,0.11515,1.0,19,0.05085187301587302,55.75750000000001
2022-12-07,Consumer,0.17124833333333334,1.0,14,0.11515,58.562416666666664
2022-12-08,Consumer,0.10427266666666668,1.0,28,0.17124833333333334,55.213633333333334
2022-12-09,Consumer,0.2669816666666667,1.0,24,0.10427266666666668,63.34908333333333
2022-12-12,Consumer,0.1372908333333333,1.0,20,0.2669816666666667,56.86454166666667
2022-12-13,Consumer,0.09141702380952381,1.0,24,0.1372908333333333,54.57085119047619
2022-12-14,Consumer,0.09585083333333333,0.8,17,0.09141702380952381,54.79254166666667
2022-12-15,Consumer,0.11147499999999999,0.8,19,0.09585083333333333,55.57375
2022-12-16,Consumer,0.14439666666666667,1.0,21,0.11147499999999999,57.219833333333334
2022-12-19,Consumer,0.14827978021978022,1.0,29,0.14439666666666667,57.413989010989006
2022-12-20,Consumer,0.06934597402597403,0.8,22,0.14827978021978022,53.4672987012987
2022-12-21,Consumer,-0.06510560606060607,1.0,46,0.06934597402597403,46.744719696969696
2022-12-22,Consumer,0.04227333333333333,0.8,23,-0.06510560606060607,52.11366666666667
2022-12-23,Consumer,0.09803,0.8,13,0.04227333333333333,54.901500000000006
2022-12-27,Consumer,0.22051240981240983,1.0,35,0.09803,61.02562049062049
2022-12-28,Consumer,0.0663,0.8,8,0.22051240981240983,53.315
2022-12-29,Consumer,0.1583688888888889,1.0,22,0.0663,57.91844444444445
2022-12-30,Consumer,0.11475514285714286,1.0,25,0.1583688888888889,55.73775714285715
2023-01-03,Consumer,0.09826857142857143,1.0,34,0.11475514285714286,54.91342857142857
2023-01-04,Consumer,0.07606457142857143,1.0,24,0.09826857142857143,53.803228571428576
2023-01-05,Consumer,0.23768650793650795,1.0,21,0.07606457142857143,61.8843253968254
2023-01-06,Consumer,0.13477,0.8,10,0.23768650793650795,56.7385
2023-01-09,Consumer,0.13457952380952382,0.8,25,0.13477,56.72897619047619
2023-01-10,Consumer,0.10989238095238094,1.0,13,0.13457952380952382,55.49461904761904
2023-01-11,Consumer,0.03772633333333334,1.0,21,0.10989238095238094,51.886316666666666
2023-01-12,Consumer,0.06283569230769231,1.0,28,0.03772633333333334,53.141784615384616
2023-01-13,Consumer,0.19112266666666666,1.0,17,0.06283569230769231,59.556133333333335
2023-01-17,Consumer,0.23867834285714284,1.0,51,0.19112266666666666,61.93391714285714
2023-01-18,Consumer,0.17681855555555556,1.0,27,0.23867834285714284,58.84092777777777
2023-01-19,Consumer,-0.0029958571428571417,1.0,24,0.17681855555555556,49.850207142857144
2023-01-20,Consumer,0.013133333333333335,1.0,18,-0.0029958571428571417,50.65666666666667
2023-01-23,Consumer,0.21038928571428572,1.0,31,0.013133333333333335,60.519464285714285
2023-01-24,Consumer,0.15604383333333333,1.0,33,0.21038928571428572,57.80219166666667
2023-01-25,Consumer,0.12261899999999999,1.0,21,0.15604383333333333,56.13095
2023-01-26,Consumer,0.11155333333333335,1.0,19,0.12261899999999999,55.57766666666667
2023-01-27,Consumer,0.04188190476190475,1.0,19,0.11155333333333335,52.09409523809524
2023-01-30,Consumer,0.013520000000000004,1.0,30,0.04188190476190475,50.676
2023-01-31,Consumer,0.061749476190476195,1.0,21,0.013520000000000004,53.087473809523814
2023-02-01,Consumer,0.1017551515151515,1.0,22,0.061749476190476195,55.08775757575758
2023-02-02,Consumer,0.13993,1.0,20,0.1017551515151515,56.996500000000005
2023-02-03,Consumer,0.16105171428571427,1.0,19,0.13993,58.05258571428571
2023-02-06,Consumer,0.08302100000000001,1.0,38,0.16105171428571427,54.15105
2023-02-07,Consumer,0.12152166666666667,0.8,14,0.08302100000000001,56.07608333333334
2023-02-08,Consumer,0.10050971428571429,1.0,39,0.12152166666666667,55.025485714285715
2023-02-09,Consumer,0.0712151724137931,1.0,43,0.10050971428571429,53.560758620689654
2023-02-10,Consumer,0.11233599999999999,1.0,18,0.0712151724137931,55.6168
2023-02-13,Consumer,0.13103913636363634,1.0,41,0.11233599999999999,56.551956818181814
2023-02-14,Consumer,0.263443393939394,1.0,37,0.13103913636363634,63.1721696969697
2023-02-15,Consumer,0.006004666666666658,0.8,16,0.263443393939394,50.30023333333333
2023-02-16,Consumer,0.006370666666666663,1.0,24,0.006004666666666658,50.318533333333335
2023-02-17,Consumer,0.09430857142857144,0.8,14,0.006370666666666663,54.71542857142857
2023-02-21,Consumer,0.11767893650793651,1.0,91,0.09430857142857144,55.883946825396826
2023-02-22,Consumer,0.08917590476190476,1.0,29,0.11767893650793651,54.458795238095234
2023-02-23,Consumer,0.10625000000000002,1.0,21,0.08917590476190476,55.3125
2023-02-24,Consumer,0.011130000000000003,0.8,14,0.10625000000000002,50.55650000000001
2023-02-27,Consumer,0.07535344444444445,1.0,28,0.011130000000000003,53.76767222222222
2023-02-28,Consumer,0.09247866666666668,0.8,13,0.07535344444444445,54.623933333333326
2023-03-01,Consumer,0.09564033333333334,1.0,28,0.09247866666666668,54.782016666666664
2023-03-02,Consumer,0.2024008658008658,1.0,26,0.09564033333333334,60.12004329004329
2023-03-03,Consumer,-0.014770000000000005,0.6,9,0.2024008658008658,49.261500000000005
2023-03-06,Consumer,-0.040311,1.0,28,-0.014770000000000005,47.98445
2023-03-07,Consumer,0.16452333333333333,1.0,21,-0.040311,58.22616666666667
2023-03-08,Consumer,0.25326166666666666,1.0,11,0.16452333333333333,62.66308333333333
2023-03-09,Consumer,0.10084,1.0,21,0.25326166666666666,55.042
2023-03-10,Consumer,0.12061199999999998,1.0,21,0.10084,56.0306
2023-03-13,Consumer,0.053982190476190475,1.0,41,0.12061199999999998,52.699109523809526
2023-03-14,Consumer,-0.04649666666666667,1.0,19,0.053982190476190475,47.67516666666667
2023-03-15,Consumer,0.06556166666666667,1.0,20,-0.04649666666666667,53.278083333333335
2023-03-16,Consumer,0.029326666666666674,1.0,15,0.06556166666666667,51.46633333333334
2023-03-17,Consumer,-0.02581300000000001,1.0,17,0.029326666666666674,48.70935
2023-03-20,Consumer,0.042434285714285716,1.0,26,-0.02581300000000001,52.12171428571428
2023-03-21,Consumer,0.14174222222222221,0.8,21,0.042434285714285716,57.08711111111111
2023-03-22,Consumer,-0.0445123076923077,1.0,30,0.14174222222222221,47.77438461538461
2023-03-23,Consumer,0.05046666666666668,1.0,20,-0.0445123076923077,52.52333333333333
2023-03-24,Consumer,0.157884,1.0,15,0.05046666666666668,57.8942
2023-03-27,Consumer,0.11142416666666666,1.0,29,0.157884,55.57120833333333
2023-03-28,Consumer,0.15801928571428572,1.0,22,0.11142416666666666,57.90096428571429
2023-03-29,Consumer,0.12297333333333334,1.0,24,0.15801928571428572,56.14866666666667
2023-03-30,Consumer,0.11552115384615384,1.0,26,0.12297333333333334,55.77605769230769
2023-03-31,Consumer,0.06339314285714286,0.8,24,0.11552115384615384,53.16965714285714
2023-04-03,Consumer,0.11564195488721804,1.0,47,0.06339314285714286,55.782097744360904
2023-04-04,Consumer,0.12417666666666667,1.0,13,0.11564195488721804,56.20883333333333
2023-04-05,Consumer,0.09757428571428571,1.0,20,0.12417666666666667,54.87871428571428
2023-04-06,Consumer,0.10606711111111111,1.0,26,0.09757428571428571,55.303355555555555
2023-04-10,Consumer,0.14880703296703296,1.0,35,0.10606711111111111,57.44035164835165
2023-04-11,Consumer,0.047954000000000004,0.8,18,0.14880703296703296,52.3977
2023-04-12,Consumer,0.0575652380952381,1.0,20,0.047954000000000004,52.8782619047619
2023-04-13,Consumer,-0.014880000000000008,1.0,23,0.0575652380952381,49.256
2023-04-14,Consumer,0.124798,1.0,16,-0.014880000000000008,56.2399
2023-04-17,Consumer,0.04868159663865546,1.0,39,0.124798,52.43407983193278
2023-04-18,Consumer,-0.03344785714285714,1.0,21,0.04868159663865546,48.32760714285714
2023-04-19,Consumer,0.10089833333333334,1.0,28,-0.03344785714285714,55.044916666666666
2023-04-20,Consumer,0.14552822222222223,1.0,22,0.10089833333333334,57.276411111111116
2023-04-21,Consumer,0.15017619047619046,1.0,22,0.14552822222222223,57.508809523809525
2023-04-24,Consumer,0.1776605,1.0,46,0.15017619047619046,58.883025
2023-04-25,Consumer,0.05359533333333334,1.0,30,0.1776605,52.67976666666667
2023-04-26,Consumer,0.11874577922077922,1.0,38,0.05359533333333334,55.93728896103896
2023-04-27,Consumer,0.01228833333333334,1.0,25,0.11874577922077922,50.61441666666666
2023-04-28,Consumer,0.22744999999999999,1.0,28,0.01228833333333334,61.372499999999995
2023-05-01,Consumer,0.07340109523809525,1.0,34,0.22744999999999999,53.670054761904765
2023-05-02,Consumer,0.056548,1.0,26,0.07340109523809525,52.827400000000004
2023-05-03,Consumer,0.0970625,0.8,25,0.056548,54.853125000000006
2023-05-04,Consumer,0.0021009523809523813,1.0,24,0.0970625,50.10504761904762
2023-05-05,Consumer,0.07084933333333335,1.0,14,0.0021009523809523813,53.54246666666667
2023-05-08,Consumer,0.017195238095238104,1.0,31,0.07084933333333335,50.8597619047619
2023-05-09,Consumer,0.14326366666666668,1.0,26,0.017195238095238104,57.163183333333336
2023-05-10,Consumer,-0.004055282051282051,1.0,25,0.14326366666666668,49.7972358974359
2023-05-11,Consumer,0.129454,0.8,38,-0.004055282051282051,56.472699999999996
2023-05-12,Consumer,0.08773413636363638,1.0,30,0.129454,54.38670681818182
2023-05-15,Consumer,0.0807376923076923,1.0,40,0.08773413636363638,54.036884615384615
2023-05-16,Consumer,0.07171818181818182,1.0,26,0.0807376923076923,53.58590909090909
2023-05-17,Consumer,0.031925515151515156,0.8,31,0.07171818181818182,51.59627575757576
2023-05-18,Consumer,0.2522140972222222,1.0,45,0.031925515151515156,62.61070486111111
2023-05-19,Consumer,0.0792261337355455,1.0,43,0.2522140972222222,53.96130668677728
2023-05-22,Consumer,0.044529469696969706,1.0,46,0.0792261337355455,52.22647348484849
2023-05-23,Consumer,-0.020525238095238096,1.0,19,0.044529469696969706,48.9737380952381
2023-05-24,Consumer,0.01727333333333333,1.0,22,-0.020525238095238096,50.86366666666666
2023-05-25,Consumer,0.06133999999999999,0.8,14,0.01727333333333333,53.067
2023-05-26,Consumer,0.06419766666666667,0.8,16,0.06133999999999999,53.20988333333333
2023-05-30,Consumer,0.10615259740259742,1.0,41,0.06419766666666667,55.30762987012987
2023-05-31,Consumer,0.09165928571428572,1.0,24,0.10615259740259742,54.58296428571428
2023-06-01,Consumer,0.1343916666666667,1.0,25,0.09165928571428572,56.71958333333333
2023-06-02,Consumer,-0.029713999999999997,0.8,17,0.1343916666666667,48.5143
2023-06-05,Consumer,0.009052641025641024,1.0,37,-0.029713999999999997,50.45263205128205
2023-06-06,Consumer,0.1613516666666667,1.0,17,0.009052641025641024,58.06758333333334
2023-06-07,Consumer,0.12403166666666668,1.0,28,0.1613516666666667,56.20158333333334
2023-06-08,Consumer,0.10710144444444444,1.0,23,0.12403166666666668,55.355072222222226
2023-06-09,Consumer,0.07775714285714286,1.0,20,0.10710144444444444,53.88785714285714
2023-06-12,Consumer,0.09070455555555555,1.0,32,0.07775714285714286,54.53522777777777
2023-06-13,Consumer,0.08649333333333334,1.0,15,0.09070455555555555,54.324666666666666
2023-06-14,Consumer,0.04352277777777778,1.0,30,0.08649333333333334,52.17613888888889
2023-06-15,Consumer,0.07783428571428572,1.0,25,0.04352277777777778,53.891714285714286
2023-06-16,Consumer,-0.009490000000000004,1.0,14,0.07783428571428572,49.5255
2023-06-20,Consumer,0.02933919047619048,1.0,42,-0.009490000000000004,51.46695952380952
2023-06-21,Consumer,0.12768600000000002,1.0,26,0.02933919047619048,56.384299999999996
2023-06-22,Consumer,0.04313142857142858,1.0,33,0.12768600000000002,52.15657142857143
2023-06-23,Consumer,0.04139742857142857,1.0,33,0.04313142857142858,52.069871428571425
2023-06-26,Consumer,0.15391238095238097,1.0,35,0.04139742857142857,57.695619047619054
2023-06-27,Consumer,0.11427333333333334,1.0,19,0.15391238095238097,55.71366666666666
2023-06-28,Consumer,0.10723866666666668,1.0,18,0.11427333333333334,55.36193333333333
2023-06-29,Consumer,0.002468666666666676,1.0,32,0.10723866666666668,50.12343333333333
2023-06-30,Consumer,0.09908491758241758,1.0,49,0.002468666666666676,54.954245879120876
2023-07-03,Consumer,0.07753571428571429,1.0,30,0.09908491758241758,53.87678571428572
2023-07-05,Consumer,0.093782,1.0,29,0.07753571428571429,54.6891
2023-07-06,Consumer,0.05473309523809524,1.0,20,0.093782,52.73665476190477
2023-07-07,Consumer,0.09128266666666666,0.8,17,0.05473309523809524,54.56413333333333
2023-07-10,Consumer,0.03842547619047619,1.0,27,0.09128266666666666,51.921273809523804
2023-07-11,Consumer,0.1483045,1.0,29,0.03842547619047619,57.41522500000001
2023-07-12,Consumer,0.1423369090909091,0.8,29,0.1483045,57.11684545454545
2023-07-13,Consumer,0.1847499010989011,1.0,31,0.1423369090909091,59.23749505494506
2023-07-14,Consumer,0.16024290909090907,1.0,23,0.1847499010989011,58.01214545454545
2023-07-17,Consumer,0.04559927272727273,1.0,32,0.16024290909090907,52.27996363636363
2023-07-18,Consumer,0.04977095238095239,1.0,30,0.04559927272727273,52.48854761904762
2023-07-19,Consumer,0.168018,1.0,20,0.04977095238095239,58.4009
2023-07-20,Consumer,0.08856657142857141,1.0,22,0.168018,54.42832857142857
2023-07-21,Consumer,0.024183333333333334,1.0,19,0.08856657142857141,51.20916666666666
2023-07-24,Consumer,0.09733621428571429,1.0,34,0.024183333333333334,54.86681071428572
2023-07-25,Consumer,0.06537314285714285,1.0,26,0.09733621428571429,53.268657142857144
2023-07-26,Consumer,0.1706915087719298,1.0,36,0.06537314285714285,58.53457543859649
2023-07-27,Consumer,0.12708777777777777,0.8,22,0.1706915087719298,56.354388888888884
2023-07-28,Consumer,0.07555714285714285,0.8,17,0.12708777777777777,53.777857142857144
2023-07-31,Consumer,0.11187411111111109,1.0,50,0.07555714285714285,55.59370555555555
2023-08-01,Consumer,0.118555,1.0,27,0.11187411111111109,55.927749999999996
2023-08-02,Consumer,0.000318690476190474,1.0,31,0.118555,50.01593452380953
2023-08-03,Consumer,0.01407633333333333,1.0,21,0.000318690476190474,50.70381666666667
2023-08-04,Consumer,0.07977000000000001,1.0,22,0.01407633333333333,53.988499999999995
2023-08-07,Consumer,0.075559,1.0,30,0.07977000000000001,53.77795
2023-08-08,Consumer,0.11314619047619048,1.0,29,0.075559,55.65730952380953
2023-08-09,Consumer,0.04983663157894737,1.0,54,0.11314619047619048,52.49183157894737
2023-08-10,Consumer,0.06713083333333333,1.0,38,0.04983663157894737,53.356541666666665
2023-08-11,Consumer,0.07658003418803419,1.0,34,0.06713083333333333,53.829001709401716
2023-08-14,Consumer,0.05843190476190476,1.0,52,0.07658003418803419,52.92159523809524
2023-08-15,Consumer,0.06022467171717172,1.0,32,0.05843190476190476,53.011233585858584
2023-08-16,Consumer,0.11619657142857143,1.0,35,0.06022467171717172,55.809828571428575
2023-08-17,Consumer,0.031220909090909087,1.0,51,0.11619657142857143,51.56104545454545
2023-08-18,Consumer,-0.0013881666666666639,1.0,40,0.031220909090909087,49.93059166666667
2023-08-21,Consumer,0.07990866666666667,1.0,40,-0.0013881666666666639,53.99543333333333
2023-08-22,Consumer,0.04668309523809523,1.0,24,0.07990866666666667,52.33415476190476
2023-08-23,Consumer,0.15126488095238097,1.0,35,0.04668309523809523,57.563244047619044
2023-08-24,Consumer,0.06919654545454547,1.0,42,0.15126488095238097,53.45982727272728
2023-08-25,Consumer,0.11228216666666666,1.0,29,0.06919654545454547,55.614108333333334
2023-08-28,Consumer,0.08646838095238096,1.0,27,0.11228216666666666,54.32341904761905
2023-08-29,Consumer,0.14495030303030304,0.8,26,0.08646838095238096,57.24751515151515
2023-08-30,Consumer,0.10278400000000001,1.0,25,0.14495030303030304,55.1392
2023-08-31,Consumer,0.2287150476190476,1.0,24,0.10278400000000001,61.43575238095238
2023-09-01,Consumer,0.18400166666666667,1.0,23,0.2287150476190476,59.20008333333333
2023-09-05,Consumer,0.09994464646464647,1.0,38,0.18400166666666667,54.997232323232325
2023-09-06,Consumer,0.04381500000000001,1.0,27,0.09994464646464647,52.190749999999994
2023-09-07,Consumer,0.07096777777777778,0.8,26,0.04381500000000001,53.54838888888889
2023-09-08,Consumer,0.1732502777777778,1.0,26,0.07096777777777778,58.66251388888889
2023-09-11,Consumer,0.08220611111111112,1.0,38,0.1732502777777778,54.11030555555556
2023-09-12,Consumer,0.06304035714285713,0.8,25,0.08220611111111112,53.15201785714285
2023-09-13,Consumer,0.10820777777777776,0.8,22,0.06304035714285713,55.41038888888888
2023-09-14,Consumer,0.031052380952380953,1.0,24,0.10820777777777776,51.552619047619054
2023-09-15,Consumer,0.2730741666666667,1.0,30,0.031052380952380953,63.653708333333334
2023-09-18,Consumer,0.08809961038961038,1.0,31,0.2730741666666667,54.40498051948052
2023-09-19,Consumer,0.11061783333333335,1.0,36,0.08809961038961038,55.53089166666667
2023-09-20,Consumer,-0.08202899999999999,1.0,31,0.11061783333333335,45.89855
2023-09-21,Consumer,0.03788380952380952,1.0,31,-0.08202899999999999,51.894190476190474
2023-09-22,Consumer,0.14943766666666666,1.0,23,0.03788380952380952,57.47188333333333
2023-09-25,Consumer,0.0775480119047619,1.0,60,0.14943766666666666,53.877400595238086
2023-09-26,Consumer,0.131094,1.0,34,0.0775480119047619,56.554700000000004
2023-09-27,Consumer,-0.012613333333333334,1.0,22,0.131094,49.36933333333333
2023-09-28,Consumer,0.08948840293040294,0.8,31,-0.012613333333333334,54.47442014652015
2023-09-29,Consumer,0.16852887719298246,1.0,57,0.08948840293040294,58.426443859649126
2023-10-02,Consumer,0.14163088311688313,1.0,47,0.16852887719298246,57.081544155844156
2023-10-03,Consumer,0.368542,1.0,16,0.14163088311688313,68.4271
2023-10-04,Consumer,0.11470916666666668,1.0,23,0.368542,55.735458333333334
2023-10-05,Consumer,0.16242583333333332,1.0,22,0.11470916666666668,58.121291666666664
2023-10-06,Consumer,0.06947696969696969,1.0,34,0.16242583333333332,53.47384848484849
2023-10-09,Consumer,0.05832021428571429,1.0,49,0.06947696969696969,52.91601071428571
2023-10-10,Consumer,0.1836093650793651,1.0,31,0.05832021428571429,59.18046825396826
2023-10-11,Consumer,0.058203500000000005,1.0,29,0.1836093650793651,52.910175
2023-10-12,Consumer,0.09606790476190476,1.0,26,0.058203500000000005,54.80339523809524
2023-10-13,Consumer,0.05699309523809524,1.0,17,0.09606790476190476,52.849654761904766
2023-10-16,Consumer,0.16078211111111113,1.0,36,0.05699309523809524,58.03910555555556
2023-10-17,Consumer,0.0683311111111111,1.0,24,0.16078211111111113,53.416555555555554
2023-10-18,Consumer,0.09116303030303029,1.0,26,0.0683311111111111,54.55815151515151
2023-10-19,Consumer,0.04785849206349206,1.0,27,0.09116303030303029,52.392924603174606
2023-10-20,Consumer,0.09656666666666666,0.8,11,0.04785849206349206,54.82833333333333
2023-10-23,Consumer,0.1480585576923077,1.0,43,0.09656666666666666,57.40292788461539
2023-10-24,Consumer,0.07639683333333333,1.0,50,0.1480585576923077,53.81984166666667
2023-10-25,Consumer,-0.01866833333333332,1.0,35,0.07639683333333333,49.066583333333334
2023-10-26,Consumer,0.05937633333333333,1.0,28,-0.01866833333333332,52.96881666666666
2023-10-27,Consumer,0.11859000000000001,1.0,27,0.05937633333333333,55.9295
2023-10-30,Consumer,0.10734427350427352,1.0,47,0.11859000000000001,55.36721367521368
2023-10-31,Consumer,0.13327566666666665,1.0,19,0.10734427350427352,56.66378333333333
2023-11-01,Consumer,0.15182860317460317,1.0,33,0.13327566666666665,57.59143015873016
2023-11-02,Consumer,0.1063071111111111,1.0,41,0.15182860317460317,55.315355555555556
2023-11-03,Consumer,0.07733019047619047,1.0,24,0.1063071111111111,53.866509523809526
2023-11-06,Consumer,0.05247298412698413,1.0,47,0.07733019047619047,52.623649206349214
2023-11-07,Consumer,0.18668244444444443,1.0,36,0.05247298412698413,59.33412222222222
2023-11-08,Consumer,0.019635641025641023,1.0,34,0.18668244444444443,50.98178205128205
2023-11-09,Consumer,0.133251798245614,1.0,38,0.019635641025641023,56.6625899122807
2023-11-10,Consumer,0.1389518787878788,1.0,29,0.133251798245614,56.94759393939394
2023-11-13,Consumer,0.15752817391304347,1.0,54,0.1389518787878788,57.876408695652174
2023-11-14,Consumer,0.08768266666666666,1.0,33,0.15752817391304347,54.38413333333333
2023-11-15,Consumer,0.1546471794871795,1.0,44,0.08768266666666666,57.732358974358974
2023-11-16,Consumer,0.02141885714285714,1.0,50,0.1546471794871795,51.07094285714285
2023-11-17,Consumer,0.08490333333333333,1.0,21,0.02141885714285714,54.24516666666667
2023-11-20,Consumer,0.042926337662337666,1.0,31,0.08490333333333333,52.14631688311688
2023-11-21,Consumer,0.032302166666666667,0.8,25,0.042926337662337666,51.61510833333334
2023-11-22,Consumer,0.011287272727272729,1.0,23,0.032302166666666667,50.56436363636364
2023-11-24,Consumer,-0.06559355555555554,1.0,34,0.011287272727272729,46.72032222222222
2023-11-27,Consumer,0.13043235714285714,1.0,54,-0.06559355555555554,56.52161785714286
2023-11-28,Consumer,0.0994195,1.0,19,0.13043235714285714,54.970975
2023-11-29,Consumer,0.0798332142857143,1.0,28,0.0994195,53.991660714285715
2023-11-30,Consumer,0.024959444444444454,1.0,27,0.0798332142857143,51.247972222222224
2023-12-01,Consumer,0.14960428571428572,0.8,18,0.024959444444444454,57.48021428571428
2023-12-04,Consumer,0.08154409090909091,1.0,34,0.14960428571428572,54.07720454545455
2023-12-05,Consumer,0.13501333333333335,1.0,16,0.08154409090909091,56.750666666666675
2023-12-06,Consumer,0.06846177777777776,1.0,26,0.13501333333333335,53.42308888888889
2023-12-07,Consumer,0.27937333333333336,1.0,19,0.06846177777777776,63.96866666666667
2023-12-08,Consumer,-0.015177000000000001,1.0,23,0.27937333333333336,49.24115
2023-12-11,Consumer,0.1371493145743146,1.0,41,-0.015177000000000001,56.85746572871573
2023-12-12,Consumer,0.06663666666666666,1.0,20,0.1371493145743146,53.331833333333336
2023-12-13,Consumer,0.06228600000000001,1.0,24,0.06663666666666666,53.1143
2023-12-14,Consumer,0.07650533333333334,1.0,22,0.06228600000000001,53.82526666666667
2023-12-15,Consumer,0.08664666666666668,0.8,18,0.07650533333333334,54.33233333333334
2023-12-18,Consumer,0.06994533333333333,1.0,22,0.08664666666666668,53.49726666666667
2023-12-19,Consumer,0.0,0.0,0,0.06994533333333333,50.0
2023-12-20,Consumer,0.0,0.0,0,0.0,50.0
2023-12-21,Consumer,0.0,0.0,0,0.0,50.0
2023-12-22,Consumer,0.0,0.0,0,0.0,50.0
2023-12-26,Consumer,0.0,0.0,0,0.0,50.0
2023-12-27,Consumer,0.0,0.0,0,0.0,50.0
2023-12-28,Consumer,0.0,0.0,0,0.0,50.0
2023-12-29,Consumer,0.0,0.0,0,0.0,50.0
2020-01-03,Energy,-0.046189727272727285,1.0,28,0.0,47.69051363636363
2020-01-06,Energy,0.08543969696969697,1.0,34,-0.046189727272727285,54.27198484848484
2020-01-07,Energy,0.04761,0.6,12,0.08543969696969697,52.3805
2020-01-08,Energy,-0.018874999999999986,1.0,17,0.04761,49.05625
2020-01-09,Energy,0.08280800000000002,0.8,10,-0.018874999999999986,54.1404
2020-01-10,Energy,0.07396200000000001,1.0,15,0.08280800000000002,53.698100000000004
2020-01-13,Energy,0.13454349999999998,1.0,19,0.07396200000000001,56.727174999999995
2020-01-14,Energy,0.2138183333333333,1.0,23,0.13454349999999998,60.69091666666666
2020-01-15,Energy,0.08600666666666665,1.0,13,0.2138183333333333,54.30033333333333
2020-01-16,Energy,0.10285428571428572,0.6,13,0.08600666666666665,55.14271428571429
2020-01-17,Energy,0.11287244444444444,0.8,31,0.10285428571428572,55.64362222222222
2020-01-21,Energy,0.1099737142857143,0.8,28,0.11287244444444444,55.49868571428571
2020-01-22,Energy,0.09017333333333334,0.8,11,0.1099737142857143,54.50866666666667
2020-01-23,Energy,0.06157333333333333,1.0,17,0.09017333333333334,53.07866666666666
2020-01-24,Energy,0.18136166666666667,1.0,14,0.06157333333333333,59.068083333333334
2020-01-27,Energy,0.04191166666666666,1.0,22,0.18136166666666667,52.09558333333333
2020-01-28,Energy,0.09863333333333334,0.4,6,0.04191166666666666,54.931666666666665
2020-01-29,Energy,0.010496666666666668,0.8,13,0.09863333333333334,50.52483333333333
2020-01-30,Energy,0.10769714285714287,0.8,15,0.010496666666666668,55.38485714285714
2020-01-31,Energy,0.07983380952380953,1.0,31,0.10769714285714287,53.99169047619048
2020-02-03,Energy,0.05148243589743588,1.0,25,0.07983380952380953,52.5741217948718
2020-02-04,Energy,0.1017411111111111,1.0,20,0.05148243589743588,55.08705555555555
2020-02-05,Energy,0.504522857142857,1.0,18,0.1017411111111111,75.22614285714285
2020-02-06,Energy,0.18725666666666668,0.8,11,0.504522857142857,59.362833333333334
2020-02-07,Energy,0.22275299999999998,1.0,14,0.18725666666666668,61.13765
2020-02-10,Energy,0.05099333333333335,1.0,11,0.22275299999999998,52.549666666666674
2020-02-11,Energy,0.09527314285714285,1.0,21,0.05099333333333335,54.76365714285715
2020-02-12,Energy,0.03376749999999999,1.0,17,0.09527314285714285,51.688375
2020-02-13,Energy,0.0972925,0.8,22,0.03376749999999999,54.864625000000004
2020-02-14,Energy,0.0905,0.8,12,0.0972925,54.525
2020-02-18,Energy,0.14617833333333333,1.0,22,0.0905,57.30891666666666
2020-02-19,Energy,0.19815666666666668,0.8,9,0.14617833333333333,59.907833333333336
2020-02-20,Energy,0.171315,0.6,8,0.19815666666666668,58.565749999999994
2020-02-21,Energy,0.07205833333333334,1.0,15,0.171315,53.602916666666665
2020-02-24,Energy,-0.14663821428571427,1.0,24,0.07205833333333334,42.66808928571428
2020-02-25,Energy,-0.033855,1.0,17,-0.14663821428571427,48.30725
2020-02-26,Energy,0.2228217142857143,1.0,17,-0.033855,61.141085714285715
2020-02-27,Energy,0.08371033333333334,1.0,32,0.2228217142857143,54.185516666666665
2020-02-28,Energy,0.08607138888888889,1.0,26,0.08371033333333334,54.30356944444444
2020-03-02,Energy,0.041444999999999996,0.8,16,0.08607138888888889,52.07225
2020-03-03,Energy,0.05448088888888889,1.0,23,0.041444999999999996,52.72404444444444
2020-03-04,Energy,0.22001666666666667,1.0,19,0.05448088888888889,61.00083333333334
2020-03-05,Energy,0.06623000000000001,1.0,20,0.22001666666666667,53.3115
2020-03-06,Energy,-0.0073595238095238045,1.0,29,0.06623000000000001,49.632023809523815
2020-03-09,Energy,-0.09956684210526316,1.0,54,-0.0073595238095238045,45.02165789473685
2020-03-10,Energy,0.008469864734299514,1.0,48,-0.09956684210526316,50.423493236714975
2020-03-11,Energy,0.032616011904761905,1.0,33,0.008469864734299514,51.63080059523809
2020-03-12,Energy,0.06268815789473683,1.0,29,0.032616011904761905,53.134407894736846
2020-03-13,Energy,0.2084266106442577,1.0,30,0.06268815789473683,60.42133053221288
2020-03-16,Energy,0.000690843137254904,1.0,42,0.2084266106442577,50.03454215686275
2020-03-17,Energy,0.025996000000000002,1.0,18,0.000690843137254904,51.2998
2020-03-18,Energy,0.018742857142857148,1.0,29,0.025996000000000002,50.93714285714286
2020-03-19,Energy,-0.046462,0.8,15,0.018742857142857148,47.6769
2020-03-20,Energy,-0.10680738461538461,1.0,29,-0.046462,44.659630769230766
2020-03-23,Energy,-0.13521555555555556,1.0,26,-0.10680738461538461,43.239222222222224
2020-03-24,Energy,0.11338933333333331,1.0,31,-0.13521555555555556,55.669466666666665
2020-03-25,Energy,0.12720666666666666,0.6,22,0.11338933333333331,56.36033333333334
2020-03-26,Energy,0.175266,1.0,17,0.12720666666666666,58.763299999999994
2020-03-27,Energy,0.28984471428571423,1.0,23,0.175266,64.49223571428571
2020-03-30,Energy,0.12272133333333332,1.0,20,0.28984471428571423,56.136066666666665
2020-03-31,Energy,0.006620833333333331,1.0,19,0.12272133333333332,50.331041666666664
2020-04-01,Energy,-0.05197047619047618,1.0,26,0.006620833333333331,47.40147619047619
2020-04-02,Energy,-0.044638179487179484,1.0,39,-0.05197047619047618,47.76809102564103
2020-04-03,Energy,-0.018312380952380948,1.0,42,-0.044638179487179484,49.084380952380954
2020-04-06,Energy,0.11251055555555556,1.0,27,-0.018312380952380948,55.62552777777778
2020-04-07,Energy,0.3126607142857143,1.0,43,0.11251055555555556,65.63303571428571
2020-04-08,Energy,0.301839619047619,1.0,35,0.3126607142857143,65.09198095238095
2020-04-09,Energy,0.1310592380952381,1.0,54,0.301839619047619,56.5529619047619
2020-04-13,Energy,0.12250822710622711,1.0,44,0.1310592380952381,56.12541135531135
2020-04-14,Energy,-0.013287499999999994,0.8,22,0.12250822710622711,49.335625
2020-04-15,Energy,0.09343782051282051,1.0,39,-0.013287499999999994,54.67189102564103
2020-04-16,Energy,-0.01728035064935064,1.0,35,0.09343782051282051,49.13598246753247
2020-04-17,Energy,-0.09465570370370371,1.0,51,-0.01728035064935064,45.267214814814814
2020-04-20,Energy,-0.1435638316080055,1.0,67,-0.09465570370370371,42.821808419599726
2020-04-21,Energy,-0.2257781904761905,1.0,43,-0.1435638316080055,38.71109047619047
2020-04-22,Energy,-0.029024999999999995,1.0,38,-0.2257781904761905,48.54875
2020-04-23,Energy,0.18642186363636365,1.0,35,-0.029024999999999995,59.321093181818185
2020-04-24,Energy,0.023216071428571426,0.8,20,0.18642186363636365,51.16080357142857
2020-04-27,Energy,-0.011834166666666665,1.0,44,0.023216071428571426,49.40829166666666
2020-04-28,Energy,0.024332777777777773,0.8,23,-0.011834166666666665,51.21663888888889
2020-04-29,Energy,0.18179214285714285,1.0,38,0.024332777777777773,59.08960714285713
2020-04-30,Energy,0.04404221356421357,1.0,53,0.18179214285714285,52.20211067821068
2020-05-01,Energy,-0.12447247619047619,1.0,75,0.04404221356421357,43.77637619047619
2020-05-04,Energy,-0.006829685314685316,1.0,40,-0.12447247619047619,49.658515734265734
2020-05-05,Energy,0.09811813131313131,1.0,36,-0.006829685314685316,54.90590656565657
2020-05-06,Energy,0.15253228571428573,0.8,36,0.09811813131313131,57.62661428571428
2020-05-07,Energy,0.1820947619047619,1.0,25,0.15253228571428573,59.1047380952381
2020-05-08,Energy,0.19152833333333336,1.0,22,0.1820947619047619,59.57641666666667
2020-05-11,Energy,-0.05607011111111111,1.0,25,0.19152833333333336,47.19649444444444
2020-05-12,Energy,0.15184466666666668,1.0,26,-0.05607011111111111,57.59223333333333
2020-05-13,Energy,-0.06230467532467532,1.0,25,0.15184466666666668,46.884766233766236
2020-05-14,Energy,-0.07579,1.0,12,-0.06230467532467532,46.210499999999996
2020-05-15,Energy,0.1758016666666667,1.0,17,-0.07579,58.79008333333333
2020-05-18,Energy,0.14312569841269843,1.0,48,0.1758016666666667,57.156284920634924
2020-05-19,Energy,0.124416,0.8,9,0.14312569841269843,56.220800000000004
2020-05-20,Energy,-0.022844285714285713,1.0,21,0.124416,48.85778571428571
2020-05-21,Energy,-0.04973999999999999,1.0,13,-0.022844285714285713,47.513
2020-05-22,Energy,-0.04422533333333334,1.0,19,-0.04973999999999999,47.78873333333333
2020-05-26,Energy,0.10177142857142858,1.0,29,-0.04422533333333334,55.088571428571434
2020-05-27,Energy,-0.059336,0.8,14,0.10177142857142858,47.033199999999994
2020-05-28,Energy,0.14303,1.0,10,-0.059336,57.1515
2020-05-29,Energy,0.13018000000000002,1.0,20,0.14303,56.509
2020-06-01,Energy,-0.08187257575757576,0.8,19,0.13018000000000002,45.90637121212121
2020-06-02,Energy,0.13449142857142857,0.8,16,-0.08187257575757576,56.72457142857142
2020-06-03,Energy,0.42173,0.8,12,0.13449142857142857,71.0865
2020-06-04,Energy,0.07703600000000001,1.0,12,0.42173,53.851800000000004
2020-06-05,Energy,0.25553666666666663,1.0,33,0.07703600000000001,62.77683333333333
2020-06-08,Energy,0.12971057142857145,1.0,19,0.25553666666666663,56.48552857142857
2020-06-09,Energy,0.4114893333333334,1.0,20,0.12971057142857145,70.57446666666667
2020-06-10,Energy,-0.15578888888888887,1.0,24,0.4114893333333334,42.21055555555556
2020-06-11,Energy,-0.098045,1.0,27,-0.15578888888888887,45.097750000000005
2020-06-12,Energy,0.027370000000000016,1.0,10,-0.098045,51.368500000000004
2020-06-15,Energy,0.05769311111111112,0.6,20,0.027370000000000016,52.88465555555556
2020-06-16,Energy,0.054147499999999994,0.8,15,0.05769311111111112,52.707375
2020-06-17,Energy,-0.0004159999999999997,0.8,10,0.054147499999999994,49.9792
2020-06-18,Energy,0.015882666666666666,0.8,12,-0.0004159999999999997,50.794133333333335
2020-06-19,Energy,0.1895890476190476,0.6,17,0.015882666666666666,59.47945238095238
2020-06-22,Energy,0.17707333333333333,0.8,7,0.1895890476190476,58.85366666666667
2020-06-23,Energy,0.14533000000000001,0.8,8,0.17707333333333333,57.2665
2020-06-24,Energy,-0.1898207142857143,1.0,16,0.14533000000000001,40.508964285714285
2020-06-25,Energy,0.11410380952380952,1.0,17,-0.1898207142857143,55.70519047619048
2020-06-26,Energy,0.04991333333333333,0.6,9,0.11410380952380952,52.495666666666665
2020-06-29,Energy,0.018720000000000007,0.8,8,0.04991333333333333,50.93600000000001
2020-06-30,Energy,0.10188466666666667,0.8,15,0.018720000000000007,55.09423333333333
2020-07-01,Energy,0.04746333333333334,0.8,7,0.10188466666666667,52.37316666666667
2020-07-02,Energy,0.17867757575757576,1.0,22,0.04746333333333334,58.93387878787879
2020-07-06,Energy,0.12836380952380952,1.0,16,0.17867757575757576,56.418190476190475
2020-07-07,Energy,-0.02773642857142857,0.6,13,0.12836380952380952,48.61317857142857
2020-07-08,Energy,0.11717999999999999,0.2,2,-0.02773642857142857,55.859
2020-07-09,Energy,0.14581000000000002,0.8,11,0.11717999999999999,57.2905
2020-07-10,Energy,0.17794666666666667,1.0,9,0.14581000000000002,58.897333333333336
2020-07-13,Energy,0.2691,0.6,4,0.17794666666666667,63.455
2020-07-14,Energy,-0.00516,0.2,2,0.2691,49.742
2020-07-15,Energy,-0.083015,0.6,8,-0.00516,45.84925
2020-07-16,Energy,0.09870000000000001,0.6,10,-0.083015,54.935
2020-07-17,Energy,-0.015300000000000005,0.8,8,0.09870000000000001,49.235
2020-07-20,Energy,0.08381055555555557,1.0,26,-0.015300000000000005,54.190527777777774
2020-07-21,Energy,0.24793843711843713,1.0,32,0.08381055555555557,62.39692185592186
2020-07-22,Energy,0.158025,1.0,13,0.24793843711843713,57.901250000000005
2020-07-23,Energy,0.022240000000000003,0.8,7,0.158025,51.112
2020-07-24,Energy,0.17448923076923079,0.8,18,0.022240000000000003,58.72446153846154
2020-07-27,Energy,0.030928,0.8,14,0.17448923076923079,51.546400000000006
2020-07-28,Energy,0.08092,0.4,2,0.030928,54.04600000000001
2020-07-29,Energy,0.24017,0.8,5,0.08092,62.0085
2020-07-30,Energy,0.058042666666666666,1.0,29,0.24017,52.90213333333333
2020-07-31,Energy,-0.011159809523809522,0.4,36,0.058042666666666666,49.442009523809524
2020-08-03,Energy,0.10191750000000002,1.0,16,-0.011159809523809522,55.09587500000001
2020-08-04,Energy,-0.005684999999999998,0.4,10,0.10191750000000002,49.71575
2020-08-05,Energy,0.09411499999999999,0.6,15,-0.005684999999999998,54.705749999999995
2020-08-06,Energy,0.07737333333333332,0.4,5,0.09411499999999999,53.86866666666666
2020-08-07,Energy,0.029141333333333335,0.6,9,0.07737333333333332,51.45706666666666
2020-08-10,Energy,0.19686977777777778,1.0,18,0.029141333333333335,59.843488888888885
2020-08-11,Energy,0.17973357142857144,0.8,14,0.19686977777777778,58.98667857142858
2020-08-12,Energy,0.16271333333333332,1.0,11,0.17973357142857144,58.135666666666665
2020-08-13,Energy,0.05464,0.4,3,0.16271333333333332,52.732
2020-08-14,Energy,0.177065,0.6,8,0.05464,58.85325
2020-08-17,Energy,-0.061919999999999996,0.8,17,0.177065,46.904
2020-08-18,Energy,0.01127333333333333,0.8,12,-0.061919999999999996,50.56366666666666
2020-08-19,Energy,0.053013333333333336,0.6,8,0.01127333333333333,52.650666666666666
2020-08-20,Energy,0.047895999999999994,0.8,14,0.053013333333333336,52.3948
2020-08-21,Energy,0.045533333333333335,0.4,7,0.047895999999999994,52.27666666666667
2020-08-24,Energy,0.07997555555555556,0.6,22,0.045533333333333335,53.998777777777775
2020-08-25,Energy,0.004673333333333334,0.4,16,0.07997555555555556,50.233666666666664
2020-08-26,Energy,0.11475142857142857,0.6,12,0.004673333333333334,55.73757142857143
2020-08-27,Energy,0.02362514285714285,1.0,16,0.11475142857142857,51.18125714285714
2020-08-28,Energy,0.002345,0.6,7,0.02362514285714285,50.11725
2020-08-31,Energy,-0.007902857142857139,1.0,23,0.002345,49.60485714285714
2020-09-01,Energy,0.036559999999999995,0.8,13,-0.007902857142857139,51.827999999999996
2020-09-02,Energy,-0.03684,0.4,7,0.036559999999999995,48.158
2020-09-03,Energy,0.10507599999999999,0.6,7,-0.03684,55.2538
2020-09-04,Energy,0.027115,0.8,7,0.10507599999999999,51.35575
2020-09-08,Energy,-0.1019097142857143,1.0,21,0.027115,44.904514285714285
2020-09-09,Energy,0.04588,0.2,2,-0.1019097142857143,52.294
2020-09-10,Energy,0.05464,0.4,2,0.04588,52.732
2020-09-11,Energy,0.0708,0.6,7,0.05464,53.54
2020-09-14,Energy,-0.026293571428571427,0.4,11,0.0708,48.68532142857143
2020-09-15,Energy,-0.10440666666666668,0.4,4,-0.026293571428571427,44.77966666666667
2020-09-16,Energy,0.07360166666666666,0.4,7,-0.10440666666666668,53.68008333333333
2020-09-17,Energy,0.09484333333333334,0.4,7,0.07360166666666666,54.74216666666667
2020-09-18,Energy,0.049510000000000005,0.4,8,0.09484333333333334,52.4755
2020-09-21,Energy,-0.04809333333333334,0.6,10,0.049510000000000005,47.595333333333336
2020-09-22,Energy,0.25954,0.6,4,-0.04809333333333334,62.977
2020-09-23,Energy,0.05761500000000001,0.6,9,0.25954,52.88075
2020-09-24,Energy,0.15663666666666667,0.8,7,0.05761500000000001,57.831833333333336
2020-09-25,Energy,0.03295,0.8,7,0.15663666666666667,51.6475
2020-09-28,Energy,0.09916,0.6,13,0.03295,54.958
2020-09-29,Energy,0.25221,1.0,8,0.09916,62.6105
2020-09-30,Energy,0.008376666666666668,0.6,12,0.25221,50.41883333333333
2020-10-01,Energy,0.06487111111111112,1.0,21,0.008376666666666668,53.24355555555555
2020-10-02,Energy,0.2222254761904762,0.8,16,0.06487111111111112,61.111273809523816
2020-10-05,Energy,0.12921316666666666,0.8,31,0.2222254761904762,56.460658333333335
2020-10-06,Energy,-0.009150000000000002,0.6,6,0.12921316666666666,49.542500000000004
2020-10-07,Energy,0.023144000000000005,0.4,6,-0.009150000000000002,51.1572
2020-10-08,Energy,0.1526161904761905,0.6,16,0.023144000000000005,57.630809523809525
2020-10-09,Energy,0.0,0.0,0,0.1526161904761905,50.0
2020-10-12,Energy,0.1787275,0.8,13,0.0,58.936375
2020-10-13,Energy,-0.09545999999999999,0.6,5,0.1787275,45.227000000000004
2020-10-14,Energy,0.02732,0.6,9,-0.09545999999999999,51.366
2020-10-15,Energy,0.26669,0.8,8,0.02732,63.334500000000006
2020-10-16,Energy,-0.01917875,0.6,19,0.26669,49.041062499999995
2020-10-19,Energy,0.023918969696969702,1.0,22,-0.01917875,51.195948484848486
2020-10-20,Energy,0.11259333333333332,0.6,8,0.023918969696969702,55.629666666666665
2020-10-21,Energy,-0.030614999999999983,1.0,12,0.11259333333333332,48.46925
2020-10-22,Energy,0.12003833333333333,0.6,8,-0.030614999999999983,56.00191666666666
2020-10-23,Energy,0.15537499999999999,0.6,6,0.12003833333333333,57.768750000000004
2020-10-26,Energy,0.06980433333333333,1.0,17,0.15537499999999999,53.49021666666667
2020-10-27,Energy,-0.0005066666666666663,0.6,6,0.06980433333333333,49.974666666666664
2020-10-28,Energy,0.058988571428571425,1.0,29,-0.0005066666666666663,52.94942857142857
2020-10-29,Energy,-0.1950985714285714,0.8,16,0.058988571428571425,40.245071428571435
2020-10-30,Energy,0.025266499999999997,0.6,23,-0.1950985714285714,51.263325
2020-11-02,Energy,-0.08184083333333333,1.0,18,0.025266499999999997,45.90795833333333
2020-11-03,Energy,0.129825,0.6,6,-0.08184083333333333,56.49125
2020-11-04,Energy,0.092334,0.8,17,0.129825,54.616699999999994
2020-11-05,Energy,0.04858666666666666,1.0,9,0.092334,52.429333333333325
2020-11-06,Energy,0.026895000000000002,0.2,4,0.04858666666666666,51.344750000000005
2020-11-09,Energy,0.16904728205128206,1.0,31,0.026895000000000002,58.452364102564104
2020-11-10,Energy,0.026431000000000017,1.0,15,0.16904728205128206,51.32155
2020-11-11,Energy,0.17864,0.6,7,0.026431000000000017,58.931999999999995
2020-11-12,Energy,0.3424666666666667,1.0,11,0.17864,67.12333333333333
2020-11-13,Energy,0.11189333333333333,0.4,6,0.3424666666666667,55.59466666666667
2020-11-16,Energy,0.2094725,0.8,18,0.11189333333333333,60.473625
2020-11-17,Energy,0.0,0.4,3,0.2094725,50.0
2020-11-18,Energy,0.05945333333333334,0.6,8,0.0,52.97266666666667
2020-11-19,Energy,0.08038,0.4,4,0.05945333333333334,54.01899999999999
2020-11-20,Energy,0.0,0.4,2,0.08038,50.0
2020-11-23,Energy,-0.02423785714285715,0.8,17,0.0,48.78810714285714
2020-11-24,Energy,-0.14315,1.0,11,-0.02423785714285715,42.8425
2020-11-25,Energy,0.12261249999999999,0.8,13,-0.14315,56.130625
2020-11-27,Energy,0.05974250000000001,0.4,10,0.12261249999999999,52.987125
2020-11-30,Energy,0.2151790476190476,1.0,27,0.05974250000000001,60.75895238095238
2020-12-01,Energy,0.10927,1.0,12,0.2151790476190476,55.463499999999996
2020-12-02,Energy,0.14893133333333333,0.8,13,0.10927,57.44656666666666
2020-12-03,Energy,0.012890000000000002,0.6,8,0.14893133333333333,50.6445
2020-12-04,Energy,0.003914126984126978,1.0,30,0.012890000000000002,50.19570634920635
2020-12-07,Energy,0.08032488888888889,0.8,33,0.003914126984126978,54.01624444444444
2020-12-08,Energy,0.055135,0.6,7,0.08032488888888889,52.75675
2020-12-09,Energy,0.039928000000000005,0.6,12,0.055135,51.9964
2020-12-10,Energy,0.277084,0.8,14,0.039928000000000005,63.85419999999999
2020-12-11,Energy,-0.233304,1.0,14,0.277084,38.3348
2020-12-14,Energy,0.07815000000000001,0.8,13,-0.233304,53.9075
2020-12-15,Energy,0.20113333333333333,0.6,6,0.07815000000000001,60.05666666666667
2020-12-16,Energy,0.008926666666666671,0.4,5,0.20113333333333333,50.446333333333335
2020-12-17,Energy,0.11717999999999999,1.0,8,0.008926666666666671,55.859
2020-12-18,Energy,0.036699999999999997,0.6,5,0.11717999999999999,51.835
2020-12-21,Energy,0.13405733333333333,1.0,14,0.036699999999999997,56.702866666666665
2020-12-22,Energy,-0.018831999999999998,1.0,21,0.13405733333333333,49.0584
2020-12-23,Energy,0.09534000000000001,0.6,4,-0.018831999999999998,54.766999999999996
2020-12-24,Energy,0.045566666666666665,0.6,9,0.09534000000000001,52.278333333333336
2020-12-28,Energy,0.04997999999999999,0.8,13,0.045566666666666665,52.498999999999995
2020-12-29,Energy,0.05727,0.4,6,0.04997999999999999,52.863499999999995
2020-12-30,Energy,0.025820000000000003,0.6,6,0.05727,51.291
2020-12-31,Energy,0.04671333333333334,0.8,12,0.025820000000000003,52.33566666666667
2021-01-04,Energy,0.06635833333333332,0.8,14,0.04671333333333334,53.31791666666666
2021-01-05,Energy,0.12317666666666667,1.0,15,0.06635833333333332,56.158833333333334
2021-01-06,Energy,-0.019253333333333334,1.0,16,0.12317666666666667,49.037333333333336
2021-01-07,Energy,0.05487333333333333,0.6,6,-0.019253333333333334,52.74366666666667
2021-01-08,Energy,0.09342071428571429,0.8,14,0.05487333333333333,54.67103571428571
2021-01-11,Energy,0.12099,1.0,10,0.09342071428571429,56.049499999999995
2021-01-12,Energy,-0.012151333333333325,0.8,18,0.12099,49.39243333333334
2021-01-13,Energy,0.027894999999999996,0.4,9,-0.012151333333333325,51.39475
2021-01-14,Energy,0.038355,0.6,8,0.027894999999999996,51.91775
2021-01-15,Energy,0.16174307692307693,0.8,18,0.038355,58.087153846153846
2021-01-19,Energy,0.15702666666666668,0.8,12,0.16174307692307693,57.85133333333333
2021-01-20,Energy,-0.01909,0.2,4,0.15702666666666668,49.0455
2021-01-21,Energy,-0.23058499999999998,1.0,8,-0.01909,38.470749999999995
2021-01-22,Energy,0.0399575,1.0,18,-0.23058499999999998,51.99787500000001
2021-01-25,Energy,0.11744000000000002,0.6,5,0.0399575,55.872
2021-01-26,Energy,0.37005999999999994,1.0,8,0.11744000000000002,68.503
2021-01-27,Energy,0.12439333333333333,0.6,9,0.37005999999999994,56.21966666666667
2021-01-28,Energy,0.07949833333333332,0.8,13,0.12439333333333333,53.97491666666666
2021-01-29,Energy,-0.19830166666666665,0.6,19,0.07949833333333332,40.08491666666667
2021-02-01,Energy,0.09943151515151516,1.0,30,-0.19830166666666665,54.97157575757576
2021-02-02,Energy,-0.0019438596491228033,0.6,23,0.09943151515151516,49.90280701754386
2021-02-03,Energy,0.012773000000000001,0.6,11,-0.0019438596491228033,50.63865
2021-02-04,Energy,0.12944,0.8,8,0.012773000000000001,56.472
2021-02-05,Energy,0.036961333333333346,0.8,11,0.12944,51.84806666666667
2021-02-08,Energy,0.11955750000000001,1.0,25,0.036961333333333346,55.977875
2021-02-09,Energy,0.01591,0.2,4,0.11955750000000001,50.795500000000004
2021-02-10,Energy,-0.11750000000000001,0.6,3,0.01591,44.125
2021-02-11,Energy,0.043355000000000005,0.8,9,-0.11750000000000001,52.16775
2021-02-12,Energy,0.019594666666666673,1.0,14,0.043355000000000005,50.979733333333336
2021-02-16,Energy,0.09949250000000001,0.8,18,0.019594666666666673,54.974624999999996
2021-02-17,Energy,-0.02203018181818182,0.4,16,0.09949250000000001,48.89849090909091
2021-02-18,Energy,0.11680666666666666,0.6,7,-0.02203018181818182,55.840333333333334
2021-02-19,Energy,0.26348,0.8,9,0.11680666666666666,63.174
2021-02-22,Energy,0.12051388888888889,0.8,18,0.26348,56.02569444444444
2021-02-23,Energy,0.23780333333333337,0.8,12,0.12051388888888889,61.890166666666666
2021-02-24,Energy,-0.025846333333333325,1.0,17,0.23780333333333337,48.707683333333335
2021-02-25,Energy,0.10586999999999999,0.8,6,-0.025846333333333325,55.293499999999995
2021-02-26,Energy,0.01366,0.6,8,0.10586999999999999,50.683
2021-03-01,Energy,0.2517376666666667,1.0,28,0.01366,62.58688333333333
2021-03-02,Energy,-0.053190666666666664,0.4,8,0.2517376666666667,47.34046666666667
2021-03-03,Energy,0.004489090909090907,0.4,15,-0.053190666666666664,50.22445454545454
2021-03-04,Energy,0.10244499999999998,1.0,12,0.004489090909090907,55.122249999999994
2021-03-05,Energy,0.11253333333333333,1.0,17,0.10244499999999998,55.626666666666665
2021-03-08,Energy,0.10406866666666667,0.8,14,0.11253333333333333,55.20343333333333
2021-03-09,Energy,-0.10365238095238097,0.6,11,0.10406866666666667,44.81738095238095
2021-03-10,Energy,0.11134999999999999,0.8,10,-0.10365238095238097,55.5675
2021-03-11,Energy,0.17562333333333333,0.6,7,0.11134999999999999,58.781166666666664
2021-03-12,Energy,0.09534000000000001,0.2,1,0.17562333333333333,54.766999999999996
2021-03-15,Energy,0.08874333333333333,0.8,13,0.09534000000000001,54.43716666666667
2021-03-16,Energy,-0.05992333333333333,0.4,5,0.08874333333333333,47.00383333333333
2021-03-17,Energy,0.006846666666666666,0.4,6,-0.05992333333333333,50.342333333333336
2021-03-18,Energy,-0.03853333333333335,0.8,9,0.006846666666666666,48.07333333333334
2021-03-19,Energy,0.16752000000000003,0.6,6,-0.03853333333333335,58.376000000000005
2021-03-22,Energy,0.006773333333333337,0.8,13,0.16752000000000003,50.33866666666667
2021-03-23,Energy,-0.12369277777777779,1.0,27,0.006773333333333337,43.81536111111111
2021-03-24,Energy,-0.013957333333333332,0.8,11,-0.12369277777777779,49.30213333333333
2021-03-25,Energy,0.14115333333333333,0.8,9,-0.013957333333333332,57.05766666666666
2021-03-26,Energy,0.19800233333333334,0.6,12,0.14115333333333333,59.90011666666667
2021-03-29,Energy,0.13676,0.8,8,0.19800233333333334,56.838
2021-03-30,Energy,0.2677733333333333,0.8,7,0.13676,63.38866666666667
2021-03-31,Energy,0.16796333333333333,0.8,12,0.2677733333333333,58.39816666666666
2021-04-01,Energy,-0.2929,1.0,9,0.16796333333333333,35.355000000000004
2021-04-05,Energy,0.06448400000000001,0.8,12,-0.2929,53.224199999999996
2021-04-06,Energy,0.026503999999999993,0.8,13,0.06448400000000001,51.3252
2021-04-07,Energy,-0.04108,0.6,5,0.026503999999999993,47.946
2021-04-08,Energy,0.07392,1.0,6,-0.04108,53.696
2021-04-09,Energy,-0.15111,0.8,5,0.07392,42.444500000000005
2021-04-12,Energy,0.14817,0.4,3,-0.15111,57.4085
2021-04-13,Energy,0.14788666666666667,0.6,8,0.14817,57.394333333333336
2021-04-14,Energy,0.06063333333333334,0.8,10,0.14788666666666667,53.031666666666666
2021-04-15,Energy,0.0017400000000000083,1.0,6,0.06063333333333334,50.087
2021-04-16,Energy,0.08471333333333333,0.8,10,0.0017400000000000083,54.235666666666674
2021-04-19,Energy,0.040485,0.6,11,0.08471333333333333,52.02425
2021-04-20,Energy,0.15418,0.6,6,0.040485,57.708999999999996
2021-04-21,Energy,0.028654999999999996,0.8,11,0.15418,51.432750000000006
2021-04-22,Energy,0.02112,0.6,10,0.028654999999999996,51.056000000000004
2021-04-23,Energy,-0.047299999999999995,1.0,16,0.02112,47.635
2021-04-26,Energy,-0.015539999999999993,1.0,13,-0.047299999999999995,49.223
2021-04-27,Energy,0.039466666666666664,0.6,5,-0.015539999999999993,51.973333333333336
2021-04-28,Energy,0.188026,0.6,8,0.039466666666666664,59.4013
2021-04-29,Energy,0.12039333333333332,0.6,8,0.188026,56.019666666666666
2021-04-30,Energy,0.20397500000000002,1.0,33,0.12039333333333332,60.198750000000004
2021-05-03,Energy,0.09553500000000001,0.8,12,0.20397500000000002,54.77674999999999
2021-05-04,Energy,0.04163471428571429,0.6,16,0.09553500000000001,52.08173571428571
2021-05-05,Energy,0.06742999999999999,0.8,12,0.04163471428571429,53.3715
2021-05-06,Energy,0.20032999999999998,0.8,10,0.06742999999999999,60.01649999999999
2021-05-07,Energy,-0.037505,0.4,6,0.20032999999999998,48.12475
2021-05-10,Energy,0.11302133333333333,1.0,28,-0.037505,55.65106666666667
2021-05-11,Energy,-0.042772000000000004,0.8,17,0.11302133333333333,47.861399999999996
2021-05-12,Energy,0.08828666666666667,0.8,13,-0.042772000000000004,54.41433333333333
2021-05-13,Energy,0.0,0.6,6,0.08828666666666667,50.0
2021-05-14,Energy,-0.017033333333333334,0.6,6,0.0,49.14833333333333
2021-05-17,Energy,0.18345533333333336,0.8,14,-0.017033333333333334,59.17276666666667
2021-05-18,Energy,-0.011774999999999999,0.4,8,0.18345533333333336,49.41125
2021-05-19,Energy,-0.047685,0.4,6,-0.011774999999999999,47.61575
2021-05-20,Energy,0.04046,0.4,2,-0.047685,52.022999999999996
2021-05-21,Energy,0.02989,0.8,10,0.04046,51.4945
2021-05-24,Energy,0.11589333333333333,1.0,13,0.02989,55.79466666666667
2021-05-25,Energy,0.13534277777777776,0.8,15,0.11589333333333333,56.767138888888894
2021-05-26,Energy,0.309022,1.0,19,0.13534277777777776,65.45110000000001
2021-05-27,Energy,0.06648133333333332,0.6,14,0.309022,53.32406666666667
2021-05-28,Energy,-0.025832000000000004,0.8,12,0.06648133333333332,48.708400000000005
2021-06-01,Energy,0.08505438095238096,1.0,35,-0.025832000000000004,54.252719047619046
2021-06-02,Energy,0.13728400000000002,0.8,21,0.08505438095238096,56.8642
2021-06-03,Energy,0.22661000000000003,1.0,12,0.13728400000000002,61.3305
2021-06-04,Energy,0.0,0.6,6,0.22661000000000003,50.0
2021-06-07,Energy,-0.2298,1.0,13,0.0,38.51
2021-06-08,Energy,0.14079999999999998,0.6,4,-0.2298,57.04
2021-06-09,Energy,0.06250599999999999,0.4,11,0.14079999999999998,53.125299999999996
2021-06-10,Energy,0.12267000000000002,1.0,9,0.06250599999999999,56.133500000000005
2021-06-11,Energy,0.033855,0.6,7,0.12267000000000002,51.69275
2021-06-14,Energy,0.20434800000000003,1.0,16,0.033855,60.2174
2021-06-15,Energy,0.23552933333333334,0.8,13,0.20434800000000003,61.776466666666664
2021-06-16,Energy,0.229142,1.0,14,0.23552933333333334,61.4571
2021-06-17,Energy,0.03200666666666667,0.8,11,0.229142,51.60033333333334
2021-06-18,Energy,0.09314,0.8,7,0.03200666666666667,54.657
2021-06-21,Energy,0.10162749999999998,1.0,25,0.09314,55.081375
2021-06-22,Energy,0.053485000000000005,0.4,5,0.10162749999999998,52.67425
2021-06-23,Energy,0.13546,0.8,12,0.053485000000000005,56.772999999999996
2021-06-24,Energy,0.14267166666666667,1.0,11,0.13546,57.133583333333334
2021-06-25,Energy,0.09781333333333334,0.4,7,0.14267166666666667,54.89066666666667
2021-06-28,Energy,-0.057014999999999996,1.0,11,0.09781333333333334,47.149249999999995
2021-06-29,Energy,0.509124,1.0,9,-0.057014999999999996,75.4562
2021-06-30,Energy,0.08578333333333334,0.8,13,0.509124,54.28916666666667
2021-07-01,Energy,0.09315999999999999,1.0,18,0.08578333333333334,54.657999999999994
2021-07-02,Energy,0.286435,1.0,10,0.09315999999999999,64.32175
2021-07-06,Energy,-0.054393333333333335,0.6,7,0.286435,47.28033333333334
2021-07-07,Energy,0.013188333333333335,1.0,11,-0.054393333333333335,50.659416666666665
2021-07-08,Energy,0.15350533333333333,1.0,14,0.013188333333333335,57.67526666666667
2021-07-09,Energy,0.15546,1.0,13,0.15350533333333333,57.772999999999996
2021-07-12,Energy,0.15078833333333336,0.6,8,0.15546,57.53941666666667
2021-07-13,Energy,-0.014179999999999998,0.8,4,0.15078833333333336,49.291000000000004
2021-07-14,Energy,0.08196,0.4,3,-0.014179999999999998,54.098
2021-07-15,Energy,0.001401333333333335,0.4,8,0.08196,50.07006666666667
2021-07-16,Energy,0.09062533333333334,1.0,16,0.001401333333333335,54.53126666666667
2021-07-19,Energy,-0.13666166666666665,1.0,21,0.09062533333333334,43.166916666666665
2021-07-20,Energy,0.43355999999999995,1.0,12,-0.13666166666666665,71.678
2021-07-21,Energy,0.29711333333333334,1.0,16,0.43355999999999995,64.85566666666666
2021-07-22,Energy,0.09316333333333333,1.0,19,0.29711333333333334,54.658166666666666
2021-07-23,Energy,0.2115746666666667,0.8,18,0.09316333333333333,60.57873333333333
2021-07-26,Energy,0.024342666666666665,0.4,11,0.2115746666666667,51.21713333333333
2021-07-27,Energy,0.0,0.2,1,0.024342666666666665,50.0
2021-07-28,Energy,0.113825,0.6,9,0.0,55.691250000000004
2021-07-29,Energy,0.06970133333333334,0.8,14,0.113825,53.48506666666667
2021-07-30,Energy,0.08740159090909091,0.4,19,0.06970133333333334,54.370079545454544
2021-08-02,Energy,0.040445666666666664,1.0,14,0.08740159090909091,52.02228333333333
2021-08-03,Energy,0.19889666666666667,0.8,13,0.040445666666666664,59.944833333333335
2021-08-04,Energy,0.0,0.6,8,0.19889666666666667,50.0
2021-08-05,Energy,0.03897866666666667,0.4,11,0.0,51.948933333333336
2021-08-06,Energy,0.024866666666666683,0.8,8,0.03897866666666667,51.24333333333333
2021-08-09,Energy,-0.020416666666666656,0.8,15,0.024866666666666683,48.97916666666667
2021-08-10,Energy,-0.05312714285714286,0.6,11,-0.020416666666666656,47.34364285714286
2021-08-11,Energy,0.11612666666666667,0.8,11,-0.05312714285714286,55.806333333333335
2021-08-12,Energy,0.022860000000000002,1.0,8,0.11612666666666667,51.14300000000001
2021-08-13,Energy,0.014799999999999999,0.6,7,0.022860000000000002,50.739999999999995
2021-08-16,Energy,0.05001428571428572,1.0,18,0.014799999999999999,52.50071428571429
2021-08-17,Energy,-0.153445,1.0,14,0.05001428571428572,42.327749999999995
2021-08-18,Energy,0.017855,1.0,16,-0.153445,50.89275
2021-08-19,Energy,0.09139904761904762,0.8,17,0.017855,54.56995238095238
2021-08-20,Energy,-0.18184,0.6,8,0.09139904761904762,40.908
2021-08-23,Energy,0.09965530303030304,1.0,32,-0.18184,54.98276515151515
2021-08-24,Energy,0.004946666666666666,0.8,12,0.09965530303030304,50.24733333333333
2021-08-25,Energy,0.02732,0.4,3,0.004946666666666666,51.366
2021-08-26,Energy,0.055644000000000006,1.0,14,0.02732,52.7822
2021-08-27,Energy,0.002534999999999998,0.8,16,0.055644000000000006,50.12675
2021-08-30,Energy,-0.1371757142857143,1.0,14,0.002534999999999998,43.141214285714284
2021-08-31,Energy,0.08014733333333332,1.0,18,-0.1371757142857143,54.00736666666667
2021-09-01,Energy,-0.06276238095238094,0.8,18,0.08014733333333332,46.86188095238095
2021-09-02,Energy,0.2158341794871795,1.0,35,-0.06276238095238094,60.79170897435897
2021-09-03,Energy,0.10978678571428573,0.8,17,0.2158341794871795,55.48933928571429
2021-09-07,Energy,0.20011433333333334,1.0,19,0.10978678571428573,60.005716666666665
2021-09-08,Energy,0.09723142857142858,0.8,19,0.20011433333333334,54.86157142857143
2021-09-09,Energy,0.30797942857142857,1.0,20,0.09723142857142858,65.39897142857143
2021-09-10,Energy,-0.030254999999999997,0.8,14,0.30797942857142857,48.487249999999996
2021-09-13,Energy,0.06427607142857143,0.8,17,-0.030254999999999997,53.21380357142858
2021-09-14,Energy,-0.029349999999999998,0.8,9,0.06427607142857143,48.5325
2021-09-15,Energy,-0.03437066666666667,0.8,11,-0.029349999999999998,48.28146666666667
2021-09-16,Energy,-0.021932,0.6,7,-0.03437066666666667,48.903400000000005
2021-09-17,Energy,0.030506666666666665,0.2,3,-0.021932,51.525333333333336
2021-09-20,Energy,0.053949000000000004,0.8,14,0.030506666666666665,52.69745
2021-09-21,Energy,0.12421,1.0,9,0.053949000000000004,56.210499999999996
2021-09-22,Energy,0.09969333333333334,1.0,14,0.12421,54.98466666666667
2021-09-23,Energy,0.17425166666666664,1.0,11,0.09969333333333334,58.712583333333335
2021-09-24,Energy,-0.04978,0.6,11,0.17425166666666664,47.510999999999996
2021-09-27,Energy,0.003622222222222221,1.0,21,-0.04978,50.18111111111111
2021-09-28,Energy,0.0075466666666666685,1.0,13,0.003622222222222221,50.37733333333333
2021-09-29,Energy,0.017446428571428568,0.6,12,0.0075466666666666685,50.87232142857143
2021-09-30,Energy,0.09925333333333333,1.0,15,0.017446428571428568,54.96266666666667
2021-10-01,Energy,0.09469000000000001,0.4,6,0.09925333333333333,54.7345
2021-10-04,Energy,0.130295,0.6,14,0.09469000000000001,56.51475
2021-10-05,Energy,0.21606,1.0,10,0.130295,60.803
2021-10-06,Energy,0.14254,0.6,8,0.21606,57.126999999999995
2021-10-07,Energy,0.11381857142857141,1.0,14,0.14254,55.690928571428564
2021-10-08,Energy,0.05378571428571429,0.8,19,0.11381857142857141,52.68928571428572
2021-10-11,Energy,0.03470666666666666,0.8,15,0.05378571428571429,51.73533333333333
2021-10-12,Energy,0.07396,0.6,9,0.03470666666666666,53.698
2021-10-13,Energy,0.17314666666666667,0.8,8,0.07396,58.65733333333334
2021-10-14,Energy,0.11113500000000001,0.6,9,0.17314666666666667,55.55675
2021-10-15,Energy,0.173063,1.0,13,0.11113500000000001,58.65315
2021-10-18,Energy,0.09308,1.0,18,0.173063,54.654
2021-10-19,Energy,0.23352599999999998,1.0,10,0.09308,61.6763
2021-10-20,Energy,0.08418166666666667,0.6,9,0.23352599999999998,54.20908333333333
2021-10-21,Energy,0.07890166666666668,0.8,10,0.08418166666666667,53.94508333333333
2021-10-22,Energy,0.1351022857142857,1.0,19,0.07890166666666668,56.75511428571428
2021-10-25,Energy,0.14537944444444445,0.8,18,0.1351022857142857,57.268972222222224
2021-10-26,Energy,0.15356571428571428,0.6,12,0.14537944444444445,57.678285714285714
2021-10-27,Energy,0.021904285714285716,1.0,16,0.15356571428571428,51.095214285714285
2021-10-28,Energy,0.08302833333333333,0.8,19,0.021904285714285716,54.15141666666666
2021-10-29,Energy,0.34194722222222224,1.0,24,0.08302833333333333,67.09736111111111
2021-11-01,Energy,0.08582916666666666,0.8,20,0.34194722222222224,54.29145833333333
2021-11-02,Energy,0.0009066666666666667,0.6,21,0.08582916666666666,50.04533333333333
2021-11-03,Energy,0.013253333333333334,0.4,8,0.0009066666666666667,50.66266666666667
2021-11-04,Energy,0.15267833333333333,0.8,13,0.013253333333333334,57.633916666666664
2021-11-05,Energy,0.13559833333333332,0.6,10,0.15267833333333333,56.779916666666665
2021-11-08,Energy,0.14157866666666669,1.0,17,0.13559833333333332,57.07893333333334
2021-11-09,Energy,0.058188,0.8,11,0.14157866666666669,52.9094
2021-11-10,Energy,-0.041400000000000006,0.6,11,0.058188,47.93
2021-11-11,Energy,0.045579999999999996,1.0,8,-0.041400000000000006,52.278999999999996
2021-11-12,Energy,0.0,0.0,0,0.045579999999999996,50.0
2021-11-15,Energy,0.017591666666666665,0.8,12,0.0,50.879583333333336
2021-11-16,Energy,-0.011376000000000002,0.4,9,0.017591666666666665,49.4312
2021-11-17,Energy,0.010785714285714286,0.4,13,-0.011376000000000002,50.53928571428571
2021-11-18,Energy,-0.02236666666666667,1.0,8,0.010785714285714286,48.88166666666667
2021-11-19,Energy,-0.039520476190476196,0.6,14,-0.02236666666666667,48.02397619047619
2021-11-22,Energy,0.0007566666666666666,0.4,7,-0.039520476190476196,50.03783333333334
2021-11-23,Energy,0.23304399999999997,0.8,13,0.0007566666666666666,61.6522
2021-11-24,Energy,0.018213333333333335,0.6,5,0.23304399999999997,50.91066666666667
2021-11-26,Energy,-0.03554,0.8,14,0.018213333333333335,48.223
2021-11-29,Energy,-0.05344,0.8,10,-0.03554,47.327999999999996
2021-11-30,Energy,-0.023745000000000027,0.8,11,-0.05344,48.81275
2021-12-01,Energy,0.21672333333333332,1.0,11,-0.023745000000000027,60.83616666666667
2021-12-02,Energy,0.11395873015873015,1.0,25,0.21672333333333332,55.697936507936504
2021-12-03,Energy,-0.003618333333333333,0.4,7,0.11395873015873015,49.81908333333334
2021-12-06,Energy,0.03752988095238095,1.0,24,-0.003618333333333333,51.87649404761905
2021-12-07,Energy,0.09759233333333332,0.8,14,0.03752988095238095,54.879616666666664
2021-12-08,Energy,0.13581666666666664,0.8,16,0.09759233333333332,56.79083333333333
2021-12-09,Energy,0.004825000000000001,0.8,11,0.13581666666666664,50.24125
2021-12-10,Energy,0.15840400000000002,0.6,8,0.004825000000000001,57.9202
2021-12-13,Energy,0.05660380952380952,0.8,12,0.15840400000000002,52.830190476190474
2021-12-14,Energy,0.19192,0.6,4,0.05660380952380952,59.596000000000004
2021-12-15,Energy,0.10407999999999999,0.6,5,0.19192,55.204
2021-12-16,Energy,0.09286999999999998,0.8,5,0.10407999999999999,54.6435
2021-12-17,Energy,0.090232,0.6,11,0.09286999999999998,54.5116
2021-12-20,Energy,0.000553333333333339,0.6,7,0.090232,50.02766666666667
2021-12-21,Energy,0.0,0.2,1,0.000553333333333339,50.0
2021-12-22,Energy,0.04019,0.6,4,0.0,52.009499999999996
2021-12-23,Energy,-0.015326666666666669,1.0,11,0.04019,49.233666666666664
2021-12-27,Energy,0.18410833333333332,0.8,11,-0.015326666666666669,59.205416666666665
2021-12-28,Energy,-0.03384666666666667,0.6,8,0.18410833333333332,48.30766666666666
2021-12-29,Energy,0.18331999999999998,0.8,6,-0.03384666666666667,59.166
2021-12-30,Energy,0.025784999999999995,0.8,7,0.18331999999999998,51.289249999999996
2021-12-31,Energy,0.20697000000000002,0.6,8,0.025784999999999995,60.3485
2022-01-03,Energy,0.07005714285714286,1.0,20,0.20697000000000002,53.50285714285714
2022-01-04,Energy,0.036173333333333335,0.8,6,0.07005714285714286,51.80866666666667
2022-01-05,Energy,0.09487333333333334,0.6,14,0.036173333333333335,54.74366666666667
2022-01-06,Energy,-0.03813999999999999,1.0,14,0.09487333333333334,48.093
2022-01-07,Energy,0.19563999999999998,1.0,12,-0.03813999999999999,59.782000000000004
2022-01-10,Energy,0.13752733333333333,0.6,18,0.19563999999999998,56.87636666666667
2022-01-11,Energy,0.09243047619047619,0.6,11,0.13752733333333333,54.62152380952381
2022-01-12,Energy,0.1994358333333333,0.8,23,0.09243047619047619,59.97179166666666
2022-01-13,Energy,0.14125766666666667,1.0,25,0.1994358333333333,57.06288333333334
2022-01-14,Energy,0.12425400000000002,0.8,20,0.14125766666666667,56.212700000000005
2022-01-18,Energy,0.21999,1.0,35,0.12425400000000002,60.9995
2022-01-19,Energy,0.13234666666666667,1.0,11,0.21999,56.61733333333333
2022-01-20,Energy,0.10958416666666668,0.8,17,0.13234666666666667,55.47920833333333
2022-01-21,Energy,0.07758100000000001,0.8,25,0.10958416666666668,53.87904999999999
2022-01-24,Energy,0.04217333333333334,1.0,22,0.07758100000000001,52.10866666666667
2022-01-25,Energy,0.143018,0.8,16,0.04217333333333334,57.15090000000001
2022-01-26,Energy,0.16246611111111112,1.0,27,0.143018,58.12330555555556
2022-01-27,Energy,0.08199115384615382,1.0,35,0.16246611111111112,54.099557692307684
2022-01-28,Energy,0.1498634722222222,0.8,42,0.08199115384615382,57.49317361111112
2022-01-31,Energy,0.145155,1.0,19,0.1498634722222222,57.257749999999994
2022-02-01,Energy,0.07488556521739131,0.8,30,0.145155,53.744278260869564
2022-02-02,Energy,0.13313799999999998,1.0,29,0.07488556521739131,56.6569
2022-02-03,Energy,0.075375,1.0,28,0.13313799999999998,53.76875
2022-02-04,Energy,0.10103499999999999,1.0,11,0.075375,55.05175
2022-02-07,Energy,0.1113692857142857,1.0,24,0.10103499999999999,55.56846428571428
2022-02-08,Energy,0.19319799999999998,0.8,30,0.1113692857142857,59.6599
2022-02-09,Energy,0.18821,1.0,17,0.19319799999999998,59.4105
2022-02-10,Energy,0.040017142857142855,1.0,15,0.18821,52.000857142857136
2022-02-11,Energy,0.11452199999999998,0.6,17,0.040017142857142855,55.7261
2022-02-14,Energy,0.10457031746031746,1.0,38,0.11452199999999998,55.22851587301587
2022-02-15,Energy,0.097322,1.0,20,0.10457031746031746,54.866099999999996
2022-02-16,Energy,0.15267,1.0,22,0.097322,57.633500000000005
2022-02-17,Energy,0.04352399999999999,0.8,18,0.15267,52.176199999999994
2022-02-18,Energy,0.10198333333333334,0.8,11,0.04352399999999999,55.09916666666667
2022-02-22,Energy,0.020900000000000002,0.8,31,0.10198333333333334,51.044999999999995
2022-02-23,Energy,0.12198883333333335,1.0,23,0.020900000000000002,56.09944166666667
2022-02-24,Energy,-0.03851633333333333,1.0,27,0.12198883333333335,48.07418333333333
2022-02-25,Energy,0.08576076923076924,0.8,35,-0.03851633333333333,54.288038461538456
2022-02-28,Energy,0.07023499999999999,1.0,38,0.08576076923076924,53.51175
2022-03-01,Energy,0.055955870927318296,1.0,49,0.07023499999999999,52.79779354636591
2022-03-02,Energy,0.1656017857142857,1.0,42,0.055955870927318296,58.28008928571429
2022-03-03,Energy,0.06556373626373627,1.0,31,0.1656017857142857,53.278186813186814
2022-03-04,Energy,0.07573966666666668,0.8,26,0.06556373626373627,53.78698333333334
2022-03-07,Energy,0.053553879120879125,1.0,52,0.07573966666666668,52.67769395604396
2022-03-08,Energy,0.12523977777777778,1.0,39,0.053553879120879125,56.261988888888894
2022-03-09,Energy,0.10806633333333333,1.0,35,0.12523977777777778,55.40331666666667
2022-03-10,Energy,0.11546928571428569,1.0,30,0.10806633333333333,55.77346428571428
2022-03-11,Energy,0.13963555555555557,1.0,27,0.11546928571428569,56.98177777777778
2022-03-14,Energy,0.1908568333333333,1.0,32,0.13963555555555557,59.54284166666667
2022-03-15,Energy,0.18263992857142858,1.0,33,0.1908568333333333,59.13199642857143
2022-03-16,Energy,0.18090438311688312,1.0,29,0.18263992857142858,59.04521915584415
2022-03-17,Energy,0.10943818181818181,0.8,32,0.18090438311688312,55.47190909090909
2022-03-18,Energy,0.07074333333333334,1.0,11,0.10943818181818181,53.53716666666667
2022-03-21,Energy,0.0998901948051948,1.0,35,0.07074333333333334,54.994509740259744
2022-03-22,Energy,0.13208666666666666,1.0,35,0.0998901948051948,56.60433333333334
2022-03-23,Energy,0.04383416666666666,1.0,24,0.13208666666666666,52.19170833333333
2022-03-24,Energy,0.10499238461538463,1.0,33,0.04383416666666666,55.249619230769234
2022-03-25,Energy,0.30355533333333334,1.0,31,0.10499238461538463,65.17776666666667
2022-03-28,Energy,0.2789433333333334,1.0,29,0.30355533333333334,63.94716666666667
2022-03-29,Energy,0.11205909090909091,1.0,28,0.2789433333333334,55.602954545454544
2022-03-30,Energy,0.29473333333333335,0.8,13,0.11205909090909091,64.73666666666666
2022-03-31,Energy,0.01515666666666667,1.0,23,0.29473333333333335,50.75783333333334
2022-04-01,Energy,0.173538,1.0,14,0.01515666666666667,58.676899999999996
2022-04-04,Energy,0.04662566666666667,1.0,26,0.173538,52.33128333333333
2022-04-05,Energy,0.086984,1.0,16,0.04662566666666667,54.349199999999996
2022-04-06,Energy,0.143655,0.8,11,0.086984,57.182750000000006
2022-04-07,Energy,0.139066,0.8,17,0.143655,56.9533
2022-04-08,Energy,0.1975842857142857,0.8,20,0.139066,59.87921428571429
2022-04-11,Energy,0.27352583333333336,0.8,20,0.1975842857142857,63.676291666666664
2022-04-12,Energy,0.18135844444444443,1.0,21,0.27352583333333336,59.06792222222222
2022-04-13,Energy,0.18383994444444446,0.8,28,0.18135844444444443,59.19199722222223
2022-04-14,Energy,0.22596000000000002,0.8,8,0.18383994444444446,61.297999999999995
2022-04-18,Energy,0.20733444444444443,0.8,15,0.22596000000000002,60.36672222222222
2022-04-19,Energy,0.21925599999999998,1.0,13,0.20733444444444443,60.962799999999994
2022-04-20,Energy,0.19884000000000002,1.0,10,0.21925599999999998,59.94200000000001
2022-04-21,Energy,0.13927266666666666,0.8,23,0.19884000000000002,56.96363333333333
2022-04-22,Energy,0.07542666666666667,1.0,28,0.13927266666666666,53.77133333333334
2022-04-25,Energy,0.11920595093795094,1.0,48,0.07542666666666667,55.96029754689755
2022-04-26,Energy,0.1057852380952381,0.8,25,0.11920595093795094,55.28926190476191
2022-04-27,Energy,0.2651357777777778,1.0,28,0.1057852380952381,63.25678888888889
2022-04-28,Energy,0.2515092857142857,1.0,33,0.2651357777777778,62.57546428571429
2022-04-29,Energy,-0.08109881481481482,1.0,58,0.2515092857142857,45.94505925925926
2022-05-02,Energy,0.14695799999999998,0.8,35,-0.08109881481481482,57.347899999999996
2022-05-03,Energy,0.1915303333333333,1.0,31,0.14695799999999998,59.57651666666667
2022-05-04,Energy,0.04779911111111111,0.8,20,0.1915303333333333,52.38995555555556
2022-05-05,Energy,0.2955449047619048,1.0,40,0.04779911111111111,64.77724523809523
2022-05-06,Energy,0.16832407142857142,1.0,27,0.2955449047619048,58.41620357142857
2022-05-09,Energy,0.09269655411255412,0.8,34,0.16832407142857142,54.63482770562771
2022-05-10,Energy,0.13113142857142857,1.0,19,0.09269655411255412,56.556571428571424
2022-05-11,Energy,0.23219722222222222,0.8,23,0.13113142857142857,61.60986111111111
2022-05-12,Energy,0.10331690476190476,1.0,31,0.23219722222222222,55.16584523809524
2022-05-13,Energy,0.09861777777777778,0.8,34,0.10331690476190476,54.93088888888889
2022-05-16,Energy,0.08721899145299146,1.0,48,0.09861777777777778,54.360949572649574
2022-05-17,Energy,0.08738175757575758,0.8,24,0.08721899145299146,54.36908787878788
2022-05-18,Energy,0.09223620512820511,1.0,29,0.08738175757575758,54.61181025641025
2022-05-19,Energy,0.11894180952380953,0.8,21,0.09223620512820511,55.947090476190475
2022-05-20,Energy,0.21657,0.8,19,0.11894180952380953,60.8285
2022-05-23,Energy,0.10954800000000002,1.0,19,0.21657,55.477399999999996
2022-05-24,Energy,0.17849844444444446,1.0,22,0.10954800000000002,58.92492222222222
2022-05-25,Energy,0.15403333333333333,0.8,26,0.17849844444444446,57.70166666666666
2022-05-26,Energy,0.1650985,1.0,23,0.15403333333333333,58.254925
2022-05-27,Energy,0.25107380952380953,1.0,20,0.1650985,62.55369047619048
2022-05-31,Energy,0.22741289377289378,1.0,31,0.25107380952380953,61.370644688644695
2022-06-01,Energy,0.2107964285714286,1.0,21,0.22741289377289378,60.53982142857143
2022-06-02,Energy,0.32685400000000003,1.0,21,0.2107964285714286,66.3427
2022-06-03,Energy,0.19836666666666666,1.0,18,0.32685400000000003,59.91833333333333
2022-06-06,Energy,0.14872483516483517,0.8,24,0.19836666666666666,57.436241758241756
2022-06-07,Energy,0.095547,1.0,23,0.14872483516483517,54.777350000000006
2022-06-08,Energy,0.18043984126984128,1.0,27,0.095547,59.02199206349207
2022-06-09,Energy,0.13054000000000002,0.8,10,0.18043984126984128,56.52700000000001
2022-06-10,Energy,0.09383333333333334,1.0,19,0.13054000000000002,54.69166666666667
2022-06-13,Energy,0.1252779292929293,0.8,28,0.09383333333333334,56.263896464646464
2022-06-14,Energy,0.1712075,0.8,19,0.1252779292929293,58.560375
2022-06-15,Energy,0.21545750000000002,1.0,16,0.1712075,60.772875000000006
2022-06-16,Energy,0.06751,1.0,10,0.21545750000000002,53.375499999999995
2022-06-17,Energy,0.19483333333333333,1.0,24,0.06751,59.741666666666674
2022-06-21,Energy,0.05272926470588235,0.8,39,0.19483333333333333,52.636463235294116
2022-06-22,Energy,0.042227777777777774,1.0,38,0.05272926470588235,52.11138888888889
2022-06-23,Energy,0.08919472222222222,1.0,40,0.042227777777777774,54.45973611111111
2022-06-24,Energy,-0.08981416666666667,1.0,18,0.08919472222222222,45.50929166666667
2022-06-27,Energy,0.10657933333333333,1.0,26,-0.08981416666666667,55.328966666666666
2022-06-28,Energy,0.269013081232493,1.0,32,0.10657933333333333,63.45065406162465
2022-06-29,Energy,0.18623314285714287,0.8,27,0.269013081232493,59.31165714285714
2022-06-30,Energy,-0.04983449999999999,1.0,20,0.18623314285714287,47.508275
2022-07-01,Energy,0.22599,1.0,21,-0.04983449999999999,61.299499999999995
2022-07-05,Energy,0.07907858682983684,1.0,55,0.22599,53.95392934149184
2022-07-06,Energy,0.32752042857142855,1.0,28,0.07907858682983684,66.37602142857143
2022-07-07,Energy,0.26227666666666666,1.0,21,0.32752042857142855,63.11383333333333
2022-07-08,Energy,0.12221000000000001,0.8,17,0.26227666666666666,56.110499999999995
2022-07-11,Energy,0.044755333333333334,0.8,30,0.12221000000000001,52.237766666666666
2022-07-12,Energy,0.23591047619047617,1.0,20,0.044755333333333334,61.795523809523814
2022-07-13,Energy,0.16536833333333334,1.0,23,0.23591047619047617,58.26841666666667
2022-07-14,Energy,0.18075333333333335,1.0,31,0.16536833333333334,59.03766666666667
2022-07-15,Energy,0.27465833333333334,1.0,19,0.18075333333333335,63.732916666666675
2022-07-18,Energy,0.26950738095238097,1.0,25,0.27465833333333334,63.47536904761905
2022-07-19,Energy,0.32101999999999997,1.0,17,0.26950738095238097,66.05099999999999
2022-07-20,Energy,0.17309214285714286,1.0,23,0.32101999999999997,58.65460714285714
2022-07-21,Energy,0.112725,1.0,21,0.17309214285714286,55.63625
2022-07-22,Energy,0.18882181818181817,1.0,22,0.112725,59.44109090909091
2022-07-25,Energy,0.33997331601731606,1.0,35,0.18882181818181817,66.9986658008658
2022-07-26,Energy,0.071235,1.0,16,0.33997331601731606,53.561749999999996
2022-07-27,Energy,0.11778666666666666,1.0,27,0.071235,55.88933333333333
2022-07-28,Energy,0.1399291818181818,1.0,34,0.11778666666666666,56.99645909090909
2022-07-29,Energy,0.2862748717948718,1.0,61,0.1399291818181818,64.3137435897436
2022-08-01,Energy,0.057070222222222224,1.0,35,0.2862748717948718,52.853511111111104
2022-08-02,Energy,0.10514642857142857,0.8,31,0.057070222222222224,55.25732142857143
2022-08-03,Energy,0.25675920855614975,1.0,39,0.10514642857142857,62.837960427807495
2022-08-04,Energy,0.13704785714285714,1.0,27,0.25675920855614975,56.85239285714285
2022-08-05,Energy,0.198822,0.8,21,0.13704785714285714,59.941100000000006
2022-08-08,Energy,0.09355876190476191,0.6,29,0.198822,54.6779380952381
2022-08-09,Energy,0.03250393650793651,0.6,21,0.09355876190476191,51.62519682539683
2022-08-10,Energy,0.16080609523809525,1.0,23,0.03250393650793651,58.04030476190476
2022-08-11,Energy,0.16389199999999998,1.0,15,0.16080609523809525,58.194599999999994
2022-08-12,Energy,0.156642,0.8,15,0.16389199999999998,57.8321
2022-08-15,Energy,0.14137850505050506,1.0,44,0.156642,57.06892525252525
2022-08-16,Energy,0.16016666666666665,0.8,18,0.14137850505050506,58.008333333333326
2022-08-17,Energy,0.2747316666666667,0.8,15,0.16016666666666665,63.73658333333334
2022-08-18,Energy,-0.03893566666666665,1.0,22,0.2747316666666667,48.053216666666664
2022-08-19,Energy,0.10785266666666667,0.6,16,-0.03893566666666665,55.39263333333333
2022-08-22,Energy,0.2210671111111111,1.0,23,0.10785266666666667,61.053355555555555
2022-08-23,Energy,0.1240711111111111,1.0,25,0.2210671111111111,56.20355555555555
2022-08-24,Energy,0.012638,1.0,26,0.1240711111111111,50.631899999999995
2022-08-25,Energy,0.1050217857142857,1.0,25,0.012638,55.251089285714286
2022-08-26,Energy,0.09218333333333334,0.6,10,0.1050217857142857,54.60916666666667
2022-08-29,Energy,0.18382174603174603,0.8,21,0.09218333333333334,59.191087301587295
2022-08-30,Energy,0.09114714285714286,1.0,24,0.18382174603174603,54.55735714285714
2022-08-31,Energy,0.19469054545454548,0.8,19,0.09114714285714286,59.73452727272728
2022-09-01,Energy,0.164953,1.0,21,0.19469054545454548,58.24764999999999
2022-09-02,Energy,0.19711547619047617,1.0,29,0.164953,59.855773809523804
2022-09-06,Energy,0.11953100000000001,0.8,23,0.19711547619047617,55.97655
2022-09-07,Energy,0.17913,1.0,22,0.11953100000000001,58.9565
2022-09-08,Energy,0.27588999999999997,1.0,16,0.17913,63.7945
2022-09-09,Energy,0.048162666666666666,1.0,15,0.27588999999999997,52.40813333333333
2022-09-12,Energy,0.1512875,0.8,21,0.048162666666666666,57.564375
2022-09-13,Energy,0.26301147619047616,1.0,20,0.1512875,63.150573809523806
2022-09-14,Energy,0.09391750000000001,0.8,26,0.26301147619047616,54.69587500000001
2022-09-15,Energy,0.22320444444444446,1.0,24,0.09391750000000001,61.160222222222224
2022-09-16,Energy,0.495585,1.0,15,0.22320444444444446,74.77924999999999
2022-09-19,Energy,0.09387814285714287,1.0,22,0.495585,54.69390714285714
2022-09-20,Energy,0.22261999999999998,1.0,9,0.09387814285714287,61.131
2022-09-21,Energy,0.24372500000000002,0.8,14,0.22261999999999998,62.18625
2022-09-22,Energy,0.11057333333333333,0.8,10,0.24372500000000002,55.52866666666667
2022-09-23,Energy,-0.05615450000000001,0.8,18,0.11057333333333333,47.192275
2022-09-26,Energy,0.07940833333333334,0.8,17,-0.05615450000000001,53.970416666666665
2022-09-27,Energy,-0.03177428571428571,0.6,10,0.07940833333333334,48.41128571428571
2022-09-28,Energy,0.18127833333333332,0.8,20,-0.03177428571428571,59.06391666666666
2022-09-29,Energy,0.144942,0.8,16,0.18127833333333332,57.247099999999996
2022-09-30,Energy,0.17142523809523807,0.6,12,0.144942,58.571261904761904
2022-10-03,Energy,0.09041141025641025,1.0,33,0.17142523809523807,54.52057051282051
2022-10-04,Energy,0.09083500000000001,0.8,14,0.09041141025641025,54.54175
2022-10-05,Energy,0.2191266666666667,1.0,29,0.09083500000000001,60.95633333333333
2022-10-06,Energy,0.137495,1.0,28,0.2191266666666667,56.87475
2022-10-07,Energy,0.26992971428571433,1.0,20,0.137495,63.496485714285726
2022-10-10,Energy,0.13325833333333334,1.0,26,0.26992971428571433,56.66291666666666
2022-10-11,Energy,0.098963,0.6,11,0.13325833333333334,54.94815
2022-10-12,Energy,0.16264646153846155,0.8,20,0.098963,58.13232307692308
2022-10-13,Energy,0.10111555555555556,1.0,19,0.16264646153846155,55.055777777777784
2022-10-14,Energy,0.11390866666666666,1.0,28,0.10111555555555556,55.695433333333334
2022-10-17,Energy,0.07120083333333334,1.0,20,0.11390866666666666,53.56004166666667
2022-10-18,Energy,-0.013294999999999998,0.8,17,0.07120083333333334,49.33525
2022-10-19,Energy,0.15616066666666667,1.0,16,-0.013294999999999998,57.80803333333333
2022-10-20,Energy,0.130947,1.0,19,0.15616066666666667,56.547349999999994
2022-10-21,Energy,0.09009577777777777,1.0,33,0.130947,54.50478888888889
2022-10-24,Energy,0.08828255555555556,1.0,32,0.09009577777777777,54.41412777777778
2022-10-25,Energy,0.09709600000000002,0.8,9,0.08828255555555556,54.854800000000004
2022-10-26,Energy,0.016632,0.8,16,0.09709600000000002,50.8316
2022-10-27,Energy,0.1154789090909091,1.0,26,0.016632,55.77394545454546
2022-10-28,Energy,0.12420655555555556,1.0,47,0.1154789090909091,56.21032777777778
2022-10-31,Energy,0.11650491666666667,1.0,40,0.12420655555555556,55.825245833333334
2022-11-01,Energy,0.08490558441558442,0.8,21,0.11650491666666667,54.24527922077922
2022-11-02,Energy,0.24664961904761906,1.0,24,0.08490558441558442,62.332480952380955
2022-11-03,Energy,0.30889,1.0,20,0.24664961904761906,65.44449999999999
2022-11-04,Energy,0.057296666666666676,1.0,14,0.30889,52.86483333333334
2022-11-07,Energy,0.07273981818181818,1.0,34,0.057296666666666676,53.63699090909091
2022-11-08,Energy,0.12921916666666666,0.8,21,0.07273981818181818,56.46095833333333
2022-11-09,Energy,-0.03979666666666667,0.8,14,0.12921916666666666,48.01016666666666
2022-11-10,Energy,0.09074266666666667,1.0,15,-0.03979666666666667,54.53713333333333
2022-11-11,Energy,0.060730571428571425,1.0,16,0.09074266666666667,53.036528571428576
2022-11-14,Energy,0.12069488344988347,1.0,36,0.060730571428571425,56.03474417249418
2022-11-15,Energy,0.3191528571428571,1.0,16,0.12069488344988347,65.95764285714284
2022-11-16,Energy,0.20551,1.0,12,0.3191528571428571,60.2755
2022-11-17,Energy,0.04165033333333333,0.8,19,0.20551,52.08251666666667
2022-11-18,Energy,0.051636,0.6,12,0.04165033333333333,52.5818
2022-11-21,Energy,0.1497365,1.0,25,0.051636,57.486824999999996
2022-11-22,Energy,-0.07602533333333333,0.8,12,0.1497365,46.19873333333333
2022-11-23,Energy,0.24129490476190477,1.0,23,-0.07602533333333333,62.06474523809524
2022-11-25,Energy,0.21078200000000002,1.0,13,0.24129490476190477,60.539100000000005
2022-11-28,Energy,0.007767250000000003,1.0,32,0.21078200000000002,50.38836250000001
2022-11-29,Energy,0.042768636363636356,1.0,29,0.007767250000000003,52.13843181818182
2022-11-30,Energy,0.16537638095238097,0.8,19,0.042768636363636356,58.26881904761905
2022-12-01,Energy,0.20941666666666667,1.0,12,0.16537638095238097,60.47083333333333
2022-12-02,Energy,0.33565,0.8,8,0.20941666666666667,66.7825
2022-12-05,Energy,0.1421411904761905,0.8,21,0.33565,57.107059523809525
2022-12-06,Energy,0.2555476666666667,1.0,14,0.1421411904761905,62.77738333333333
2022-12-07,Energy,0.08345619047619049,1.0,19,0.2555476666666667,54.172809523809526
2022-12-08,Energy,0.22983543589743588,1.0,28,0.08345619047619049,61.491771794871795
2022-12-09,Energy,0.08636095238095237,1.0,24,0.22983543589743588,54.31804761904762
2022-12-12,Energy,0.2683230952380952,1.0,19,0.08636095238095237,63.416154761904764
2022-12-13,Energy,0.149775,1.0,12,0.2683230952380952,57.488749999999996
2022-12-14,Energy,-0.048950666666666656,1.0,17,0.149775,47.55246666666667
2022-12-15,Energy,0.03632,1.0,20,-0.048950666666666656,51.815999999999995
2022-12-16,Energy,0.11407199999999999,0.8,9,0.03632,55.703599999999994
2022-12-19,Energy,0.07206955555555555,1.0,21,0.11407199999999999,53.603477777777776
2022-12-20,Energy,0.2606875,1.0,17,0.07206955555555555,63.034375
2022-12-21,Energy,0.04105666666666667,0.8,10,0.2606875,52.05283333333334
2022-12-22,Energy,0.378585,1.0,12,0.04105666666666667,68.92925
2022-12-23,Energy,0.020424000000000005,0.8,9,0.378585,51.0212
2022-12-27,Energy,0.19149595604395603,1.0,37,0.020424000000000005,59.5747978021978
2022-12-28,Energy,0.06325333333333334,0.6,13,0.19149595604395603,53.16266666666667
2022-12-29,Energy,0.032537857142857146,0.8,16,0.06325333333333334,51.626892857142856
2022-12-30,Energy,0.16362000000000002,1.0,14,0.032537857142857146,58.181000000000004
2023-01-03,Energy,0.28271022222222225,1.0,32,0.16362000000000002,64.13551111111111
2023-01-04,Energy,0.24394233333333332,1.0,27,0.28271022222222225,62.197116666666666
2023-01-05,Energy,0.24221202380952384,1.0,22,0.24394233333333332,62.11060119047619
2023-01-06,Energy,0.15449438095238097,1.0,22,0.24221202380952384,57.72471904761905
2023-01-09,Energy,0.2865790476190476,1.0,22,0.15449438095238097,64.32895238095237
2023-01-10,Energy,0.04492685714285714,1.0,16,0.2865790476190476,52.24634285714286
2023-01-11,Energy,0.13579000000000002,0.6,9,0.04492685714285714,56.789500000000004
2023-01-12,Energy,0.014919642857142859,0.8,20,0.13579000000000002,50.74598214285714
2023-01-13,Energy,0.13789428571428572,0.8,14,0.014919642857142859,56.89471428571429
2023-01-17,Energy,0.06981882352941177,1.0,40,0.13789428571428572,53.490941176470585
2023-01-18,Energy,0.24106333333333335,1.0,21,0.06981882352941177,62.05316666666667
2023-01-19,Energy,0.09292,0.8,14,0.24106333333333335,54.645999999999994
2023-01-20,Energy,0.15052342307692307,0.8,31,0.09292,57.52617115384615
2023-01-23,Energy,0.038813068181818185,1.0,31,0.15052342307692307,51.940653409090906
2023-01-24,Energy,0.2233597619047619,1.0,21,0.038813068181818185,61.16798809523809
2023-01-25,Energy,0.19050666666666666,1.0,29,0.2233597619047619,59.52533333333333
2023-01-26,Energy,0.12985134615384614,0.6,39,0.19050666666666666,56.49256730769231
2023-01-27,Energy,0.11059071428571429,1.0,46,0.12985134615384614,55.529535714285714
2023-01-30,Energy,0.13952787878787878,1.0,29,0.11059071428571429,56.976393939393944
2023-01-31,Energy,0.12339420512820513,1.0,36,0.13952787878787878,56.169710256410255
2023-02-01,Energy,-0.12676177777777778,1.0,22,0.12339420512820513,43.66191111111111
2023-02-02,Energy,0.18011523809523808,1.0,23,-0.12676177777777778,59.0057619047619
2023-02-03,Energy,-0.004061666666666658,1.0,13,0.18011523809523808,49.79691666666667
2023-02-06,Energy,0.03663444444444445,1.0,22,-0.004061666666666658,51.83172222222222
2023-02-07,Energy,0.0007771428571428541,1.0,17,0.03663444444444445,50.03885714285714
2023-02-08,Energy,0.08533444444444445,1.0,19,0.0007771428571428541,54.26672222222222
2023-02-09,Energy,0.11847390476190475,1.0,23,0.08533444444444445,55.92369523809524
2023-02-10,Energy,0.10452566666666667,0.8,24,0.11847390476190475,55.226283333333335
2023-02-13,Energy,0.27975944444444445,1.0,31,0.10452566666666667,63.987972222222226
2023-02-14,Energy,-0.06863,1.0,12,0.27975944444444445,46.5685
2023-02-15,Energy,0.03642666666666666,0.6,10,-0.06863,51.82133333333333
2023-02-16,Energy,0.13395955555555555,1.0,21,0.03642666666666666,56.69797777777777
2023-02-17,Energy,0.10681928571428571,0.8,14,0.13395955555555555,55.34096428571429
2023-02-21,Energy,0.1161750505050505,1.0,34,0.10681928571428571,55.80875252525252
2023-02-22,Energy,0.11466400000000002,1.0,17,0.1161750505050505,55.733200000000004
2023-02-23,Energy,0.13751142857142856,0.8,19,0.11466400000000002,56.875571428571426
2023-02-24,Energy,0.056115000000000005,1.0,10,0.13751142857142856,52.805749999999996
2023-02-27,Energy,-0.019697714285714284,1.0,28,0.056115000000000005,49.01511428571428
2023-02-28,Energy,0.12354777777777778,0.6,18,-0.019697714285714284,56.17738888888889
2023-03-01,Energy,0.06314166666666667,0.8,14,0.12354777777777778,53.15708333333333
2023-03-02,Energy,0.27628833333333336,1.0,17,0.06314166666666667,63.81441666666667
2023-03-03,Energy,0.12561833333333333,0.8,11,0.27628833333333336,56.28091666666667
2023-03-06,Energy,0.05377766666666667,1.0,40,0.12561833333333333,52.68888333333334
2023-03-07,Energy,0.12144666666666666,1.0,25,0.05377766666666667,56.07233333333333
2023-03-08,Energy,0.14941619047619048,1.0,31,0.12144666666666666,57.47080952380952
2023-03-09,Energy,0.25682866666666665,1.0,21,0.14941619047619048,62.84143333333333
2023-03-10,Energy,0.11544933333333336,0.8,18,0.25682866666666665,55.772466666666666
2023-03-13,Energy,0.15785444444444444,1.0,30,0.11544933333333336,57.892722222222226
2023-03-14,Energy,0.21197166666666667,1.0,24,0.15785444444444444,60.59858333333333
2023-03-15,Energy,0.1294664285714286,1.0,28,0.21197166666666667,56.47332142857143
2023-03-16,Energy,-0.04001199999999999,1.0,15,0.1294664285714286,47.9994
2023-03-17,Energy,0.05039333333333333,0.8,11,-0.04001199999999999,52.519666666666666
2023-03-20,Energy,0.26259466666666664,1.0,29,0.05039333333333333,63.129733333333334
2023-03-21,Energy,-0.03183533333333334,0.8,16,0.26259466666666664,48.408233333333335
2023-03-22,Energy,0.13186916666666665,1.0,22,-0.03183533333333334,56.59345833333334
2023-03-23,Energy,0.16982166666666668,1.0,17,0.13186916666666665,58.491083333333336
2023-03-24,Energy,0.194102,1.0,11,0.16982166666666668,59.7051
2023-03-27,Energy,0.061272499999999994,1.0,25,0.194102,53.063625
2023-03-28,Energy,0.08887333333333333,1.0,15,0.061272499999999994,54.443666666666665
2023-03-29,Energy,0.04028988888888889,1.0,29,0.08887333333333333,52.014494444444445
2023-03-30,Energy,0.07989666666666667,1.0,16,0.04028988888888889,53.99483333333334
2023-03-31,Energy,0.140608,1.0,14,0.07989666666666667,57.0304
2023-04-03,Energy,-0.04670276315789473,1.0,64,0.140608,47.66486184210527
2023-04-04,Energy,0.2448036507936508,1.0,33,-0.04670276315789473,62.24018253968254
2023-04-05,Energy,0.044648961038961044,1.0,28,0.2448036507936508,52.232448051948055
2023-04-06,Energy,0.12416584615384614,0.8,20,0.044648961038961044,56.20829230769231
2023-04-10,Energy,0.10547577357425184,1.0,49,0.12416584615384614,55.273788678712584
2023-04-11,Energy,0.10223555555555555,0.8,18,0.10547577357425184,55.11177777777778
2023-04-12,Energy,0.04597833333333333,1.0,19,0.10223555555555555,52.29891666666666
2023-04-13,Energy,0.079566,0.8,20,0.04597833333333333,53.978300000000004
2023-04-14,Energy,0.17745000000000002,1.0,24,0.079566,58.8725
2023-04-17,Energy,0.12480233333333332,1.0,28,0.17745000000000002,56.240116666666665
2023-04-18,Energy,0.011318838383838386,1.0,28,0.12480233333333332,50.565941919191914
2023-04-19,Energy,0.18730750000000002,1.0,25,0.011318838383838386,59.365375
2023-04-20,Energy,0.10873916666666665,1.0,20,0.18730750000000002,55.43695833333333
2023-04-21,Energy,0.16272232967032968,1.0,30,0.10873916666666665,58.13611648351649
2023-04-24,Energy,0.10986303030303031,1.0,31,0.16272232967032968,55.49315151515152
2023-04-25,Energy,0.07043142857142856,0.8,16,0.10986303030303031,53.52157142857143
2023-04-26,Energy,0.12212200000000002,0.8,16,0.07043142857142856,56.106100000000005
2023-04-27,Energy,0.09951216666666667,1.0,27,0.12212200000000002,54.975608333333334
2023-04-28,Energy,0.2076488660801564,0.8,57,0.09951216666666667,60.382443304007815
2023-05-01,Energy,0.05163315789473684,1.0,44,0.2076488660801564,52.58165789473684
2023-05-02,Energy,0.01764304761904762,0.8,25,0.05163315789473684,50.882152380952384
2023-05-03,Energy,0.04632628571428571,0.8,18,0.01764304761904762,52.316314285714284
2023-05-04,Energy,0.09932304761904762,0.8,21,0.04632628571428571,54.96615238095238
2023-05-05,Energy,0.056336,0.8,19,0.09932304761904762,52.8168
2023-05-08,Energy,0.13892006162464984,1.0,41,0.056336,56.94600308123249
2023-05-09,Energy,0.3369247619047619,1.0,20,0.13892006162464984,66.84623809523809
2023-05-10,Energy,0.04911866666666667,0.8,26,0.3369247619047619,52.455933333333334
2023-05-11,Energy,0.2907571428571429,1.0,19,0.04911866666666667,64.53785714285715
2023-05-12,Energy,0.037818666666666674,0.8,19,0.2907571428571429,51.89093333333334
2023-05-15,Energy,0.09718464646464646,1.0,35,0.037818666666666674,54.85923232323232
2023-05-16,Energy,0.05464,0.8,12,0.09718464646464646,52.732
2023-05-17,Energy,-0.03623933333333333,1.0,19,0.05464,48.18803333333334
2023-05-18,Energy,0.02684166666666667,0.8,17,-0.03623933333333333,51.342083333333335
2023-05-19,Energy,0.05865833333333335,1.0,18,0.02684166666666667,52.932916666666664
2023-05-22,Energy,0.14290833333333333,0.8,38,0.05865833333333335,57.14541666666667
2023-05-23,Energy,0.032651,0.8,17,0.14290833333333333,51.63255
2023-05-24,Energy,-0.023201428571428574,0.8,16,0.032651,48.83992857142857
2023-05-25,Energy,0.021213222222222224,1.0,30,-0.023201428571428574,51.060661111111116
2023-05-26,Energy,0.20208666666666666,1.0,24,0.021213222222222224,60.10433333333334
2023-05-30,Energy,0.13275587301587302,1.0,31,0.20208666666666666,56.637793650793654
2023-05-31,Energy,0.17170400000000002,0.8,12,0.13275587301587302,58.5852
2023-06-01,Energy,0.20107333333333335,1.0,22,0.17170400000000002,60.05366666666667
2023-06-02,Energy,0.004056363636363636,0.8,24,0.20107333333333335,50.202818181818174
2023-06-05,Energy,0.082553,1.0,31,0.004056363636363636,54.12765
2023-06-06,Energy,0.011694222222222217,1.0,25,0.082553,50.58471111111111
2023-06-07,Energy,0.08770333333333333,0.8,10,0.011694222222222217,54.38516666666666
2023-06-08,Energy,0.0346895238095238,1.0,17,0.08770333333333333,51.73447619047619
2023-06-09,Energy,0.07795085714285714,0.8,18,0.0346895238095238,53.89754285714285
2023-06-12,Energy,0.055564999999999996,1.0,23,0.07795085714285714,52.77825000000001
2023-06-13,Energy,0.11525333333333335,1.0,16,0.055564999999999996,55.762666666666675
2023-06-14,Energy,0.03523666666666667,1.0,14,0.11525333333333335,51.76183333333333
2023-06-15,Energy,0.07012933333333334,1.0,16,0.03523666666666667,53.50646666666666
2023-06-16,Energy,0.09272,1.0,12,0.07012933333333334,54.635999999999996
2023-06-20,Energy,0.08553200000000001,1.0,30,0.09272,54.276599999999995
2023-06-21,Energy,0.03936,1.0,20,0.08553200000000001,51.968
2023-06-22,Energy,0.03054459595959596,1.0,29,0.03936,51.5272297979798
2023-06-23,Energy,0.08087,1.0,16,0.03054459595959596,54.0435
2023-06-26,Energy,0.05300933333333333,1.0,18,0.08087,52.65046666666666
2023-06-27,Energy,0.10251777777777778,1.0,17,0.05300933333333333,55.12588888888889
2023-06-28,Energy,0.11212,0.8,14,0.10251777777777778,55.606
2023-06-29,Energy,0.06587136363636363,0.8,21,0.11212,53.29356818181819
2023-06-30,Energy,0.017703000000000003,1.0,16,0.06587136363636363,50.88515
2023-07-03,Energy,0.10649,1.0,32,0.017703000000000003,55.3245
2023-07-05,Energy,0.045479120879120885,0.8,29,0.10649,52.27395604395605
2023-07-06,Energy,0.16027809523809525,1.0,27,0.045479120879120885,58.01390476190477
2023-07-07,Energy,-0.005559047619047611,1.0,22,0.16027809523809525,49.72204761904762
2023-07-10,Energy,0.07794799999999999,1.0,21,-0.005559047619047611,53.8974
2023-07-11,Energy,-0.04340309523809523,1.0,20,0.07794799999999999,47.82984523809524
2023-07-12,Energy,0.06690533333333334,1.0,27,-0.04340309523809523,53.34526666666667
2023-07-13,Energy,0.15996761904761905,1.0,25,0.06690533333333334,57.998380952380955
2023-07-14,Energy,0.10779676923076922,1.0,27,0.15996761904761905,55.38983846153847
2023-07-17,Energy,0.17288583333333332,1.0,25,0.10779676923076922,58.64429166666667
2023-07-18,Energy,-0.024509333333333334,1.0,20,0.17288583333333332,48.77453333333333
2023-07-19,Energy,0.0264,1.0,13,-0.024509333333333334,51.32
2023-07-20,Energy,0.10256666666666667,1.0,20,0.0264,55.12833333333334
2023-07-21,Energy,0.04346671014492754,1.0,38,0.10256666666666667,52.17333550724638
2023-07-24,Energy,0.17202599999999998,1.0,50,0.04346671014492754,58.6013
2023-07-25,Energy,0.05407333333333334,1.0,26,0.17202599999999998,52.70366666666667
2023-07-26,Energy,0.07971600000000001,1.0,13,0.05407333333333334,53.9858
2023-07-27,Energy,-0.024406222222222225,0.8,22,0.07971600000000001,48.77968888888889
2023-07-28,Energy,0.23302399999999998,0.8,63,-0.024406222222222225,61.651199999999996
2023-07-31,Energy,0.2954017619047619,1.0,45,0.23302399999999998,64.7700880952381
2023-08-01,Energy,0.186396,1.0,20,0.2954017619047619,59.3198
2023-08-02,Energy,0.06764,1.0,15,0.186396,53.382
2023-08-03,Energy,0.05658571428571428,1.0,33,0.06764,52.82928571428571
2023-08-04,Energy,-0.05031666666666666,0.8,13,0.05658571428571428,47.48416666666667
2023-08-07,Energy,0.10547083333333333,1.0,26,-0.05031666666666666,55.273541666666674
2023-08-08,Energy,0.21968833333333332,0.8,9,0.10547083333333333,60.98441666666666
2023-08-09,Energy,-0.019293333333333336,1.0,21,0.21968833333333332,49.035333333333334
2023-08-10,Energy,0.20419,0.8,18,-0.019293333333333336,60.209500000000006
2023-08-11,Energy,0.14817305494505492,1.0,36,0.20419,57.408652747252745
2023-08-14,Energy,0.1786311111111111,1.0,29,0.14817305494505492,58.93155555555556
2023-08-15,Energy,0.026050714285714288,1.0,20,0.1786311111111111,51.30253571428571
2023-08-16,Energy,0.054703333333333326,0.8,28,0.026050714285714288,52.735166666666665
2023-08-17,Energy,0.05376665934065934,1.0,36,0.054703333333333326,52.68833296703297
2023-08-18,Energy,0.17154114285714286,1.0,28,0.05376665934065934,58.57705714285715
2023-08-21,Energy,0.1313845,0.8,27,0.17154114285714286,56.569225
2023-08-22,Energy,0.007368285714285716,0.8,23,0.1313845,50.36841428571428
2023-08-23,Energy,0.1958479365079365,0.8,23,0.007368285714285716,59.79239682539682
2023-08-24,Energy,0.07053066666666666,1.0,14,0.1958479365079365,53.52653333333334
2023-08-25,Energy,0.06441999999999999,0.8,12,0.07053066666666666,53.221
2023-08-28,Energy,0.21741363636363636,1.0,25,0.06441999999999999,60.870681818181815
2023-08-29,Energy,-0.03839954545454545,1.0,19,0.21741363636363636,48.08002272727273
2023-08-30,Energy,0.10436126984126984,0.6,17,-0.03839954545454545,55.21806349206349
2023-08-31,Energy,0.07045,0.8,13,0.10436126984126984,53.522499999999994
2023-09-01,Energy,0.16293333333333335,0.6,8,0.07045,58.14666666666667
2023-09-05,Energy,-0.018475297619047627,1.0,36,0.16293333333333335,49.07623511904762
2023-09-06,Energy,0.2502890476190476,1.0,15,-0.018475297619047627,62.51445238095238
2023-09-07,Energy,0.1781435,0.8,16,0.2502890476190476,58.907175
2023-09-08,Energy,0.1417114285714286,1.0,27,0.1781435,57.08557142857143
2023-09-11,Energy,0.10889055555555557,1.0,29,0.1417114285714286,55.44452777777777
2023-09-12,Energy,0.10197066666666668,1.0,35,0.10889055555555557,55.098533333333336
2023-09-13,Energy,0.09829861111111111,1.0,23,0.10197066666666668,54.91493055555555
2023-09-14,Energy,0.12299133333333331,1.0,16,0.09829861111111111,56.14956666666666
2023-09-15,Energy,-0.014568000000000003,0.8,16,0.12299133333333331,49.2716
2023-09-18,Energy,0.05833422222222222,1.0,38,-0.014568000000000003,52.91671111111111
2023-09-19,Energy,0.04518965384615385,1.0,29,0.05833422222222222,52.25948269230769
2023-09-20,Energy,9.350649350649276e-05,0.8,21,0.04518965384615385,50.00467532467533
2023-09-21,Energy,0.14600333333333335,0.8,25,9.350649350649276e-05,57.30016666666666
2023-09-22,Energy,0.2148235,1.0,24,0.14600333333333335,60.741175000000005
2023-09-25,Energy,0.15620107142857143,0.8,32,0.2148235,57.81005357142857
2023-09-26,Energy,0.1580538095238095,1.0,19,0.15620107142857143,57.90269047619048
2023-09-27,Energy,0.12195466666666668,1.0,19,0.1580538095238095,56.09773333333333
2023-09-28,Energy,0.14097999999999997,1.0,21,0.12195466666666668,57.04899999999999
2023-09-29,Energy,0.21495066666666665,1.0,23,0.14097999999999997,60.74753333333334
2023-10-02,Energy,0.21752761904761905,1.0,27,0.21495066666666665,60.87638095238095
2023-10-03,Energy,0.235757,1.0,13,0.21752761904761905,61.78785
2023-10-04,Energy,0.19136745454545456,1.0,33,0.235757,59.56837272727273
2023-10-05,Energy,0.20503251282051282,1.0,39,0.19136745454545456,60.25162564102564
2023-10-06,Energy,0.06940646153846156,0.8,42,0.20503251282051282,53.47032307692308
2023-10-09,Energy,-0.1429298831168831,1.0,62,0.06940646153846156,42.85350584415585
2023-10-10,Energy,0.10431422222222222,1.0,32,-0.1429298831168831,55.21571111111111
2023-10-11,Energy,0.09017753623188406,0.6,31,0.10431422222222222,54.5088768115942
2023-10-12,Energy,0.264472,1.0,21,0.09017753623188406,63.223600000000005
2023-10-13,Energy,-0.011062666666666676,0.8,26,0.264472,49.446866666666665
2023-10-16,Energy,0.16057222222222223,0.6,12,-0.011062666666666676,58.028611111111104
2023-10-17,Energy,0.08578028571428571,0.6,22,0.16057222222222223,54.28901428571429
2023-10-18,Energy,-0.04752713675213676,1.0,39,0.08578028571428571,47.623643162393165
2023-10-19,Energy,0.18488886363636364,1.0,27,-0.04752713675213676,59.244443181818184
2023-10-20,Energy,0.033544862155388475,0.8,36,0.18488886363636364,51.67724310776942
2023-10-23,Energy,0.015654545454545456,1.0,67,0.033544862155388475,50.78272727272727
2023-10-24,Energy,0.1611207142857143,1.0,37,0.015654545454545456,58.05603571428571
2023-10-25,Energy,0.11159015151515153,0.6,25,0.1611207142857143,55.57950757575758
2023-10-26,Energy,0.059366886446886445,1.0,41,0.11159015151515153,52.96834432234432
2023-10-27,Energy,0.08344206896551724,0.8,62,0.059366886446886445,54.17210344827586
2023-10-30,Energy,0.05613686868686869,0.8,33,0.08344206896551724,52.806843434343435
2023-10-31,Energy,0.10854921428571429,1.0,22,0.05613686868686869,55.427460714285715
2023-11-01,Energy,0.18084055555555553,1.0,27,0.10854921428571429,59.042027777777776
2023-11-02,Energy,0.06592258823529411,1.0,40,0.18084055555555553,53.2961294117647
2023-11-03,Energy,0.137735,0.8,10,0.06592258823529411,56.88675
2023-11-06,Energy,0.14513076190476187,1.0,27,0.137735,57.2565380952381
2023-11-07,Energy,0.18816583333333334,1.0,29,0.14513076190476187,59.40829166666667
2023-11-08,Energy,0.1039205,0.8,22,0.18816583333333334,55.196025000000006
2023-11-09,Energy,0.08788975757575758,1.0,25,0.1039205,54.39448787878788
2023-11-10,Energy,0.09194380952380951,1.0,19,0.08788975757575758,54.59719047619047
2023-11-13,Energy,0.18756133333333333,1.0,30,0.09194380952380951,59.37806666666666
2023-11-14,Energy,0.237804,0.8,27,0.18756133333333333,61.89019999999999
2023-11-15,Energy,0.08161,0.8,13,0.237804,54.0805
2023-11-16,Energy,-0.0866275,0.8,15,0.08161,45.668625
2023-11-17,Energy,0.14760190476190477,0.8,14,-0.0866275,57.380095238095244
2023-11-20,Energy,0.037435,0.8,11,0.14760190476190477,51.871750000000006
2023-11-21,Energy,0.14326642857142857,1.0,20,0.037435,57.163321428571436
2023-11-22,Energy,0.09723428571428572,0.8,12,0.14326642857142857,54.86171428571429
2023-11-24,Energy,0.12079999999999999,0.8,18,0.09723428571428572,56.04
2023-11-27,Energy,0.12140533333333332,0.8,15,0.12079999999999999,56.07026666666667
2023-11-28,Energy,-0.025393,1.0,18,0.12140533333333332,48.73035
2023-11-29,Energy,0.055535833333333326,1.0,24,-0.025393,52.77679166666667
2023-11-30,Energy,0.13505333333333333,0.8,18,0.055535833333333326,56.75266666666666
2023-12-01,Energy,0.0,0.6,9,0.13505333333333333,50.0
2023-12-04,Energy,0.022403333333333334,1.0,17,0.0,51.12016666666667
2023-12-05,Energy,-0.0012753333333333338,0.6,17,0.022403333333333334,49.936233333333334
2023-12-06,Energy,0.23260824175824174,1.0,30,-0.0012753333333333338,61.63041208791209
2023-12-07,Energy,-0.049162000000000004,1.0,21,0.23260824175824174,47.5419
2023-12-08,Energy,0.11883714285714286,1.0,32,-0.049162000000000004,55.941857142857145
2023-12-11,Energy,0.11960247631975866,1.0,65,0.11883714285714286,55.98012381598794
2023-12-12,Energy,0.032781538461538466,0.8,40,0.11960247631975866,51.63907692307692
2023-12-13,Energy,0.13694,1.0,26,0.032781538461538466,56.847
2023-12-14,Energy,0.09545666666666666,0.8,12,0.13694,54.77283333333334
2023-12-15,Energy,0.003450769230769235,1.0,18,0.09545666666666666,50.172538461538466
2023-12-18,Energy,0.10588714285714287,0.8,34,0.003450769230769235,55.294357142857145
2023-12-19,Energy,0.0,0.0,0,0.10588714285714287,50.0
2023-12-20,Energy,0.0,0.0,0,0.0,50.0
2023-12-21,Energy,0.0,0.0,0,0.0,50.0
2023-12-22,Energy,0.0,0.0,0,0.0,50.0
2023-12-26,Energy,0.0,0.0,0,0.0,50.0
2023-12-27,Energy,0.0,0.0,0,0.0,50.0
2023-12-28,Energy,0.0,0.0,0,0.0,50.0
2023-12-29,Energy,0.0,0.0,0,0.0,50.0
2020-01-03,Financials,0.05045500000000001,0.6,8,0.0,52.522749999999995
2020-01-06,Financials,0.284306,1.0,12,0.05045500000000001,64.2153
2020-01-07,Financials,0.11242,0.8,11,0.284306,55.620999999999995
2020-01-08,Financials,0.28060999999999997,0.6,4,0.11242,64.0305
2020-01-09,Financials,0.26152933333333334,1.0,11,0.28060999999999997,63.07646666666666
2020-01-10,Financials,0.13161499999999998,0.6,7,0.26152933333333334,56.58075
2020-01-13,Financials,0.19619,1.0,33,0.13161499999999998,59.80950000000001
2020-01-14,Financials,0.035565476190476196,1.0,38,0.19619,51.77827380952381
2020-01-15,Financials,0.06089596825396826,1.0,36,0.035565476190476196,53.04479841269841
2020-01-16,Financials,0.14342895726495727,1.0,46,0.06089596825396826,57.17144786324786
2020-01-17,Financials,0.11717999999999999,1.0,17,0.14342895726495727,55.859
2020-01-21,Financials,0.19930555555555557,1.0,29,0.11717999999999999,59.96527777777778
2020-01-22,Financials,0.01531,0.6,4,0.19930555555555557,50.765499999999996
2020-01-23,Financials,0.032470000000000006,1.0,14,0.01531,51.6235
2020-01-24,Financials,-0.02652,0.6,6,0.032470000000000006,48.674
2020-01-27,Financials,-0.03427999999999999,0.6,5,-0.02652,48.286
2020-01-28,Financials,0.12932857142857143,0.8,10,-0.03427999999999999,56.46642857142857
2020-01-29,Financials,0.152345,0.8,7,0.12932857142857143,57.61725
2020-01-30,Financials,0.020736666666666667,0.6,9,0.152345,51.036833333333334
2020-01-31,Financials,0.09355142857142858,0.8,12,0.020736666666666667,54.677571428571426
2020-02-03,Financials,0.07699,0.8,6,0.09355142857142858,53.84949999999999
2020-02-04,Financials,0.27631,0.8,6,0.07699,63.8155
2020-02-05,Financials,-0.1472,0.6,4,0.27631,42.64
2020-02-06,Financials,0.2713986666666667,1.0,11,-0.1472,63.56993333333334
2020-02-07,Financials,0.04199,0.6,9,0.2713986666666667,52.0995
2020-02-10,Financials,0.14427666666666666,0.6,6,0.04199,57.21383333333333
2020-02-11,Financials,0.26048714285714286,0.8,11,0.14427666666666666,63.02435714285715
2020-02-12,Financials,0.053773333333333326,0.8,6,0.26048714285714286,52.68866666666666
2020-02-13,Financials,0.08528,1.0,12,0.053773333333333326,54.264
2020-02-14,Financials,0.12204,0.6,7,0.08528,56.102
2020-02-18,Financials,-0.005482857142857142,1.0,20,0.12204,49.725857142857144
2020-02-19,Financials,0.03996,0.8,8,-0.005482857142857142,51.998
2020-02-20,Financials,0.14648388888888889,0.8,43,0.03996,57.324194444444444
2020-02-21,Financials,0.28167149999999996,1.0,19,0.14648388888888889,64.083575
2020-02-24,Financials,-0.0015813333333333317,0.8,15,0.28167149999999996,49.92093333333333
2020-02-25,Financials,0.25816133333333335,1.0,15,-0.0015813333333333317,62.90806666666666
2020-02-26,Financials,0.16362933333333335,1.0,15,0.25816133333333335,58.18146666666667
2020-02-27,Financials,0.07106000000000001,1.0,16,0.16362933333333335,53.553000000000004
2020-02-28,Financials,-0.03537250000000001,0.8,16,0.07106000000000001,48.231375
2020-03-02,Financials,0.12524666666666667,0.8,11,-0.03537250000000001,56.26233333333334
2020-03-03,Financials,-0.08367833333333333,1.0,16,0.12524666666666667,45.81608333333334
2020-03-04,Financials,0.10631766666666667,1.0,14,-0.08367833333333333,55.31588333333334
2020-03-05,Financials,0.078685,1.0,17,0.10631766666666667,53.934250000000006
2020-03-06,Financials,-0.00039099999999999693,0.8,17,0.078685,49.98045
2020-03-09,Financials,0.20983133333333334,1.0,25,-0.00039099999999999693,60.491566666666664
2020-03-10,Financials,0.11389333333333332,1.0,21,0.20983133333333334,55.69466666666667
2020-03-11,Financials,0.18409,1.0,10,0.11389333333333332,59.2045
2020-03-12,Financials,0.00711619047619047,1.0,22,0.18409,50.355809523809526
2020-03-13,Financials,-0.1996966666666667,1.0,15,0.00711619047619047,40.015166666666666
2020-03-16,Financials,-0.05933083333333333,1.0,25,-0.1996966666666667,47.033458333333336
2020-03-17,Financials,-0.11708,1.0,15,-0.05933083333333333,44.146
2020-03-18,Financials,0.033416666666666664,1.0,13,-0.11708,51.670833333333334
2020-03-19,Financials,-0.1829933333333333,0.8,10,0.033416666666666664,40.85033333333333
2020-03-20,Financials,-0.05972666666666667,1.0,12,-0.1829933333333333,47.013666666666666
2020-03-23,Financials,-0.02157,1.0,18,-0.05972666666666667,48.9215
2020-03-24,Financials,0.39868000000000003,1.0,7,-0.02157,69.93400000000001
2020-03-25,Financials,0.016905000000000003,0.8,13,0.39868000000000003,50.84525
2020-03-26,Financials,0.21854800000000002,1.0,17,0.016905000000000003,60.9274
2020-03-27,Financials,0.15099666666666667,1.0,18,0.21854800000000002,57.54983333333333
2020-03-30,Financials,-0.18326533333333334,1.0,14,0.15099666666666667,40.83673333333333
2020-03-31,Financials,0.018036666666666666,0.6,7,-0.18326533333333334,50.901833333333336
2020-04-01,Financials,0.04631790476190474,1.0,20,0.018036666666666666,52.31589523809524
2020-04-02,Financials,0.04325633333333333,1.0,16,0.04631790476190474,52.162816666666664
2020-04-03,Financials,0.09006214285714284,1.0,17,0.04325633333333333,54.50310714285715
2020-04-06,Financials,0.17170227272727273,1.0,62,0.09006214285714284,58.58511363636364
2020-04-07,Financials,0.14498366666666668,1.0,27,0.17170227272727273,57.249183333333335
2020-04-08,Financials,0.09422012987012987,1.0,24,0.14498366666666668,54.711006493506495
2020-04-09,Financials,0.16522466666666666,1.0,26,0.09422012987012987,58.26123333333333
2020-04-13,Financials,0.07874942424242423,1.0,40,0.16522466666666666,53.93747121212121
2020-04-14,Financials,0.10299062937062937,0.8,63,0.07874942424242423,55.149531468531464
2020-04-15,Financials,0.10646266025641027,1.0,62,0.10299062937062937,55.32313301282051
2020-04-16,Financials,0.042723166666666666,1.0,67,0.10646266025641027,52.13615833333334
2020-04-17,Financials,0.07220504545454545,1.0,35,0.042723166666666666,53.61025227272728
2020-04-20,Financials,0.18399761904761905,1.0,19,0.07220504545454545,59.19988095238096
2020-04-21,Financials,-0.10992333333333333,1.0,18,0.18399761904761905,44.50383333333333
2020-04-22,Financials,0.07353200000000001,0.8,15,-0.10992333333333333,53.67659999999999
2020-04-23,Financials,0.13952,1.0,10,0.07353200000000001,56.976000000000006
2020-04-24,Financials,-0.027948333333333332,0.8,9,0.13952,48.602583333333335
2020-04-27,Financials,0.09725249999999999,1.0,25,-0.027948333333333332,54.862625
2020-04-28,Financials,0.24410499999999996,1.0,12,0.09725249999999999,62.20525
2020-04-29,Financials,0.11755166666666668,1.0,22,0.24410499999999996,55.877583333333334
2020-04-30,Financials,0.07254076190476191,1.0,23,0.11755166666666668,53.6270380952381
2020-05-01,Financials,-0.06349833333333334,1.0,18,0.07254076190476191,46.82508333333333
2020-05-04,Financials,0.127824,1.0,23,-0.06349833333333334,56.3912
2020-05-05,Financials,0.02016333333333333,1.0,22,0.127824,51.00816666666667
2020-05-06,Financials,0.04762500000000001,1.0,19,0.02016333333333333,52.38125
2020-05-07,Financials,-0.09306333333333335,1.0,14,0.04762500000000001,45.34683333333333
2020-05-08,Financials,0.05417266666666665,1.0,15,-0.09306333333333335,52.70863333333333
2020-05-11,Financials,0.161149,1.0,18,0.05417266666666665,58.05745
2020-05-12,Financials,-0.1478297142857143,1.0,20,0.161149,42.608514285714286
2020-05-13,Financials,0.15864920779220779,1.0,34,-0.1478297142857143,57.932460389610384
2020-05-14,Financials,0.09045,1.0,30,0.15864920779220779,54.522499999999994
2020-05-15,Financials,0.19764214285714285,1.0,35,0.09045,59.882107142857144
2020-05-18,Financials,0.07014379365079365,1.0,35,0.19764214285714285,53.50718968253968
2020-05-19,Financials,0.05999728571428571,1.0,20,0.07014379365079365,52.99986428571428
2020-05-20,Financials,0.37486,1.0,18,0.05999728571428571,68.743
2020-05-21,Financials,0.08162500000000002,1.0,22,0.37486,54.081250000000004
2020-05-22,Financials,0.15937333333333334,0.8,8,0.08162500000000002,57.96866666666667
2020-05-26,Financials,0.1617402380952381,1.0,28,0.15937333333333334,58.08701190476191
2020-05-27,Financials,0.2774827142857143,1.0,25,0.1617402380952381,63.87413571428572
2020-05-28,Financials,0.0135845,1.0,24,0.2774827142857143,50.679224999999995
2020-05-29,Financials,0.041302000000000005,1.0,25,0.0135845,52.0651
2020-06-01,Financials,0.06342099999999999,1.0,23,0.041302000000000005,53.171049999999994
2020-06-02,Financials,0.0899891111111111,1.0,26,0.06342099999999999,54.499455555555556
2020-06-03,Financials,0.21618428571428572,1.0,26,0.0899891111111111,60.80921428571428
2020-06-04,Financials,0.17758833333333332,1.0,20,0.21618428571428572,58.879416666666664
2020-06-05,Financials,0.37302366666666664,1.0,20,0.17758833333333332,68.65118333333334
2020-06-08,Financials,0.2058357142857143,1.0,13,0.37302366666666664,60.291785714285716
2020-06-09,Financials,0.10131190476190477,1.0,21,0.2058357142857143,55.06559523809524
2020-06-10,Financials,0.14336238095238094,0.8,19,0.10131190476190477,57.16811904761905
2020-06-11,Financials,0.0799708888888889,1.0,28,0.14336238095238094,53.99854444444444
2020-06-12,Financials,0.03857000000000001,0.6,6,0.0799708888888889,51.9285
2020-06-15,Financials,0.072435,0.8,14,0.03857000000000001,53.62175
2020-06-16,Financials,0.08123333333333334,0.8,10,0.072435,54.06166666666666
2020-06-17,Financials,-0.025888,0.8,10,0.08123333333333334,48.7056
2020-06-18,Financials,-0.09981999999999999,1.0,9,-0.025888,45.009
2020-06-19,Financials,-0.08318,0.8,8,-0.09981999999999999,45.841
2020-06-22,Financials,-0.0517,0.8,9,-0.08318,47.415
2020-06-23,Financials,0.09407,0.8,12,-0.0517,54.703500000000005
2020-06-24,Financials,0.05100200000000001,0.6,10,0.09407,52.5501
2020-06-25,Financials,-0.01028685714285715,1.0,22,0.05100200000000001,49.48565714285714
2020-06-26,Financials,0.010400476190476193,0.8,15,-0.01028685714285715,50.520023809523806
2020-06-29,Financials,0.13596133333333332,0.8,18,0.010400476190476193,56.79806666666667
2020-06-30,Financials,0.03491928571428572,1.0,22,0.13596133333333332,51.74596428571429
2020-07-01,Financials,-0.19028499999999998,0.6,7,0.03491928571428572,40.485749999999996
2020-07-02,Financials,0.07885,1.0,24,-0.19028499999999998,53.9425
2020-07-06,Financials,0.037554,0.8,15,0.07885,51.877700000000004
2020-07-07,Financials,-0.05537000000000001,0.4,3,0.037554,47.2315
2020-07-08,Financials,0.20556000000000002,0.8,8,-0.05537000000000001,60.278
2020-07-09,Financials,0.1419416666666667,0.8,18,0.20556000000000002,57.09708333333333
2020-07-10,Financials,0.04296,1.0,19,0.1419416666666667,52.147999999999996
2020-07-13,Financials,0.03127666666666666,1.0,18,0.04296,51.56383333333333
2020-07-14,Financials,0.009121722222222219,0.8,47,0.03127666666666666,50.45608611111111
2020-07-15,Financials,0.29622365217391305,1.0,44,0.009121722222222219,64.81118260869565
2020-07-16,Financials,-0.023705151515151512,0.6,19,0.29622365217391305,48.814742424242425
2020-07-17,Financials,-0.03740038095238095,0.8,18,-0.023705151515151512,48.129980952380954
2020-07-20,Financials,0.06989999999999999,0.6,13,-0.03740038095238095,53.495000000000005
2020-07-21,Financials,0.13388952380952382,0.8,12,0.06989999999999999,56.694476190476195
2020-07-22,Financials,0.03539833333333332,0.8,15,0.13388952380952382,51.769916666666674
2020-07-23,Financials,0.010518333333333334,1.0,10,0.03539833333333332,50.52591666666667
2020-07-24,Financials,-0.010969999999999997,0.8,16,0.010518333333333334,49.451499999999996
2020-07-27,Financials,0.13596166666666668,0.8,14,-0.010969999999999997,56.79808333333334
2020-07-28,Financials,0.04396,0.8,17,0.13596166666666668,52.198
2020-07-29,Financials,0.06744380952380953,0.8,13,0.04396,53.372190476190475
2020-07-30,Financials,0.164128,0.6,9,0.06744380952380953,58.2064
2020-07-31,Financials,-0.04995,0.6,6,0.164128,47.5025
2020-08-03,Financials,0.05421,1.0,13,-0.04995,52.7105
2020-08-04,Financials,0.028711666666666656,1.0,11,0.05421,51.435583333333334
2020-08-05,Financials,0.07938300000000001,0.6,13,0.028711666666666656,53.96915
2020-08-06,Financials,0.002500000000000005,0.8,8,0.07938300000000001,50.125
2020-08-07,Financials,0.034015000000000004,0.6,7,0.002500000000000005,51.70074999999999
2020-08-10,Financials,0.26968333333333333,1.0,10,0.034015000000000004,63.48416666666667
2020-08-11,Financials,0.10836000000000001,0.8,21,0.26968333333333333,55.418
2020-08-12,Financials,0.028151111111111116,0.8,22,0.10836000000000001,51.407555555555554
2020-08-13,Financials,-0.09380333333333332,1.0,12,0.028151111111111116,45.30983333333333
2020-08-14,Financials,0.08016666666666666,0.8,12,-0.09380333333333332,54.00833333333333
2020-08-17,Financials,0.06109333333333335,0.8,12,0.08016666666666666,53.05466666666667
2020-08-18,Financials,0.06856166666666666,0.8,12,0.06109333333333335,53.42808333333333
2020-08-19,Financials,0.055782,0.6,8,0.06856166666666666,52.7891
2020-08-20,Financials,0.1723692857142857,1.0,16,0.055782,58.61846428571429
2020-08-21,Financials,0.15967333333333333,0.8,15,0.1723692857142857,57.983666666666664
2020-08-24,Financials,0.36158666666666667,1.0,9,0.15967333333333333,68.07933333333334
2020-08-25,Financials,0.14367999999999997,0.6,6,0.36158666666666667,57.184000000000005
2020-08-26,Financials,0.08895,0.8,11,0.14367999999999997,54.447500000000005
2020-08-27,Financials,-0.0388,0.6,4,0.08895,48.06
2020-08-28,Financials,-0.11062500000000001,1.0,12,-0.0388,44.46875
2020-08-31,Financials,0.08676999999999999,1.0,8,-0.11062500000000001,54.3385
2020-09-01,Financials,0.13754666666666665,1.0,9,0.08676999999999999,56.87733333333333
2020-09-02,Financials,0.07525466666666666,0.6,10,0.13754666666666665,53.76273333333334
2020-09-03,Financials,0.13491666666666666,1.0,12,0.07525466666666666,56.74583333333333
2020-09-04,Financials,-0.06926,1.0,16,0.13491666666666666,46.537
2020-09-08,Financials,0.096395,1.0,16,-0.06926,54.81975
2020-09-09,Financials,-0.11298,0.8,6,0.096395,44.351
2020-09-10,Financials,-0.0031266666666666665,0.8,8,-0.11298,49.843666666666664
2020-09-11,Financials,-0.05994000000000001,0.6,6,-0.0031266666666666665,47.003
2020-09-14,Financials,-0.02237,0.8,10,-0.05994000000000001,48.8815
2020-09-15,Financials,0.12745,0.4,5,-0.02237,56.3725
2020-09-16,Financials,-0.019540000000000002,1.0,10,0.12745,49.023
2020-09-17,Financials,0.07329,1.0,10,-0.019540000000000002,53.664500000000004
2020-09-18,Financials,0.08238000000000001,0.8,8,0.07329,54.11900000000001
2020-09-21,Financials,-0.041182,0.8,15,0.08238000000000001,47.9409
2020-09-22,Financials,0.13717000000000001,0.8,6,-0.041182,56.8585
2020-09-23,Financials,0.134876,0.8,9,0.13717000000000001,56.7438
2020-09-24,Financials,0.1426225,0.8,14,0.134876,57.131125000000004
2020-09-25,Financials,0.08038,0.6,5,0.1426225,54.01899999999999
2020-09-28,Financials,0.22749333333333333,1.0,17,0.08038,61.37466666666667
2020-09-29,Financials,-0.05424,0.8,12,0.22749333333333333,47.288000000000004
2020-09-30,Financials,-0.004069428571428571,0.6,21,-0.05424,49.796528571428574
2020-10-01,Financials,0.177948,0.8,17,-0.004069428571428571,58.8974
2020-10-02,Financials,0.13500222222222222,0.6,18,0.177948,56.75011111111111
2020-10-05,Financials,0.18571866666666664,1.0,14,0.13500222222222222,59.28593333333333
2020-10-06,Financials,0.20621666666666666,0.8,8,0.18571866666666664,60.310833333333335
2020-10-07,Financials,0.096244,0.6,12,0.20621666666666666,54.8122
2020-10-08,Financials,0.13609041666666666,0.8,22,0.096244,56.80452083333334
2020-10-09,Financials,0.26195,1.0,13,0.13609041666666666,63.097500000000004
2020-10-12,Financials,0.16469345543345543,0.8,32,0.26195,58.23467277167277
2020-10-13,Financials,0.06127583333333334,1.0,32,0.16469345543345543,53.063791666666674
2020-10-14,Financials,0.1328304347826087,0.8,52,0.06127583333333334,56.64152173913044
2020-10-15,Financials,0.16293033333333334,1.0,25,0.1328304347826087,58.14651666666667
2020-10-16,Financials,0.56552,1.0,7,0.16293033333333334,78.276
2020-10-19,Financials,0.17970666666666665,1.0,13,0.56552,58.98533333333334
2020-10-20,Financials,0.13975166666666666,0.8,14,0.17970666666666665,56.98758333333333
2020-10-21,Financials,0.006058000000000003,0.8,14,0.13975166666666666,50.302899999999994
2020-10-22,Financials,0.10409333333333333,0.8,14,0.006058000000000003,55.20466666666667
2020-10-23,Financials,0.18292000000000003,0.4,3,0.10409333333333333,59.146
2020-10-26,Financials,0.0040360000000000005,0.8,17,0.18292000000000003,50.2018
2020-10-27,Financials,0.04614,0.8,7,0.0040360000000000005,52.307
2020-10-28,Financials,0.03187761904761905,1.0,29,0.04614,51.59388095238096
2020-10-29,Financials,0.10489000000000001,0.8,9,0.03187761904761905,55.244499999999995
2020-10-30,Financials,0.08553200000000001,1.0,16,0.10489000000000001,54.276599999999995
2020-11-02,Financials,0.09402999999999999,0.8,13,0.08553200000000001,54.7015
2020-11-03,Financials,0.0670097619047619,0.8,19,0.09402999999999999,53.35048809523809
2020-11-04,Financials,0.1607625,1.0,24,0.0670097619047619,58.038124999999994
2020-11-05,Financials,0.12442,1.0,10,0.1607625,56.221
2020-11-06,Financials,0.1398,0.8,9,0.12442,56.989999999999995
2020-11-09,Financials,0.04666642857142857,0.8,24,0.1398,52.33332142857143
2020-11-10,Financials,0.1362,0.8,9,0.04666642857142857,56.81
2020-11-11,Financials,0.1478335238095238,0.8,16,0.1362,57.39167619047619
2020-11-12,Financials,0.1692842564102564,0.8,26,0.1478335238095238,58.46421282051282
2020-11-13,Financials,0.11451333333333333,0.8,11,0.1692842564102564,55.72566666666666
2020-11-16,Financials,0.12498400000000001,0.8,19,0.11451333333333333,56.2492
2020-11-17,Financials,-0.0314,0.8,11,0.12498400000000001,48.43
2020-11-18,Financials,0.11738833333333332,0.8,11,-0.0314,55.86941666666667
2020-11-19,Financials,0.19852933333333334,1.0,13,0.11738833333333332,59.92646666666667
2020-11-20,Financials,0.10204666666666666,1.0,15,0.19852933333333334,55.102333333333334
2020-11-23,Financials,0.028933999999999998,0.8,23,0.10204666666666666,51.4467
2020-11-24,Financials,0.135245,1.0,16,0.028933999999999998,56.76225
2020-11-25,Financials,0.0005153333333333343,0.8,13,0.135245,50.02576666666667
2020-11-27,Financials,0.20613333333333334,0.6,7,0.0005153333333333343,60.306666666666665
2020-11-30,Financials,0.022825000000000012,0.8,12,0.20613333333333334,51.14125000000001
2020-12-01,Financials,0.31537,0.6,4,0.022825000000000012,65.7685
2020-12-02,Financials,0.11765,0.8,9,0.31537,55.8825
2020-12-03,Financials,0.09838,0.8,11,0.11765,54.919
2020-12-04,Financials,-0.021160000000000005,0.8,10,0.09838,48.942
2020-12-07,Financials,0.04854066666666666,0.8,24,-0.021160000000000005,52.42703333333333
2020-12-08,Financials,0.047122,1.0,17,0.04854066666666666,52.3561
2020-12-09,Financials,0.08054333333333333,1.0,11,0.047122,54.02716666666667
2020-12-10,Financials,0.140775,1.0,15,0.08054333333333333,57.03875000000001
2020-12-11,Financials,0.09013499999999999,1.0,16,0.140775,54.506750000000004
2020-12-14,Financials,0.12006666666666668,0.8,7,0.09013499999999999,56.00333333333334
2020-12-15,Financials,0.211165,0.8,12,0.12006666666666668,60.55825
2020-12-16,Financials,0.3079866666666667,1.0,9,0.211165,65.39933333333333
2020-12-17,Financials,0.26285933333333333,0.8,20,0.3079866666666667,63.142966666666666
2020-12-18,Financials,0.0,0.6,3,0.26285933333333333,50.0
2020-12-21,Financials,-0.029942657894736845,1.0,50,0.0,48.50286710526316
2020-12-22,Financials,0.14948,0.6,5,-0.029942657894736845,57.474000000000004
2020-12-23,Financials,0.16838,0.8,10,0.14948,58.419
2020-12-24,Financials,0.19669999999999999,0.8,6,0.16838,59.834999999999994
2020-12-28,Financials,0.10080111111111112,1.0,21,0.19669999999999999,55.040055555555554
2020-12-29,Financials,-0.33083999999999997,0.8,5,0.10080111111111112,33.458
2020-12-30,Financials,0.03512,0.8,4,-0.33083999999999997,51.756
2020-12-31,Financials,0.30639066666666664,0.8,12,0.03512,65.31953333333334
2021-01-04,Financials,0.19774166666666665,0.8,13,0.30639066666666664,59.88708333333334
2021-01-05,Financials,0.14169,0.6,13,0.19774166666666665,57.084500000000006
2021-01-06,Financials,0.17318916666666667,0.8,18,0.14169,58.65945833333333
2021-01-07,Financials,0.03955714285714286,0.8,17,0.17318916666666667,51.97785714285714
2021-01-08,Financials,0.08542000000000001,0.6,10,0.03955714285714286,54.271
2021-01-11,Financials,0.0069155072463768135,0.6,30,0.08542000000000001,50.34577536231885
2021-01-12,Financials,0.038448833333333335,0.8,25,0.0069155072463768135,51.922441666666664
2021-01-13,Financials,0.08364833333333334,0.8,15,0.038448833333333335,54.18241666666667
2021-01-14,Financials,-0.013831428571428573,0.8,20,0.08364833333333334,49.30842857142857
2021-01-15,Financials,0.23589064935064935,0.8,35,-0.013831428571428573,61.79453246753247
2021-01-19,Financials,0.12009755555555554,0.8,31,0.23589064935064935,56.00487777777777
2021-01-20,Financials,0.06819890756302521,1.0,35,0.12009755555555554,53.40994537815126
2021-01-21,Financials,0.08945499999999999,1.0,14,0.06819890756302521,54.472750000000005
2021-01-22,Financials,0.045916,0.8,10,0.08945499999999999,52.2958
2021-01-25,Financials,0.18912833333333331,0.8,17,0.045916,59.45641666666667
2021-01-26,Financials,0.15664944444444445,0.8,16,0.18912833333333331,57.83247222222222
2021-01-27,Financials,0.0007266666666666643,1.0,9,0.15664944444444445,50.03633333333334
2021-01-28,Financials,0.04222722222222223,0.8,16,0.0007266666666666643,52.11136111111111
2021-01-29,Financials,0.098247,0.8,16,0.04222722222222223,54.912349999999996
2021-02-01,Financials,0.072459,0.8,18,0.098247,53.62295
2021-02-02,Financials,0.24018333333333333,0.8,16,0.072459,62.00916666666667
2021-02-03,Financials,0.20355600000000001,0.8,13,0.24018333333333333,60.177800000000005
2021-02-04,Financials,-0.020971999999999998,0.8,11,0.20355600000000001,48.9514
2021-02-05,Financials,0.08035666666666666,0.8,9,-0.020971999999999998,54.01783333333333
2021-02-08,Financials,-0.007614095238095234,0.8,16,0.08035666666666666,49.61929523809524
2021-02-09,Financials,0.010079999999999995,0.8,7,-0.007614095238095234,50.504000000000005
2021-02-10,Financials,0.009806666666666667,0.8,11,0.010079999999999995,50.49033333333334
2021-02-11,Financials,0.166265,0.6,6,0.009806666666666667,58.313250000000004
2021-02-12,Financials,0.0,0.6,5,0.166265,50.0
2021-02-16,Financials,0.1003685,1.0,24,0.0,55.01842500000001
2021-02-17,Financials,0.175466,0.8,17,0.1003685,58.773300000000006
2021-02-18,Financials,0.061040000000000004,0.8,11,0.175466,53.052
2021-02-19,Financials,0.12478,0.8,7,0.061040000000000004,56.239
2021-02-22,Financials,-0.02732,0.8,12,0.12478,48.634
2021-02-23,Financials,-0.052832222222222225,0.8,16,-0.02732,47.35838888888889
2021-02-24,Financials,0.038974999999999996,0.8,14,-0.052832222222222225,51.94875
2021-02-25,Financials,0.14685133333333336,0.8,16,0.038974999999999996,57.34256666666667
2021-02-26,Financials,0.056620000000000004,0.8,8,0.14685133333333336,52.831
2021-03-01,Financials,0.001716000000000001,1.0,17,0.056620000000000004,50.085800000000006
2021-03-02,Financials,0.23106,0.8,12,0.001716000000000001,61.553000000000004
2021-03-03,Financials,0.011080476190476191,1.0,19,0.23106,50.554023809523805
2021-03-04,Financials,0.13841199999999998,0.8,13,0.011080476190476191,56.9206
2021-03-05,Financials,0.128544,0.8,12,0.13841199999999998,56.4272
2021-03-08,Financials,0.133695,0.8,10,0.128544,56.684749999999994
2021-03-09,Financials,-0.016952000000000002,0.8,11,0.133695,49.1524
2021-03-10,Financials,0.23056333333333337,0.6,6,-0.016952000000000002,61.52816666666667
2021-03-11,Financials,0.04652666666666667,0.8,11,0.23056333333333337,52.32633333333333
2021-03-12,Financials,0.07102333333333335,1.0,9,0.04652666666666667,53.551166666666674
2021-03-15,Financials,0.208765,0.8,12,0.07102333333333335,60.438250000000004
2021-03-16,Financials,0.07153499999999999,1.0,12,0.208765,53.57675
2021-03-17,Financials,0.15256999999999998,1.0,10,0.07153499999999999,57.628499999999995
2021-03-18,Financials,0.026525,0.6,13,0.15256999999999998,51.326249999999995
2021-03-19,Financials,-0.015564000000000005,0.8,18,0.026525,49.2218
2021-03-22,Financials,0.262805,1.0,12,-0.015564000000000005,63.140249999999995
2021-03-23,Financials,0.22003500000000004,0.8,14,0.262805,61.00175
2021-03-24,Financials,0.08981333333333333,0.6,11,0.22003500000000004,54.49066666666666
2021-03-25,Financials,0.015588000000000001,0.8,19,0.08981333333333333,50.779399999999995
2021-03-26,Financials,0.210324,1.0,14,0.015588000000000001,60.5162
2021-03-29,Financials,0.018072444444444443,1.0,30,0.210324,50.903622222222225
2021-03-30,Financials,0.022658076923076927,1.0,30,0.018072444444444443,51.132903846153845
2021-03-31,Financials,0.063425,1.0,14,0.022658076923076927,53.17125
2021-04-01,Financials,0.15350199999999997,1.0,12,0.063425,57.6751
2021-04-05,Financials,0.16381264069264068,0.8,23,0.15350199999999997,58.19063203463204
2021-04-06,Financials,-0.02278800000000001,0.8,21,0.16381264069264068,48.8606
2021-04-07,Financials,0.118085,0.8,9,-0.02278800000000001,55.90425
2021-04-08,Financials,0.013633333333333334,0.8,15,0.118085,50.68166666666667
2021-04-09,Financials,0.02396190476190476,0.8,21,0.013633333333333334,51.19809523809524
2021-04-12,Financials,0.19945612698412699,1.0,40,0.02396190476190476,59.97280634920635
2021-04-13,Financials,0.24116333333333334,1.0,31,0.19945612698412699,62.05816666666667
2021-04-14,Financials,0.1197823284457478,1.0,60,0.24116333333333334,55.98911642228739
2021-04-15,Financials,0.08326666666666667,0.8,29,0.1197823284457478,54.16333333333333
2021-04-16,Financials,0.2014628571428571,1.0,36,0.08326666666666667,60.073142857142855
2021-04-19,Financials,0.16203535714285716,1.0,22,0.2014628571428571,58.10176785714286
2021-04-20,Financials,0.26226,1.0,16,0.16203535714285716,63.113
2021-04-21,Financials,0.09947333333333333,0.8,13,0.26226,54.97366666666667
2021-04-22,Financials,0.08228333333333333,0.8,17,0.09947333333333333,54.11416666666666
2021-04-23,Financials,0.18975333333333336,0.8,10,0.08228333333333333,59.48766666666667
2021-04-26,Financials,0.22928833333333337,1.0,21,0.18975333333333336,61.464416666666665
2021-04-27,Financials,0.17128085714285715,0.8,16,0.22928833333333337,58.56404285714286
2021-04-28,Financials,0.004456666666666664,0.8,15,0.17128085714285715,50.22283333333333
2021-04-29,Financials,0.0896,0.6,11,0.004456666666666664,54.48
2021-04-30,Financials,0.052839000000000004,0.6,12,0.0896,52.64195
2021-05-03,Financials,0.22597499999999998,1.0,14,0.052839000000000004,61.29875
2021-05-04,Financials,0.14647642857142856,1.0,20,0.22597499999999998,57.32382142857143
2021-05-05,Financials,0.05547799999999999,0.8,10,0.14647642857142856,52.7739
2021-05-06,Financials,0.083508,0.8,11,0.05547799999999999,54.175399999999996
2021-05-07,Financials,0.03286333333333333,0.8,10,0.083508,51.64316666666666
2021-05-10,Financials,0.043842000000000006,0.6,9,0.03286333333333333,52.192099999999996
2021-05-11,Financials,0.0022799999999999986,0.6,5,0.043842000000000006,50.114000000000004
2021-05-12,Financials,0.03330333333333334,0.8,15,0.0022799999999999986,51.665166666666664
2021-05-13,Financials,0.10682,0.8,9,0.03330333333333334,55.340999999999994
2021-05-14,Financials,0.06492833333333334,0.8,15,0.10682,53.24641666666666
2021-05-17,Financials,0.29199571428571425,1.0,18,0.06492833333333334,64.5997857142857
2021-05-18,Financials,0.15250666666666665,0.6,8,0.29199571428571425,57.62533333333333
2021-05-19,Financials,0.17470333333333335,0.6,10,0.15250666666666665,58.73516666666667
2021-05-20,Financials,0.06271666666666667,0.6,11,0.17470333333333335,53.13583333333334
2021-05-21,Financials,-0.0015766666666666694,0.8,11,0.06271666666666667,49.921166666666664
2021-05-24,Financials,0.031190000000000002,0.8,16,-0.0015766666666666694,51.5595
2021-05-25,Financials,0.12618666666666667,0.6,14,0.031190000000000002,56.309333333333335
2021-05-26,Financials,0.07502499999999998,0.8,10,0.12618666666666667,53.75124999999999
2021-05-27,Financials,0.009452499999999997,0.8,14,0.07502499999999998,50.47262500000001
2021-05-28,Financials,0.20167666666666667,1.0,11,0.009452499999999997,60.08383333333334
2021-06-01,Financials,0.07843955555555555,0.8,18,0.20167666666666667,53.92197777777778
2021-06-02,Financials,0.16560400000000003,1.0,17,0.07843955555555555,58.28020000000001
2021-06-03,Financials,-0.005325000000000002,1.0,12,0.16560400000000003,49.73375
2021-06-04,Financials,0.27615,0.8,8,-0.005325000000000002,63.8075
2021-06-07,Financials,0.21601809523809523,1.0,16,0.27615,60.80090476190476
2021-06-08,Financials,0.14422666666666667,0.8,8,0.21601809523809523,57.211333333333336
2021-06-09,Financials,0.14803700000000003,0.6,11,0.14422666666666667,57.401849999999996
2021-06-10,Financials,0.10994666666666668,0.8,13,0.14803700000000003,55.49733333333333
2021-06-11,Financials,0.13820666666666664,0.4,5,0.10994666666666668,56.91033333333333
2021-06-14,Financials,0.022173333333333333,0.8,11,0.13820666666666664,51.10866666666667
2021-06-15,Financials,0.18226,1.0,10,0.022173333333333333,59.11300000000001
2021-06-16,Financials,0.01782333333333333,1.0,12,0.18226,50.89116666666666
2021-06-17,Financials,0.05872766666666666,1.0,19,0.01782333333333333,52.93638333333334
2021-06-18,Financials,0.10187833333333333,0.8,14,0.05872766666666666,55.093916666666665
2021-06-21,Financials,0.03667666666666667,1.0,12,0.10187833333333333,51.83383333333333
2021-06-22,Financials,-0.103095,0.8,12,0.03667666666666667,44.84525
2021-06-23,Financials,0.15927,0.8,13,-0.103095,57.9635
2021-06-24,Financials,0.16315452380952383,1.0,30,0.15927,58.15772619047619
2021-06-25,Financials,-0.040108571428571424,0.8,17,0.16315452380952383,47.99457142857143
2021-06-28,Financials,0.039690666666666666,1.0,17,-0.040108571428571424,51.98453333333334
2021-06-29,Financials,0.09911,0.8,28,0.039690666666666666,54.9555
2021-06-30,Financials,0.04118844444444445,1.0,23,0.09911,52.05942222222222
2021-07-01,Financials,0.11153181818181819,0.6,22,0.04118844444444445,55.5765909090909
2021-07-02,Financials,0.10407666666666666,0.8,14,0.11153181818181819,55.20383333333333
2021-07-06,Financials,-0.06368650000000001,0.8,19,0.10407666666666666,46.815675
2021-07-07,Financials,-0.06003142857142855,0.8,13,-0.06368650000000001,46.998428571428576
2021-07-08,Financials,0.03761111111111111,0.8,27,-0.06003142857142855,51.88055555555555
2021-07-09,Financials,0.20595476190476192,1.0,24,0.03761111111111111,60.297738095238095
2021-07-12,Financials,0.15077380952380953,1.0,24,0.20595476190476192,57.53869047619048
2021-07-13,Financials,0.1380897435897436,0.8,43,0.15077380952380953,56.904487179487184
2021-07-14,Financials,0.13293692307692306,0.8,34,0.1380897435897436,56.646846153846155
2021-07-15,Financials,0.04679361111111111,1.0,35,0.13293692307692306,52.33968055555556
2021-07-16,Financials,0.1668,0.8,16,0.04679361111111111,58.34
2021-07-19,Financials,0.022902753246753248,0.8,26,0.1668,51.14513766233766
2021-07-20,Financials,0.19368939393939394,1.0,24,0.022902753246753248,59.6844696969697
2021-07-21,Financials,0.22480809523809525,0.8,17,0.19368939393939394,61.24040476190476
2021-07-22,Financials,0.24903999999999998,1.0,9,0.22480809523809525,62.452
2021-07-23,Financials,0.10755,1.0,14,0.24903999999999998,55.377500000000005
2021-07-26,Financials,0.023042857142857136,0.8,16,0.10755,51.152142857142856
2021-07-27,Financials,0.16570619047619048,0.8,17,0.023042857142857136,58.285309523809524
2021-07-28,Financials,0.07306316666666665,1.0,21,0.16570619047619048,53.65315833333333
2021-07-29,Financials,0.25199,0.8,6,0.07306316666666665,62.5995
2021-07-30,Financials,-0.02316,0.4,3,0.25199,48.842
2021-08-02,Financials,0.32739666666666667,1.0,18,-0.02316,66.36983333333333
2021-08-03,Financials,0.047256,0.6,10,0.32739666666666667,52.3628
2021-08-04,Financials,0.06202,1.0,13,0.047256,53.101
2021-08-05,Financials,-0.04152399999999999,1.0,20,0.06202,47.9238
2021-08-06,Financials,0.0066466666666666644,0.6,6,-0.04152399999999999,50.33233333333334
2021-08-09,Financials,0.1648241666666667,0.8,15,0.0066466666666666644,58.24120833333334
2021-08-10,Financials,0.162755,1.0,13,0.1648241666666667,58.13775
2021-08-11,Financials,0.08308666666666667,0.8,12,0.162755,54.15433333333334
2021-08-12,Financials,0.17793285714285714,1.0,18,0.08308666666666667,58.89664285714286
2021-08-13,Financials,0.06266833333333333,0.8,12,0.17793285714285714,53.13341666666667
2021-08-16,Financials,0.06406333333333333,0.8,16,0.06266833333333333,53.20316666666667
2021-08-17,Financials,0.02370557142857142,0.8,18,0.06406333333333333,51.18527857142857
2021-08-18,Financials,0.088235,0.8,13,0.02370557142857142,54.411750000000005
2021-08-19,Financials,0.15599,0.8,13,0.088235,57.7995
2021-08-20,Financials,-0.04398,0.6,6,0.15599,47.801
2021-08-23,Financials,0.17448,1.0,14,-0.04398,58.724
2021-08-24,Financials,0.10009000000000001,0.8,13,0.17448,55.0045
2021-08-25,Financials,0.16136,0.6,6,0.10009000000000001,58.068
2021-08-26,Financials,-0.0505,1.0,10,0.16136,47.475
2021-08-27,Financials,0.07888,0.8,13,-0.0505,53.944
2021-08-30,Financials,0.04046,0.4,2,0.07888,52.022999999999996
2021-08-31,Financials,0.15947285714285714,0.8,11,0.04046,57.97364285714286
2021-09-01,Financials,0.081215,0.8,11,0.15947285714285714,54.06075
2021-09-02,Financials,0.18016066666666666,1.0,20,0.081215,59.00803333333333
2021-09-03,Financials,0.07333333333333333,0.8,10,0.18016066666666666,53.666666666666664
2021-09-07,Financials,-0.06371250000000002,1.0,19,0.07333333333333333,46.814375
2021-09-08,Financials,0.16177000000000002,1.0,13,-0.06371250000000002,58.088499999999996
2021-09-09,Financials,-0.03893500000000001,1.0,22,0.16177000000000002,48.05325
2021-09-10,Financials,-0.10399666666666665,0.8,11,-0.03893500000000001,44.80016666666667
2021-09-13,Financials,0.047966666666666664,0.8,18,-0.10399666666666665,52.39833333333333
2021-09-14,Financials,0.133525,1.0,11,0.047966666666666664,56.67625
2021-09-15,Financials,0.19832333333333335,1.0,19,0.133525,59.91616666666667
2021-09-16,Financials,0.0976,0.8,8,0.19832333333333335,54.879999999999995
2021-09-17,Financials,0.13742666666666667,1.0,12,0.0976,56.87133333333333
2021-09-20,Financials,-0.0891647619047619,1.0,20,0.13742666666666667,45.541761904761906
2021-09-21,Financials,-0.020776999999999997,1.0,18,-0.0891647619047619,48.961149999999996
2021-09-22,Financials,0.10247904761904762,0.8,12,-0.020776999999999997,55.12395238095238
2021-09-23,Financials,0.006608000000000003,0.8,9,0.10247904761904762,50.3304
2021-09-24,Financials,0.1464,1.0,6,0.006608000000000003,57.32000000000001
2021-09-27,Financials,0.150233,1.0,26,0.1464,57.51165
2021-09-28,Financials,0.2564447619047619,1.0,17,0.150233,62.82223809523809
2021-09-29,Financials,0.00801,0.4,6,0.2564447619047619,50.4005
2021-09-30,Financials,0.07618133333333332,1.0,20,0.00801,53.80906666666667
2021-10-01,Financials,0.129622,0.6,10,0.07618133333333332,56.4811
2021-10-04,Financials,0.036401,0.8,12,0.129622,51.820049999999995
2021-10-05,Financials,0.0472,1.0,18,0.036401,52.35999999999999
2021-10-06,Financials,0.11777333333333333,0.8,16,0.0472,55.888666666666666
2021-10-07,Financials,0.062368,1.0,16,0.11777333333333333,53.1184
2021-10-08,Financials,0.14272,1.0,7,0.062368,57.135999999999996
2021-10-11,Financials,0.16343003663003663,1.0,33,0.14272,58.171501831501836
2021-10-12,Financials,0.011511666666666667,0.8,11,0.16343003663003663,50.57558333333333
2021-10-13,Financials,0.136771,1.0,29,0.011511666666666667,56.83855
2021-10-14,Financials,0.28640611904761903,1.0,55,0.136771,64.32030595238095
2021-10-15,Financials,0.2152540873015873,1.0,36,0.28640611904761903,60.762704365079365
2021-10-18,Financials,0.03196966666666666,1.0,29,0.2152540873015873,51.598483333333334
2021-10-19,Financials,-0.12944,0.6,4,0.03196966666666666,43.528
2021-10-20,Financials,-0.030470000000000004,0.8,9,-0.12944,48.4765
2021-10-21,Financials,0.02457928571428571,1.0,16,-0.030470000000000004,51.228964285714284
2021-10-22,Financials,-0.09915333333333334,0.8,10,0.02457928571428571,45.04233333333333
2021-10-25,Financials,0.008700833333333335,1.0,18,-0.09915333333333334,50.43504166666667
2021-10-26,Financials,0.1305633333333333,0.8,15,0.008700833333333335,56.52816666666667
2021-10-27,Financials,0.039957619047619054,0.8,23,0.1305633333333333,51.997880952380946
2021-10-28,Financials,0.098585,0.4,6,0.039957619047619054,54.929249999999996
2021-10-29,Financials,0.17448733333333333,0.8,14,0.098585,58.72436666666667
2021-11-01,Financials,0.184029,0.8,14,0.17448733333333333,59.20145
2021-11-02,Financials,0.02996214285714286,0.8,15,0.184029,51.498107142857144
2021-11-03,Financials,0.09964500000000001,0.6,9,0.02996214285714286,54.98225
2021-11-04,Financials,0.22290000000000001,1.0,13,0.09964500000000001,61.145
2021-11-05,Financials,0.07658000000000001,0.6,7,0.22290000000000001,53.82900000000001
2021-11-08,Financials,-0.013869999999999999,0.8,23,0.07658000000000001,49.3065
2021-11-09,Financials,0.013873333333333331,0.8,13,-0.013869999999999999,50.69366666666667
2021-11-10,Financials,-0.007507000000000002,0.6,17,0.013873333333333331,49.624649999999995
2021-11-11,Financials,0.036383000000000006,1.0,14,-0.007507000000000002,51.81915
2021-11-12,Financials,0.0,0.2,3,0.036383000000000006,50.0
2021-11-15,Financials,0.21119428571428572,0.8,15,0.0,60.559714285714286
2021-11-16,Financials,0.144544,1.0,13,0.21119428571428572,57.2272
2021-11-17,Financials,0.005269323308270675,1.0,30,0.144544,50.263466165413526
2021-11-18,Financials,0.2992,1.0,14,0.005269323308270675,64.96
2021-11-19,Financials,0.18721866666666664,1.0,21,0.2992,59.360933333333335
2021-11-22,Financials,0.24497999999999998,0.8,18,0.18721866666666664,62.248999999999995
2021-11-23,Financials,0.027969,0.8,17,0.24497999999999998,51.39845
2021-11-24,Financials,0.06996,0.8,13,0.027969,53.498000000000005
2021-11-26,Financials,-0.07245966666666667,1.0,15,0.06996,46.37701666666666
2021-11-29,Financials,0.014704333333333333,0.8,16,-0.07245966666666667,50.73521666666667
2021-11-30,Financials,0.14717466666666668,0.8,13,0.014704333333333333,57.35873333333333
2021-12-01,Financials,-0.023854999999999998,0.8,8,0.14717466666666668,48.80725
2021-12-02,Financials,-0.008119166666666655,1.0,17,-0.023854999999999998,49.59404166666667
2021-12-03,Financials,0.007251999999999992,0.8,10,-0.008119166666666655,50.3626
2021-12-06,Financials,0.030609333333333332,0.8,21,0.007251999999999992,51.53046666666666
2021-12-07,Financials,0.06895055555555556,1.0,21,0.030609333333333332,53.44752777777778
2021-12-08,Financials,-0.045172000000000004,1.0,13,0.06895055555555556,47.7414
2021-12-09,Financials,0.19018666666666667,1.0,19,-0.045172000000000004,59.50933333333334
2021-12-10,Financials,0.055742,0.8,10,0.19018666666666667,52.787099999999995
2021-12-13,Financials,0.292502,1.0,19,0.055742,64.6251
2021-12-14,Financials,0.04806666666666667,0.8,11,0.292502,52.403333333333336
2021-12-15,Financials,0.048496,0.8,14,0.04806666666666667,52.424800000000005
2021-12-16,Financials,-0.057003000000000005,0.8,24,0.048496,47.14985
2021-12-17,Financials,0.11059133333333335,1.0,13,-0.057003000000000005,55.52956666666666
2021-12-20,Financials,-0.045152727272727275,0.6,19,0.11059133333333335,47.742363636363635
2021-12-21,Financials,0.14662,1.0,12,-0.045152727272727275,57.330999999999996
2021-12-22,Financials,0.1324,0.8,7,0.14662,56.620000000000005
2021-12-23,Financials,0.09492999999999999,1.0,16,0.1324,54.7465
2021-12-27,Financials,0.19610999999999998,1.0,15,0.09492999999999999,59.8055
2021-12-28,Financials,0.07224,0.6,3,0.19610999999999998,53.612
2021-12-29,Financials,-0.05865666666666667,1.0,9,0.07224,47.067166666666665
2021-12-30,Financials,0.2779,0.8,11,-0.05865666666666667,63.895
2021-12-31,Financials,0.080673,1.0,15,0.2779,54.03365
2022-01-03,Financials,0.06696171428571428,0.8,16,0.080673,53.34808571428571
2022-01-04,Financials,0.08620244444444444,1.0,22,0.06696171428571428,54.310122222222226
2022-01-05,Financials,0.12962600000000002,0.8,12,0.08620244444444444,56.481300000000005
2022-01-06,Financials,0.07243,1.0,15,0.12962600000000002,53.6215
2022-01-07,Financials,0.06870333333333334,0.8,15,0.07243,53.43516666666667
2022-01-10,Financials,0.1865315714285714,1.0,37,0.06870333333333334,59.32657857142857
2022-01-11,Financials,0.11200333333333332,1.0,12,0.1865315714285714,55.60016666666666
2022-01-12,Financials,0.20444772727272728,1.0,33,0.11200333333333332,60.22238636363636
2022-01-13,Financials,0.13047952380952382,1.0,44,0.20444772727272728,56.52397619047619
2022-01-14,Financials,0.09833298534798535,1.0,52,0.13047952380952382,54.916649267399265
2022-01-18,Financials,0.152250417794971,1.0,94,0.09833298534798535,57.61252088974855
2022-01-19,Financials,0.12486406679594915,1.0,62,0.152250417794971,56.243203339797454
2022-01-20,Financials,0.13082880952380954,1.0,22,0.12486406679594915,56.54144047619047
2022-01-21,Financials,0.2109495238095238,1.0,27,0.13082880952380954,60.54747619047619
2022-01-24,Financials,0.18590333333333334,0.8,19,0.2109495238095238,59.29516666666667
2022-01-25,Financials,0.16253628571428572,1.0,25,0.18590333333333334,58.12681428571429
2022-01-26,Financials,0.08993333333333334,1.0,16,0.16253628571428572,54.49666666666667
2022-01-27,Financials,0.1779895,1.0,26,0.08993333333333334,58.899475
2022-01-28,Financials,0.10907421245421245,1.0,43,0.1779895,55.45371062271063
2022-01-31,Financials,0.05790333333333333,1.0,15,0.10907421245421245,52.89516666666667
2022-02-01,Financials,0.07575704761904763,1.0,21,0.05790333333333333,53.78785238095239
2022-02-02,Financials,0.252546,1.0,13,0.07575704761904763,62.6273
2022-02-03,Financials,0.17485333333333333,1.0,12,0.252546,58.742666666666665
2022-02-04,Financials,0.07817714285714286,0.8,17,0.17485333333333333,53.908857142857144
2022-02-07,Financials,-0.00022866666666666592,0.8,16,0.07817714285714286,49.98856666666667
2022-02-08,Financials,0.15966466666666665,1.0,17,-0.00022866666666666592,57.98323333333333
2022-02-09,Financials,0.16081666666666666,0.8,14,0.15966466666666665,58.04083333333333
2022-02-10,Financials,0.012031666666666668,0.8,16,0.16081666666666666,50.60158333333333
2022-02-11,Financials,0.05312133333333333,1.0,12,0.012031666666666668,52.65606666666667
2022-02-14,Financials,-0.03953460317460318,1.0,25,0.05312133333333333,48.02326984126984
2022-02-15,Financials,0.10678266666666666,1.0,15,-0.03953460317460318,55.339133333333336
2022-02-16,Financials,0.026989999999999997,0.6,21,0.10678266666666666,51.349500000000006
2022-02-17,Financials,-0.04827509090909091,1.0,28,0.026989999999999997,47.586245454545455
2022-02-18,Financials,0.05961333333333334,1.0,18,-0.04827509090909091,52.980666666666664
2022-02-22,Financials,0.06306714285714285,0.8,18,0.05961333333333334,53.15335714285714
2022-02-23,Financials,-0.048138333333333325,0.8,17,0.06306714285714285,47.59308333333333
2022-02-24,Financials,0.025797142857142852,1.0,19,-0.048138333333333325,51.289857142857144
2022-02-25,Financials,0.009335999999999994,0.8,16,0.025797142857142852,50.4668
2022-02-28,Financials,-0.03913910714285714,0.8,35,0.009335999999999994,48.04304464285714
2022-03-01,Financials,-0.0969582380952381,0.8,29,-0.03913910714285714,45.1520880952381
2022-03-02,Financials,0.08833047619047618,0.8,13,-0.0969582380952381,54.41652380952381
2022-03-03,Financials,0.21699000000000002,0.8,11,0.08833047619047618,60.8495
2022-03-04,Financials,0.09630666666666668,0.8,14,0.21699000000000002,54.815333333333335
2022-03-07,Financials,-0.005925230769230771,0.8,30,0.09630666666666668,49.703738461538464
2022-03-08,Financials,0.0681,0.8,13,-0.005925230769230771,53.405
2022-03-09,Financials,0.11169633333333333,1.0,16,0.0681,55.58481666666667
2022-03-10,Financials,-0.019381428571428577,1.0,21,0.11169633333333333,49.030928571428575
2022-03-11,Financials,0.0849742857142857,0.8,11,-0.019381428571428577,54.248714285714286
2022-03-14,Financials,0.17312,1.0,23,0.0849742857142857,58.656
2022-03-15,Financials,0.004542666666666672,1.0,20,0.17312,50.22713333333333
2022-03-16,Financials,0.11810228571428572,0.6,14,0.004542666666666672,55.90511428571428
2022-03-17,Financials,0.15306642857142858,0.8,16,0.11810228571428572,57.653321428571424
2022-03-18,Financials,0.13341333333333333,1.0,8,0.15306642857142858,56.67066666666667
2022-03-21,Financials,0.05901466666666666,1.0,17,0.13341333333333333,52.95073333333333
2022-03-22,Financials,0.05983999999999999,0.4,8,0.05901466666666666,52.992
2022-03-23,Financials,0.29982333333333333,0.8,9,0.05983999999999999,64.99116666666667
2022-03-24,Financials,0.0036537142857142888,0.8,19,0.29982333333333333,50.18268571428571
2022-03-25,Financials,0.20247199999999999,1.0,16,0.0036537142857142888,60.123599999999996
2022-03-28,Financials,0.021341428571428574,1.0,25,0.20247199999999999,51.06707142857143
2022-03-29,Financials,-0.049535,1.0,15,0.021341428571428574,47.52325
2022-03-30,Financials,0.07946666666666667,0.6,12,-0.049535,53.97333333333333
2022-03-31,Financials,0.011833333333333328,0.8,15,0.07946666666666667,50.59166666666667
2022-04-01,Financials,0.11787044444444443,0.8,29,0.011833333333333328,55.893522222222224
2022-04-04,Financials,-0.005731384615384619,0.8,24,0.11787044444444443,49.71343076923077
2022-04-05,Financials,0.189116,1.0,18,-0.005731384615384619,59.4558
2022-04-06,Financials,0.08590499999999998,0.8,13,0.189116,54.295249999999996
2022-04-07,Financials,0.06855766666666667,1.0,22,0.08590499999999998,53.427883333333334
2022-04-08,Financials,0.03279450980392156,1.0,31,0.06855766666666667,51.63972549019608
2022-04-11,Financials,0.004413142857142854,1.0,40,0.03279450980392156,50.22065714285714
2022-04-12,Financials,0.05892481818181818,0.8,26,0.004413142857142854,52.94624090909091
2022-04-13,Financials,0.1319242222222222,1.0,36,0.05892481818181818,56.5962111111111
2022-04-14,Financials,0.16878082857142856,1.0,83,0.1319242222222222,58.43904142857143
2022-04-18,Financials,0.24753025974025972,1.0,27,0.16878082857142856,62.37651298701299
2022-04-19,Financials,0.19647561904761907,1.0,23,0.24753025974025972,59.82378095238096
2022-04-20,Financials,0.04578,1.0,11,0.19647561904761907,52.288999999999994
2022-04-21,Financials,-0.08960666666666668,1.0,14,0.04578,45.519666666666666
2022-04-22,Financials,0.138025,1.0,19,-0.08960666666666668,56.901250000000005
2022-04-25,Financials,0.14123233333333335,1.0,30,0.138025,57.06161666666667
2022-04-26,Financials,0.15742644444444445,1.0,28,0.14123233333333335,57.87132222222222
2022-04-27,Financials,0.011045777777777788,0.8,26,0.15742644444444445,50.55228888888889
2022-04-28,Financials,-0.01419095238095237,1.0,18,0.011045777777777788,49.29045238095238
2022-04-29,Financials,0.15678,0.6,5,-0.01419095238095237,57.839
2022-05-02,Financials,0.13496999999999998,0.8,14,0.15678,56.7485
2022-05-03,Financials,0.21465666666666666,1.0,13,0.13496999999999998,60.73283333333334
2022-05-04,Financials,0.0,0.6,7,0.21465666666666666,50.0
2022-05-05,Financials,0.127162,1.0,13,0.0,56.3581
2022-05-06,Financials,-0.13598333333333334,1.0,20,0.127162,43.200833333333335
2022-05-09,Financials,0.025053333333333334,0.8,13,-0.13598333333333334,51.25266666666667
2022-05-10,Financials,0.14088,0.8,13,0.025053333333333334,57.044000000000004
2022-05-11,Financials,0.08363833333333333,1.0,14,0.14088,54.181916666666666
2022-05-12,Financials,0.09586833333333333,0.8,11,0.08363833333333333,54.79341666666666
2022-05-13,Financials,0.11499199999999998,1.0,21,0.09586833333333333,55.7496
2022-05-16,Financials,0.03664714285714285,1.0,22,0.11499199999999998,51.83235714285714
2022-05-17,Financials,0.050210333333333336,1.0,19,0.03664714285714285,52.51051666666666
2022-05-18,Financials,0.10264333333333335,1.0,12,0.050210333333333336,55.13216666666667
2022-05-19,Financials,0.14355400000000001,1.0,18,0.10264333333333335,57.1777
2022-05-20,Financials,0.22629666666666667,0.8,10,0.14355400000000001,61.31483333333333
2022-05-23,Financials,-0.02240766666666667,1.0,21,0.22629666666666667,48.879616666666664
2022-05-24,Financials,0.32992,1.0,13,-0.02240766666666667,66.496
2022-05-25,Financials,0.016666666666666666,0.6,5,0.32992,50.83333333333333
2022-05-26,Financials,0.177105,1.0,17,0.016666666666666666,58.855250000000005
2022-05-27,Financials,0.11309,1.0,7,0.177105,55.6545
2022-05-31,Financials,0.06108333333333334,1.0,17,0.11309,53.05416666666667
2022-06-01,Financials,0.10417999999999998,0.8,15,0.06108333333333334,55.208999999999996
2022-06-02,Financials,0.06271999999999998,0.8,11,0.10417999999999998,53.135999999999996
2022-06-03,Financials,-0.03326,0.8,9,0.06271999999999998,48.337
2022-06-06,Financials,0.23270833333333335,1.0,14,-0.03326,61.635416666666664
2022-06-07,Financials,0.13640666666666668,1.0,13,0.23270833333333335,56.82033333333334
2022-06-08,Financials,0.033697142857142856,0.6,10,0.13640666666666668,51.68485714285714
2022-06-09,Financials,-0.00770666666666667,0.6,11,0.033697142857142856,49.614666666666665
2022-06-10,Financials,0.07261866666666666,0.8,14,-0.00770666666666667,53.63093333333333
2022-06-13,Financials,0.12708233333333332,1.0,14,0.07261866666666666,56.35411666666666
2022-06-14,Financials,-0.09208476190476192,1.0,23,0.12708233333333332,45.395761904761905
2022-06-15,Financials,0.058606666666666675,1.0,15,-0.09208476190476192,52.93033333333334
2022-06-16,Financials,-0.008701666666666672,1.0,18,0.058606666666666675,49.56491666666666
2022-06-17,Financials,0.08931000000000001,1.0,13,-0.008701666666666672,54.4655
2022-06-21,Financials,-0.02925466666666667,1.0,26,0.08931000000000001,48.53726666666667
2022-06-22,Financials,0.10756000000000002,0.6,8,-0.02925466666666667,55.37800000000001
2022-06-23,Financials,0.049767166666666675,1.0,25,0.10756000000000002,52.48835833333333
2022-06-24,Financials,0.3014328333333333,1.0,22,0.049767166666666675,65.07164166666666
2022-06-27,Financials,0.030147333333333342,1.0,27,0.3014328333333333,51.50736666666666
2022-06-28,Financials,0.11619583333333332,0.8,26,0.030147333333333342,55.80979166666666
2022-06-29,Financials,0.05522833333333334,0.8,15,0.11619583333333332,52.76141666666667
2022-06-30,Financials,0.1354057142857143,1.0,18,0.05522833333333334,56.77028571428572
2022-07-01,Financials,0.06918333333333333,1.0,10,0.1354057142857143,53.45916666666667
2022-07-05,Financials,0.09732780952380952,0.8,16,0.06918333333333333,54.866390476190475
2022-07-06,Financials,0.034421999999999994,1.0,11,0.09732780952380952,51.7211
2022-07-07,Financials,0.18813266666666667,1.0,17,0.034421999999999994,59.40663333333334
2022-07-08,Financials,0.02326333333333334,1.0,13,0.18813266666666667,51.16316666666667
2022-07-11,Financials,0.1806987728937729,1.0,36,0.02326333333333334,59.03493864468865
2022-07-12,Financials,0.01541409523809525,0.8,22,0.1806987728937729,50.77070476190476
2022-07-13,Financials,-0.020761923076923077,1.0,23,0.01541409523809525,48.961903846153845
2022-07-14,Financials,-0.05477192857142856,0.8,50,-0.020761923076923077,47.26140357142857
2022-07-15,Financials,0.03811099999999999,1.0,55,-0.05477192857142856,51.90555
2022-07-18,Financials,0.12111054621848741,1.0,55,0.03811099999999999,56.05552731092437
2022-07-19,Financials,0.08478533333333332,1.0,16,0.12111054621848741,54.239266666666666
2022-07-20,Financials,0.12118999999999999,1.0,10,0.08478533333333332,56.05949999999999
2022-07-21,Financials,0.16416499999999998,0.8,8,0.12118999999999999,58.20824999999999
2022-07-22,Financials,-0.009238333333333335,1.0,16,0.16416499999999998,49.53808333333333
2022-07-25,Financials,0.128082,1.0,18,-0.009238333333333335,56.4041
2022-07-26,Financials,-0.046189999999999995,0.6,10,0.128082,47.6905
2022-07-27,Financials,0.21092500000000003,1.0,10,-0.046189999999999995,60.54625
2022-07-28,Financials,-0.0035026666666666665,1.0,22,0.21092500000000003,49.824866666666665
2022-07-29,Financials,0.05444,1.0,11,-0.0035026666666666665,52.722
2022-08-01,Financials,0.18658000000000002,1.0,9,0.05444,59.329
2022-08-02,Financials,0.09679600000000002,0.8,12,0.18658000000000002,54.839800000000004
2022-08-03,Financials,0.084515,0.8,8,0.09679600000000002,54.225750000000005
2022-08-04,Financials,0.025888999999999995,0.4,9,0.084515,51.294450000000005
2022-08-05,Financials,0.13387666666666664,0.6,6,0.025888999999999995,56.69383333333333
2022-08-08,Financials,0.12589142857142857,1.0,16,0.13387666666666664,56.29457142857143
2022-08-09,Financials,0.12018000000000002,0.6,6,0.12589142857142857,56.009
2022-08-10,Financials,0.2238425,0.8,16,0.12018000000000002,61.192125
2022-08-11,Financials,-0.04968499999999999,0.8,8,0.2238425,47.515750000000004
2022-08-12,Financials,0.198578,0.8,10,-0.04968499999999999,59.9289
2022-08-15,Financials,0.09562333333333332,1.0,11,0.198578,54.78116666666667
2022-08-16,Financials,0.02023,0.6,6,0.09562333333333332,51.0115
2022-08-17,Financials,0.06278000000000002,0.8,9,0.02023,53.139
2022-08-18,Financials,0.20482266666666665,1.0,14,0.06278000000000002,60.24113333333333
2022-08-19,Financials,0.03278666666666667,0.8,10,0.20482266666666665,51.63933333333334
2022-08-22,Financials,0.044505,1.0,16,0.03278666666666667,52.22525
2022-08-23,Financials,0.21303200000000003,0.6,7,0.044505,60.6516
2022-08-24,Financials,0.054753333333333334,1.0,10,0.21303200000000003,52.73766666666667
2022-08-25,Financials,0.017446,1.0,14,0.054753333333333334,50.8723
2022-08-26,Financials,0.10244666666666666,0.8,9,0.017446,55.12233333333333
2022-08-29,Financials,0.082995,0.8,13,0.10244666666666666,54.14975
2022-08-30,Financials,-0.016370000000000003,0.8,10,0.082995,49.1815
2022-08-31,Financials,0.061616666666666674,1.0,13,-0.016370000000000003,53.08083333333333
2022-09-01,Financials,0.277945,1.0,13,0.061616666666666674,63.89724999999999
2022-09-02,Financials,0.11016466666666666,1.0,15,0.277945,55.50823333333334
2022-09-06,Financials,0.06870833333333334,1.0,19,0.11016466666666666,53.43541666666667
2022-09-07,Financials,0.00998,1.0,9,0.06870833333333334,50.499
2022-09-08,Financials,0.154652,0.8,8,0.00998,57.7326
2022-09-09,Financials,0.153283,0.6,10,0.154652,57.66415000000001
2022-09-12,Financials,0.014843999999999996,0.8,16,0.153283,50.742200000000004
2022-09-13,Financials,0.11116999999999999,0.8,11,0.014843999999999996,55.5585
2022-09-14,Financials,-0.008446666666666658,1.0,21,0.11116999999999999,49.577666666666666
2022-09-15,Financials,0.22598142857142856,0.8,14,-0.008446666666666658,61.29907142857143
2022-09-16,Financials,0.100016,1.0,13,0.22598142857142856,55.000800000000005
2022-09-19,Financials,0.06296333333333333,1.0,14,0.100016,53.14816666666666
2022-09-20,Financials,0.008696333333333328,0.8,14,0.06296333333333333,50.43481666666667
2022-09-21,Financials,0.028435,1.0,10,0.008696333333333328,51.42175
2022-09-22,Financials,-0.043146666666666667,1.0,15,0.028435,47.842666666666666
2022-09-23,Financials,0.09322666666666665,1.0,12,-0.043146666666666667,54.66133333333333
2022-09-26,Financials,0.18393866666666664,1.0,16,0.09322666666666665,59.196933333333334
2022-09-27,Financials,0.03595411111111112,0.8,20,0.18393866666666664,51.79770555555555
2022-09-28,Financials,0.14922222222222223,1.0,17,0.03595411111111112,57.46111111111111
2022-09-29,Financials,0.10194055555555555,1.0,23,0.14922222222222223,55.097027777777775
2022-09-30,Financials,0.23364666666666664,0.6,7,0.10194055555555555,61.682333333333325
2022-10-03,Financials,0.225378,0.8,12,0.23364666666666664,61.2689
2022-10-04,Financials,0.24038547619047618,0.8,21,0.225378,62.01927380952381
2022-10-05,Financials,0.12466333333333332,0.8,11,0.24038547619047618,56.23316666666667
2022-10-06,Financials,0.10615523809523811,1.0,19,0.12466333333333332,55.30776190476191
2022-10-07,Financials,0.116085,1.0,15,0.10615523809523811,55.804249999999996
2022-10-10,Financials,0.10799600000000001,1.0,26,0.116085,55.3998
2022-10-11,Financials,-0.283775,1.0,21,0.10799600000000001,35.81125
2022-10-12,Financials,-0.01968266666666667,0.8,12,-0.283775,49.01586666666667
2022-10-13,Financials,0.048717333333333335,1.0,17,-0.01968266666666667,52.43586666666666
2022-10-14,Financials,0.13777425787106448,1.0,66,0.048717333333333335,56.888712893553226
2022-10-17,Financials,0.12281533333333332,1.0,33,0.13777425787106448,56.140766666666664
2022-10-18,Financials,0.10424,1.0,40,0.12281533333333332,55.211999999999996
2022-10-19,Financials,0.07913333333333332,1.0,27,0.10424,53.95666666666666
2022-10-20,Financials,0.03804333333333333,0.8,11,0.07913333333333332,51.90216666666667
2022-10-21,Financials,-0.03816666666666667,0.8,14,0.03804333333333333,48.09166666666667
2022-10-24,Financials,-0.07891111111111111,0.8,14,-0.03816666666666667,46.05444444444444
2022-10-25,Financials,0.15346983333333333,0.8,18,-0.07891111111111111,57.67349166666666
2022-10-26,Financials,0.08054545454545455,0.6,17,0.15346983333333333,54.027272727272724
2022-10-27,Financials,0.19666066666666668,1.0,17,0.08054545454545455,59.83303333333333
2022-10-28,Financials,0.029960000000000004,1.0,9,0.19666066666666668,51.498
2022-10-31,Financials,0.21303999999999998,1.0,15,0.029960000000000004,60.651999999999994
2022-11-01,Financials,0.03802333333333334,0.8,9,0.21303999999999998,51.90116666666667
2022-11-02,Financials,0.13516666666666668,0.8,11,0.03802333333333334,56.75833333333333
2022-11-03,Financials,-0.007953333333333333,0.8,9,0.13516666666666668,49.602333333333334
2022-11-04,Financials,0.10698666666666665,0.8,7,-0.007953333333333333,55.34933333333333
2022-11-07,Financials,-0.02329333333333334,1.0,10,0.10698666666666665,48.83533333333333
2022-11-08,Financials,0.037186666666666666,0.6,7,-0.02329333333333334,51.85933333333333
2022-11-09,Financials,0.09736,0.8,6,0.037186666666666666,54.86800000000001
2022-11-10,Financials,0.0256,1.0,9,0.09736,51.28
2022-11-11,Financials,0.10765333333333334,1.0,8,0.0256,55.382666666666665
2022-11-14,Financials,0.20764666666666667,1.0,16,0.10765333333333334,60.382333333333335
2022-11-15,Financials,0.04057,0.6,7,0.20764666666666667,52.0285
2022-11-16,Financials,-0.0038599999999999967,1.0,15,0.04057,49.807
2022-11-17,Financials,0.213385,1.0,13,-0.0038599999999999967,60.66925
2022-11-18,Financials,0.083095,0.6,8,0.213385,54.15474999999999
2022-11-21,Financials,0.06929685714285713,0.8,19,0.083095,53.464842857142855
2022-11-22,Financials,0.146996,0.8,10,0.06929685714285713,57.349799999999995
2022-11-23,Financials,0.03980000000000001,0.6,7,0.146996,51.99
2022-11-25,Financials,0.14007733333333333,1.0,13,0.03980000000000001,57.00386666666667
2022-11-28,Financials,0.06188666666666666,0.8,12,0.14007733333333333,53.09433333333333
2022-11-29,Financials,0.2698966666666667,0.6,8,0.06188666666666666,63.49483333333333
2022-11-30,Financials,-0.021520000000000004,0.6,10,0.2698966666666667,48.924
2022-12-01,Financials,-0.07454566666666666,1.0,16,-0.021520000000000004,46.27271666666667
2022-12-02,Financials,0.1409753333333333,0.8,16,-0.07454566666666666,57.04876666666666
2022-12-05,Financials,0.16302,0.8,11,0.1409753333333333,58.150999999999996
2022-12-06,Financials,-0.05625345454545454,0.6,18,0.16302,47.18732727272727
2022-12-07,Financials,-0.0019999999999999935,1.0,28,-0.05625345454545454,49.9
2022-12-08,Financials,0.11402799999999998,1.0,13,-0.0019999999999999935,55.7014
2022-12-09,Financials,0.0,1.0,11,0.11402799999999998,50.0
2022-12-12,Financials,0.07471611111111112,1.0,23,0.0,53.73580555555556
2022-12-13,Financials,0.13046666666666668,0.8,8,0.07471611111111112,56.52333333333333
2022-12-14,Financials,-0.055270666666666676,0.8,11,0.13046666666666668,47.236466666666665
2022-12-15,Financials,0.24985333333333334,0.8,14,-0.055270666666666676,62.492666666666665
2022-12-16,Financials,-0.12965,0.8,8,0.24985333333333334,43.5175
2022-12-19,Financials,0.034464952380952374,1.0,20,-0.12965,51.72324761904762
2022-12-20,Financials,0.25217757575757577,1.0,17,0.034464952380952374,62.60887878787879
2022-12-21,Financials,0.012219285714285719,0.8,14,0.25217757575757577,50.61096428571429
2022-12-22,Financials,0.293308,1.0,12,0.012219285714285719,64.6654
2022-12-23,Financials,0.180484,0.8,10,0.293308,59.02420000000001
2022-12-27,Financials,0.14616,1.0,12,0.180484,57.30800000000001
2022-12-28,Financials,0.05403,0.6,11,0.14616,52.7015
2022-12-29,Financials,0.05306999999999999,1.0,12,0.05403,52.653499999999994
2022-12-30,Financials,0.05106000000000001,0.4,3,0.05306999999999999,52.553000000000004
2023-01-03,Financials,0.10186999999999999,1.0,18,0.05106000000000001,55.09349999999999
2023-01-04,Financials,0.1653693333333333,0.8,14,0.10186999999999999,58.26846666666666
2023-01-05,Financials,0.05521666666666666,1.0,15,0.1653693333333333,52.76083333333334
2023-01-06,Financials,0.07393333333333335,0.8,13,0.05521666666666666,53.69666666666667
2023-01-09,Financials,0.06769607142857142,1.0,25,0.07393333333333335,53.38480357142858
2023-01-10,Financials,0.09431809523809524,0.8,25,0.06769607142857142,54.71590476190477
2023-01-11,Financials,0.06307873015873015,0.8,24,0.09431809523809524,53.15393650793651
2023-01-12,Financials,0.10104057142857144,1.0,23,0.06307873015873015,55.052028571428565
2023-01-13,Financials,0.06712692640692641,1.0,48,0.10104057142857144,53.35634632034632
2023-01-17,Financials,0.15807083006984537,1.0,100,0.06712692640692641,57.90354150349227
2023-01-18,Financials,0.1870106349206349,1.0,26,0.15807083006984537,59.35053174603174
2023-01-19,Financials,0.0473235,1.0,22,0.1870106349206349,52.366175000000005
2023-01-20,Financials,0.051685333333333326,1.0,24,0.0473235,52.584266666666664
2023-01-23,Financials,-0.054972,1.0,21,0.051685333333333326,47.2514
2023-01-24,Financials,0.10409500000000001,1.0,10,-0.054972,55.204750000000004
2023-01-25,Financials,0.04082533333333334,0.8,22,0.10409500000000001,52.041266666666665
2023-01-26,Financials,0.17639711111111112,1.0,35,0.04082533333333334,58.819855555555556
2023-01-27,Financials,0.157042,0.8,29,0.17639711111111112,57.85209999999999
2023-01-30,Financials,0.15553333333333336,1.0,20,0.157042,57.776666666666664
2023-01-31,Financials,0.08080333333333334,0.8,12,0.15553333333333336,54.040166666666664
2023-02-01,Financials,0.0,0.6,6,0.08080333333333334,50.0
2023-02-02,Financials,0.13968644444444445,1.0,21,0.0,56.984322222222225
2023-02-03,Financials,0.03333499999999999,0.8,15,0.13968644444444445,51.66674999999999
2023-02-06,Financials,0.019373333333333336,0.8,19,0.03333499999999999,50.968666666666664
2023-02-07,Financials,0.24303333333333335,1.0,19,0.019373333333333336,62.15166666666667
2023-02-08,Financials,0.0311,1.0,16,0.24303333333333335,51.55499999999999
2023-02-09,Financials,-0.03314999999999998,1.0,15,0.0311,48.3425
2023-02-10,Financials,0.05586,0.4,6,-0.03314999999999998,52.793
2023-02-13,Financials,0.11746666666666668,0.8,9,0.05586,55.87333333333333
2023-02-14,Financials,-0.02954066666666667,1.0,20,0.11746666666666668,48.52296666666667
2023-02-15,Financials,-0.0621475,0.8,15,-0.02954066666666667,46.892624999999995
2023-02-16,Financials,0.04416,1.0,15,-0.0621475,52.208
2023-02-17,Financials,0.22298999999999997,1.0,14,0.04416,61.1495
2023-02-21,Financials,0.0012510000000000021,1.0,18,0.22298999999999997,50.062549999999995
2023-02-22,Financials,0.058219,0.8,16,0.0012510000000000021,52.91095
2023-02-23,Financials,0.13172166666666668,1.0,14,0.058219,56.586083333333335
2023-02-24,Financials,0.10556066666666666,1.0,15,0.13172166666666668,55.27803333333333
2023-02-27,Financials,-0.011213928571428566,1.0,21,0.10556066666666666,49.439303571428574
2023-02-28,Financials,0.12748212121212119,0.6,16,-0.011213928571428566,56.37410606060605
2023-03-01,Financials,0.09284666666666667,1.0,19,0.12748212121212119,54.64233333333334
2023-03-02,Financials,0.13739400000000002,1.0,14,0.09284666666666667,56.8697
2023-03-03,Financials,0.00871666666666666,1.0,15,0.13739400000000002,50.435833333333335
2023-03-06,Financials,0.06087392857142857,0.6,17,0.00871666666666666,53.04369642857143
2023-03-07,Financials,0.24231166666666665,1.0,15,0.06087392857142857,62.11558333333333
2023-03-08,Financials,0.06828730158730159,1.0,23,0.24231166666666665,53.414365079365076
2023-03-09,Financials,0.047027,1.0,15,0.06828730158730159,52.35135
2023-03-10,Financials,0.0075823333333333385,1.0,23,0.047027,50.37911666666667
2023-03-13,Financials,-0.07964403030303031,1.0,45,0.0075823333333333385,46.017798484848484
2023-03-14,Financials,0.17148380952380954,1.0,27,-0.07964403030303031,58.57419047619048
2023-03-15,Financials,0.011017111111111116,1.0,26,0.17148380952380954,50.55085555555555
2023-03-16,Financials,-0.1286202777777778,1.0,26,0.011017111111111116,43.56898611111111
2023-03-17,Financials,-0.04826114285714286,1.0,28,-0.1286202777777778,47.58694285714286
2023-03-20,Financials,0.13583814285714285,1.0,40,-0.04826114285714286,56.79190714285715
2023-03-21,Financials,0.12551285714285715,1.0,19,0.13583814285714285,56.27564285714286
2023-03-22,Financials,0.05774428571428571,1.0,21,0.12551285714285715,52.88721428571429
2023-03-23,Financials,-0.025778333333333337,1.0,21,0.05774428571428571,48.711083333333335
2023-03-24,Financials,-0.10548969696969698,1.0,24,-0.025778333333333337,44.72551515151515
2023-03-27,Financials,0.09948515873015873,1.0,29,-0.10548969696969698,54.97425793650794
2023-03-28,Financials,0.22000999999999998,1.0,16,0.09948515873015873,61.0005
2023-03-29,Financials,0.028922833333333335,1.0,20,0.22000999999999998,51.44614166666667
2023-03-30,Financials,0.1968504761904762,0.8,17,0.028922833333333335,59.842523809523804
2023-03-31,Financials,0.14908133333333334,1.0,13,0.1968504761904762,57.45406666666667
2023-04-03,Financials,0.1105602380952381,1.0,28,0.14908133333333334,55.52801190476191
2023-04-04,Financials,-0.06442299999999998,1.0,29,0.1105602380952381,46.77885
2023-04-05,Financials,-0.006242857142857142,1.0,19,-0.06442299999999998,49.68785714285715
2023-04-06,Financials,0.18461666666666665,1.0,15,-0.006242857142857142,59.23083333333333
2023-04-10,Financials,0.057781727272727276,0.8,43,0.18461666666666665,52.88908636363636
2023-04-11,Financials,0.024665824175824174,1.0,28,0.057781727272727276,51.23329120879121
2023-04-12,Financials,0.11431438095238096,1.0,29,0.024665824175824174,55.71571904761905
2023-04-13,Financials,0.05647070676691729,1.0,36,0.11431438095238096,52.82353533834586
2023-04-14,Financials,0.05700509090909091,1.0,55,0.05647070676691729,52.85025454545455
2023-04-17,Financials,0.11059273918128656,1.0,71,0.05700509090909091,55.529636959064334
2023-04-18,Financials,0.10402990476190477,1.0,46,0.11059273918128656,55.201495238095234
2023-04-19,Financials,0.11925920728291314,1.0,62,0.10402990476190477,55.96296036414565
2023-04-20,Financials,0.03713785714285714,1.0,43,0.11925920728291314,51.85689285714285
2023-04-21,Financials,0.06375000000000001,0.8,8,0.03713785714285714,53.1875
2023-04-24,Financials,0.08312648051948052,1.0,34,0.06375000000000001,54.15632402597402
2023-04-25,Financials,-0.007580757575757569,1.0,27,0.08312648051948052,49.620962121212116
2023-04-26,Financials,0.16616322222222224,1.0,33,-0.007580757575757569,58.30816111111111
2023-04-27,Financials,0.200426,0.8,18,0.16616322222222224,60.0213
2023-04-28,Financials,0.0037038095238095202,1.0,17,0.200426,50.18519047619048
2023-05-01,Financials,-0.10192933333333334,1.0,25,0.0037038095238095202,44.903533333333336
2023-05-02,Financials,0.06805161904761906,1.0,22,-0.10192933333333334,53.40258095238095
2023-05-03,Financials,0.07866285714285715,1.0,14,0.06805161904761906,53.933142857142855
2023-05-04,Financials,0.05794333333333335,1.0,22,0.07866285714285715,52.897166666666664
2023-05-05,Financials,0.3020533333333334,0.8,11,0.05794333333333335,65.10266666666666
2023-05-08,Financials,0.048366666666666676,1.0,18,0.3020533333333334,52.41833333333334
2023-05-09,Financials,-0.14740777777777775,1.0,18,0.048366666666666676,42.62961111111111
2023-05-10,Financials,0.02547619047619048,1.0,15,-0.14740777777777775,51.27380952380952
2023-05-11,Financials,-0.04686666666666666,1.0,11,0.02547619047619048,47.656666666666666
2023-05-12,Financials,-0.01715,1.0,15,-0.04686666666666666,49.1425
2023-05-15,Financials,-0.08124590476190477,1.0,28,-0.01715,45.93770476190476
2023-05-16,Financials,0.03108590476190476,1.0,24,-0.08124590476190477,51.554295238095236
2023-05-17,Financials,0.077335,1.0,21,0.03108590476190476,53.866749999999996
2023-05-18,Financials,0.077354,1.0,12,0.077335,53.8677
2023-05-19,Financials,0.04697371794871795,1.0,24,0.077354,52.3486858974359
2023-05-22,Financials,0.05849142857142857,1.0,23,0.04697371794871795,52.92457142857143
2023-05-23,Financials,0.15393666666666667,1.0,14,0.05849142857142857,57.69683333333333
2023-05-24,Financials,0.05431066666666666,1.0,16,0.15393666666666667,52.71553333333333
2023-05-25,Financials,0.070185,1.0,15,0.05431066666666666,53.509249999999994
2023-05-26,Financials,0.06063500000000001,1.0,13,0.070185,53.03175
2023-05-30,Financials,0.008882666666666667,1.0,32,0.06063500000000001,50.444133333333326
2023-05-31,Financials,0.09111780952380952,1.0,24,0.008882666666666667,54.55589047619047
2023-06-01,Financials,0.045123636363636366,1.0,22,0.09111780952380952,52.256181818181815
2023-06-02,Financials,-0.004618214285714288,1.0,22,0.045123636363636366,49.76908928571429
2023-06-05,Financials,0.06754666666666667,1.0,29,-0.004618214285714288,53.37733333333333
2023-06-06,Financials,0.15901933333333335,1.0,18,0.06754666666666667,57.95096666666667
2023-06-07,Financials,0.17646499999999998,1.0,20,0.15901933333333335,58.823249999999994
2023-06-08,Financials,0.08072166666666666,1.0,21,0.17646499999999998,54.03608333333333
2023-06-09,Financials,-0.0066772727272727235,0.8,21,0.08072166666666666,49.66613636363636
2023-06-12,Financials,0.05951555555555556,1.0,36,-0.0066772727272727235,52.97577777777778
2023-06-13,Financials,0.19952090909090908,1.0,27,0.05951555555555556,59.976045454545456
2023-06-14,Financials,0.08405666666666667,1.0,25,0.19952090909090908,54.20283333333333
2023-06-15,Financials,0.23430333333333336,1.0,15,0.08405666666666667,61.71516666666667
2023-06-16,Financials,0.12568380952380953,1.0,20,0.23430333333333336,56.284190476190474
2023-06-20,Financials,0.10127937878787878,1.0,34,0.12568380952380953,55.06396893939394
2023-06-21,Financials,0.089782,0.8,25,0.10127937878787878,54.4891
2023-06-22,Financials,0.16204190476190475,0.8,15,0.089782,58.102095238095245
2023-06-23,Financials,-0.014856666666666666,1.0,13,0.16204190476190475,49.25716666666667
2023-06-26,Financials,0.11246169696969696,1.0,37,-0.014856666666666666,55.62308484848485
2023-06-27,Financials,0.185284,0.8,18,0.11246169696969696,59.2642
2023-06-28,Financials,-0.10867057575757574,1.0,25,0.185284,44.566471212121215
2023-06-29,Financials,0.06394684537684538,1.0,46,-0.10867057575757574,53.19734226884228
2023-06-30,Financials,-0.004591666666666672,1.0,21,0.06394684537684538,49.77041666666667
2023-07-03,Financials,0.06760329581529581,1.0,34,-0.004591666666666672,53.380164790764795
2023-07-05,Financials,0.14094055555555557,1.0,36,0.06760329581529581,57.04702777777778
2023-07-06,Financials,0.11442809523809523,1.0,26,0.14094055555555557,55.72140476190476
2023-07-07,Financials,0.04714533333333334,1.0,29,0.11442809523809523,52.35726666666667
2023-07-10,Financials,0.010548666666666668,1.0,43,0.04714533333333334,50.527433333333335
2023-07-11,Financials,0.10374166666666666,1.0,31,0.010548666666666668,55.187083333333334
2023-07-12,Financials,0.05455066666666666,1.0,29,0.10374166666666666,52.727533333333334
2023-07-13,Financials,-0.008363055555555554,1.0,33,0.05455066666666666,49.58184722222222
2023-07-14,Financials,0.0233518888888889,1.0,60,-0.008363055555555554,51.16759444444444
2023-07-17,Financials,0.04880962656641604,1.0,66,0.0233518888888889,52.4404813283208
2023-07-18,Financials,0.15342591991341992,1.0,72,0.04880962656641604,57.671295995671
2023-07-19,Financials,0.1226672103174603,1.0,71,0.15342591991341992,56.13336051587301
2023-07-20,Financials,0.11344249999999997,1.0,37,0.1226672103174603,55.672124999999994
2023-07-21,Financials,0.10890333333333332,1.0,24,0.11344249999999997,55.445166666666665
2023-07-24,Financials,0.09809236363636363,1.0,30,0.10890333333333332,54.90461818181818
2023-07-25,Financials,0.11351977777777778,1.0,31,0.09809236363636363,55.675988888888895
2023-07-26,Financials,0.08693066666666667,1.0,40,0.11351977777777778,54.34653333333333
2023-07-27,Financials,0.1327895238095238,1.0,26,0.08693066666666667,56.63947619047619
2023-07-28,Financials,0.05968880952380952,0.8,18,0.1327895238095238,52.98444047619048
2023-07-31,Financials,0.04361562770562771,1.0,30,0.05968880952380952,52.180781385281385
2023-08-01,Financials,0.049138333333333326,1.0,22,0.04361562770562771,52.456916666666665
2023-08-02,Financials,0.08076857142857144,1.0,16,0.049138333333333326,54.038428571428575
2023-08-03,Financials,0.10448333333333333,1.0,13,0.08076857142857144,55.22416666666666
2023-08-04,Financials,0.05584666666666667,1.0,12,0.10448333333333333,52.79233333333333
2023-08-07,Financials,-0.03905933333333332,1.0,25,0.05584666666666667,48.04703333333333
2023-08-08,Financials,-0.06663933333333334,1.0,38,-0.03905933333333332,46.668033333333334
2023-08-09,Financials,0.08428552380952381,1.0,19,-0.06663933333333334,54.214276190476184
2023-08-10,Financials,0.130885,1.0,14,0.08428552380952381,56.54425
2023-08-11,Financials,0.15545333333333333,0.8,10,0.130885,57.77266666666667
2023-08-14,Financials,0.08976938461538461,1.0,27,0.15545333333333333,54.48846923076923
2023-08-15,Financials,-0.0680275641025641,1.0,27,0.08976938461538461,46.5986217948718
2023-08-16,Financials,-0.020946666666666672,1.0,16,-0.0680275641025641,48.952666666666666
2023-08-17,Financials,0.0812525,1.0,18,-0.020946666666666672,54.062625
2023-08-18,Financials,0.08638466666666667,1.0,20,0.0812525,54.31923333333333
2023-08-21,Financials,0.14010809523809525,1.0,32,0.08638466666666667,57.005404761904764
2023-08-22,Financials,0.00032999999999999696,1.0,18,0.14010809523809525,50.01649999999999
2023-08-23,Financials,0.1773108333333333,1.0,31,0.00032999999999999696,58.865541666666665
2023-08-24,Financials,-0.014456666666666663,1.0,15,0.1773108333333333,49.277166666666666
2023-08-25,Financials,0.023236,1.0,18,-0.014456666666666663,51.1618
2023-08-28,Financials,0.1284199696969697,1.0,34,0.023236,56.42099848484848
2023-08-29,Financials,-0.059906666666666664,1.0,13,0.1284199696969697,47.004666666666665
2023-08-30,Financials,0.07611700000000002,1.0,17,-0.059906666666666664,53.80585
2023-08-31,Financials,0.09642952380952381,1.0,20,0.07611700000000002,54.82147619047619
2023-09-01,Financials,0.013506666666666667,0.8,13,0.09642952380952381,50.67533333333334
2023-09-05,Financials,0.10005848717948718,0.8,37,0.013506666666666667,55.00292435897436
2023-09-06,Financials,0.2942828571428571,0.8,16,0.10005848717948718,64.71414285714286
2023-09-07,Financials,0.2701097777777778,1.0,25,0.2942828571428571,63.50548888888889
2023-09-08,Financials,0.09885690476190476,1.0,22,0.2701097777777778,54.94284523809524
2023-09-11,Financials,0.11406051282051281,1.0,32,0.09885690476190476,55.70302564102564
2023-09-12,Financials,0.19236961904761904,1.0,20,0.11406051282051281,59.61848095238095
2023-09-13,Financials,0.08673433333333333,1.0,21,0.19236961904761904,54.33671666666666
2023-09-14,Financials,0.165864,0.8,41,0.08673433333333333,58.2932
2023-09-15,Financials,0.027317619047619045,1.0,21,0.165864,51.36588095238095
2023-09-18,Financials,0.28037377777777783,1.0,21,0.027317619047619045,64.01868888888889
2023-09-19,Financials,0.06496142857142857,0.8,16,0.28037377777777783,53.24807142857143
2023-09-20,Financials,0.06515333333333334,1.0,18,0.06496142857142857,53.25766666666667
2023-09-21,Financials,0.07937,1.0,21,0.06515333333333334,53.9685
2023-09-22,Financials,-0.002622000000000002,1.0,14,0.07937,49.8689
2023-09-25,Financials,0.09793866666666667,1.0,21,-0.002622000000000002,54.89693333333333
2023-09-26,Financials,0.13594161904761903,1.0,27,0.09793866666666667,56.79708095238095
2023-09-27,Financials,0.09228857142857141,1.0,19,0.13594161904761903,54.614428571428576
2023-09-28,Financials,0.15560714285714286,1.0,21,0.09228857142857141,57.78035714285714
2023-09-29,Financials,0.20885166666666666,1.0,12,0.15560714285714286,60.44258333333333
2023-10-02,Financials,0.17364866666666665,1.0,31,0.20885166666666666,58.68243333333333
2023-10-03,Financials,0.15118005555555555,0.8,25,0.17364866666666665,57.55900277777778
2023-10-04,Financials,0.08303666666666668,0.6,10,0.15118005555555555,54.15183333333333
2023-10-05,Financials,0.08971971428571428,1.0,20,0.08303666666666668,54.48598571428571
2023-10-06,Financials,0.1367983333333333,1.0,20,0.08971971428571428,56.83991666666667
2023-10-09,Financials,0.14637065934065935,1.0,28,0.1367983333333333,57.318532967032965
2023-10-10,Financials,-0.030226190476190472,0.8,21,0.14637065934065935,48.48869047619048
2023-10-11,Financials,0.020823714285714286,1.0,21,-0.030226190476190472,51.04118571428572
2023-10-12,Financials,0.07636921212121213,1.0,38,0.020823714285714286,53.818460606060604
2023-10-13,Financials,-0.018406725490196073,1.0,51,0.07636921212121213,49.0796637254902
2023-10-16,Financials,0.0419316,1.0,54,-0.018406725490196073,52.09658
2023-10-17,Financials,0.15135962962962962,1.0,45,0.0419316,57.56798148148148
2023-10-18,Financials,0.023192812107247586,1.0,64,0.15135962962962962,51.15964060536238
2023-10-19,Financials,0.07192066666666667,1.0,33,0.023192812107247586,53.59603333333334
2023-10-20,Financials,0.09365933333333334,1.0,20,0.07192066666666667,54.682966666666665
2023-10-23,Financials,0.030587857142857146,0.8,21,0.09365933333333334,51.52939285714285
2023-10-24,Financials,0.10446,0.6,16,0.030587857142857146,55.223
2023-10-25,Financials,0.13276666666666664,0.8,20,0.10446,56.638333333333335
2023-10-26,Financials,0.176184,1.0,16,0.13276666666666664,58.809200000000004
2023-10-27,Financials,0.06367500000000001,0.8,13,0.176184,53.183749999999996
2023-10-30,Financials,0.08224333333333333,0.8,15,0.06367500000000001,54.112166666666674
2023-10-31,Financials,0.06587833333333333,0.8,15,0.08224333333333333,53.29391666666666
2023-11-01,Financials,0.06181500000000001,0.6,11,0.06587833333333333,53.09075
2023-11-02,Financials,0.182036,1.0,17,0.06181500000000001,59.101800000000004
2023-11-03,Financials,0.20951,1.0,9,0.182036,60.475500000000004
2023-11-06,Financials,0.03397111111111112,1.0,23,0.20951,51.69855555555556
2023-11-07,Financials,0.09520333333333333,0.6,8,0.03397111111111112,54.76016666666666
2023-11-08,Financials,0.01612642857142857,0.4,11,0.09520333333333333,50.80632142857143
2023-11-09,Financials,0.031095555555555553,1.0,24,0.01612642857142857,51.55477777777778
2023-11-10,Financials,0.12510833333333332,1.0,11,0.031095555555555553,56.25541666666667
2023-11-13,Financials,-0.13721968831168832,1.0,27,0.12510833333333332,43.13901558441559
2023-11-14,Financials,0.09372428571428572,1.0,24,-0.13721968831168832,54.686214285714286
2023-11-15,Financials,0.09911666666666667,0.6,9,0.09372428571428572,54.95583333333334
2023-11-16,Financials,0.04119166666666666,1.0,14,0.09911666666666667,52.059583333333336
2023-11-17,Financials,0.117218,1.0,13,0.04119166666666666,55.8609
2023-11-20,Financials,0.02975,1.0,21,0.117218,51.4875
2023-11-21,Financials,0.075168,0.8,12,0.02975,53.758399999999995
2023-11-22,Financials,-0.08744933333333334,1.0,19,0.075168,45.62753333333333
2023-11-24,Financials,0.04751427777777778,0.8,25,-0.08744933333333334,52.37571388888889
2023-11-27,Financials,0.0899925,1.0,24,0.04751427777777778,54.499624999999995
2023-11-28,Financials,0.08604266666666667,0.6,11,0.0899925,54.30213333333334
2023-11-29,Financials,0.07807800000000001,0.8,18,0.08604266666666667,53.90390000000001
2023-11-30,Financials,0.13476333333333335,1.0,16,0.07807800000000001,56.738166666666665
2023-12-01,Financials,-0.021476000000000006,0.8,18,0.13476333333333335,48.926199999999994
2023-12-04,Financials,0.07669261111111111,0.8,28,-0.021476000000000006,53.83463055555555
2023-12-05,Financials,0.10464583333333333,0.8,20,0.07669261111111111,55.23229166666667
2023-12-06,Financials,-0.015111666666666666,0.8,16,0.10464583333333333,49.244416666666666
2023-12-07,Financials,0.07356666666666667,0.6,10,-0.015111666666666666,53.67833333333334
2023-12-08,Financials,0.06434500000000001,1.0,12,0.07356666666666667,53.21725000000001
2023-12-11,Financials,0.09806392857142857,1.0,42,0.06434500000000001,54.903196428571434
2023-12-12,Financials,0.17618836363636364,1.0,28,0.09806392857142857,58.80941818181819
2023-12-13,Financials,0.11768944444444444,1.0,22,0.17618836363636364,55.88447222222223
2023-12-14,Financials,0.007178666666666668,0.6,9,0.11768944444444444,50.35893333333333
2023-12-15,Financials,0.13483085714285714,0.6,17,0.007178666666666668,56.74154285714286
2023-12-18,Financials,0.08634,0.8,25,0.13483085714285714,54.31700000000001
2023-12-19,Financials,0.0,0.0,0,0.08634,50.0
2023-12-20,Financials,0.0,0.0,0,0.0,50.0
2023-12-21,Financials,0.0,0.0,0,0.0,50.0
2023-12-22,Financials,0.0,0.0,0,0.0,50.0
2023-12-26,Financials,0.0,0.0,0,0.0,50.0
2023-12-27,Financials,0.0,0.0,0,0.0,50.0
2023-12-28,Financials,0.0,0.0,0,0.0,50.0
2023-12-29,Financials,0.0,0.0,0,0.0,50.0
2020-01-03,Healthcare,0.083755,0.4,6,0.0,54.18775
2020-01-06,Healthcare,0.32718,1.0,12,0.083755,66.359
2020-01-07,Healthcare,0.10863733333333334,1.0,15,0.32718,55.431866666666664
2020-01-08,Healthcare,0.1542911111111111,0.6,13,0.10863733333333334,57.714555555555556
2020-01-09,Healthcare,0.09542666666666667,0.6,8,0.1542911111111111,54.77133333333334
2020-01-10,Healthcare,0.24778000000000003,1.0,12,0.09542666666666667,62.389
2020-01-13,Healthcare,0.13385750000000002,1.0,24,0.24778000000000003,56.692875
2020-01-14,Healthcare,0.25889999999999996,0.8,9,0.13385750000000002,62.94499999999999
2020-01-15,Healthcare,0.13796,0.6,12,0.25889999999999996,56.898
2020-01-16,Healthcare,0.10014500000000001,0.8,8,0.13796,55.00725
2020-01-17,Healthcare,0.12024333333333333,0.6,11,0.10014500000000001,56.012166666666666
2020-01-21,Healthcare,0.09057404761904761,1.0,21,0.12024333333333333,54.528702380952375
2020-01-22,Healthcare,0.05644416666666667,0.8,13,0.09057404761904761,52.82220833333333
2020-01-23,Healthcare,0.020309999999999998,1.0,20,0.05644416666666667,51.0155
2020-01-24,Healthcare,0.2246453333333333,1.0,14,0.020309999999999998,61.23226666666667
2020-01-27,Healthcare,0.2709377777777778,1.0,23,0.2246453333333333,63.54688888888889
2020-01-28,Healthcare,0.18641166666666664,1.0,12,0.2709377777777778,59.32058333333333
2020-01-29,Healthcare,0.141442,1.0,12,0.18641166666666664,57.072100000000006
2020-01-30,Healthcare,0.10224272727272728,0.6,16,0.141442,55.11213636363637
2020-01-31,Healthcare,0.223558,0.8,25,0.10224272727272728,61.177899999999994
2020-02-03,Healthcare,0.11825192780337941,1.0,51,0.223558,55.912596390168964
2020-02-04,Healthcare,0.1821795238095238,0.8,26,0.11825192780337941,59.10897619047619
2020-02-05,Healthcare,0.16506785714285713,1.0,50,0.1821795238095238,58.25339285714286
2020-02-06,Healthcare,0.22736007692307694,1.0,25,0.16506785714285713,61.368003846153854
2020-02-07,Healthcare,0.27210303030303035,1.0,25,0.22736007692307694,63.60515151515151
2020-02-10,Healthcare,0.019909999999999997,0.8,25,0.27210303030303035,50.99550000000001
2020-02-11,Healthcare,-0.003798333333333326,0.6,17,0.019909999999999997,49.81008333333333
2020-02-12,Healthcare,0.1608808333333333,0.8,15,-0.003798333333333326,58.044041666666665
2020-02-13,Healthcare,0.08153333333333333,1.0,14,0.1608808333333333,54.07666666666666
2020-02-14,Healthcare,0.25895,0.8,7,0.08153333333333333,62.9475
2020-02-18,Healthcare,0.09015181372549019,0.8,30,0.25895,54.50759068627451
2020-02-19,Healthcare,0.24066722222222223,1.0,19,0.09015181372549019,62.033361111111105
2020-02-20,Healthcare,0.06695399999999999,0.6,11,0.24066722222222223,53.347699999999996
2020-02-21,Healthcare,0.06396500000000001,0.8,14,0.06695399999999999,53.19825
2020-02-24,Healthcare,0.1128396638655462,1.0,28,0.06396500000000001,55.64198319327731
2020-02-25,Healthcare,0.19953,1.0,24,0.1128396638655462,59.9765
2020-02-26,Healthcare,0.0448771568627451,1.0,32,0.19953,52.243857843137256
2020-02-27,Healthcare,0.03854799999999999,1.0,37,0.0448771568627451,51.9274
2020-02-28,Healthcare,-0.024808000000000004,1.0,27,0.03854799999999999,48.7596
2020-03-02,Healthcare,0.19403901785714286,1.0,46,-0.024808000000000004,59.70195089285715
2020-03-03,Healthcare,0.37418615384615384,1.0,19,0.19403901785714286,68.7093076923077
2020-03-04,Healthcare,0.42545099999999997,1.0,23,0.37418615384615384,71.27255
2020-03-05,Healthcare,0.10146128205128205,0.8,22,0.42545099999999997,55.0730641025641
2020-03-06,Healthcare,0.06611454545454545,0.6,19,0.10146128205128205,53.305727272727275
2020-03-09,Healthcare,0.11973799999999998,1.0,34,0.06611454545454545,55.98689999999999
2020-03-10,Healthcare,0.09916875,0.6,19,0.11973799999999998,54.9584375
2020-03-11,Healthcare,0.24613083333333333,1.0,22,0.09916875,62.30654166666667
2020-03-12,Healthcare,-0.14734066666666668,1.0,21,0.24613083333333333,42.63296666666667
2020-03-13,Healthcare,0.007959999999999995,0.8,15,-0.14734066666666668,50.397999999999996
2020-03-16,Healthcare,0.004297333333333336,0.8,21,0.007959999999999995,50.214866666666666
2020-03-17,Healthcare,0.31710000000000005,1.0,20,0.004297333333333336,65.85499999999999
2020-03-18,Healthcare,0.05681125,0.6,25,0.31710000000000005,52.8405625
2020-03-19,Healthcare,0.062375,0.4,24,0.05681125,53.118750000000006
2020-03-20,Healthcare,0.05900333333333333,0.8,19,0.062375,52.95016666666667
2020-03-23,Healthcare,0.044644329004329006,0.8,30,0.05900333333333333,52.23221645021645
2020-03-24,Healthcare,0.27379619047619047,1.0,15,0.044644329004329006,63.68980952380953
2020-03-25,Healthcare,0.18096380952380953,1.0,24,0.27379619047619047,59.04819047619048
2020-03-26,Healthcare,0.26740909090909093,1.0,19,0.18096380952380953,63.37045454545455
2020-03-27,Healthcare,0.173266,0.6,11,0.26740909090909093,58.66329999999999
2020-03-30,Healthcare,0.14428057142857142,1.0,34,0.173266,57.214028571428564
2020-03-31,Healthcare,0.03049190476190477,0.8,18,0.14428057142857142,51.52459523809524
2020-04-01,Healthcare,0.046206666666666674,0.8,13,0.03049190476190477,52.31033333333334
2020-04-02,Healthcare,0.11523071428571427,1.0,27,0.046206666666666674,55.76153571428571
2020-04-03,Healthcare,0.14477833333333334,0.6,14,0.11523071428571427,57.238916666666675
2020-04-06,Healthcare,0.33347310344827585,1.0,46,0.14477833333333334,66.67365517241379
2020-04-07,Healthcare,0.04370877192982456,1.0,32,0.33347310344827585,52.18543859649123
2020-04-08,Healthcare,0.12525555555555554,0.8,19,0.04370877192982456,56.26277777777777
2020-04-09,Healthcare,-0.0016383333333333306,0.8,16,0.12525555555555554,49.918083333333335
2020-04-13,Healthcare,-0.004051999999999989,1.0,50,-0.0016383333333333306,49.7974
2020-04-14,Healthcare,0.16632476190476192,0.8,14,-0.004051999999999989,58.31623809523809
2020-04-15,Healthcare,-0.06218309523809523,1.0,26,0.16632476190476192,46.89084523809524
2020-04-16,Healthcare,0.2999842355889724,1.0,58,-0.06218309523809523,64.99921177944861
2020-04-17,Healthcare,0.2963773824593129,1.0,97,0.2999842355889724,64.81886912296564
2020-04-20,Healthcare,-0.0469971914893617,1.0,67,0.2963773824593129,47.650140425531916
2020-04-21,Healthcare,-0.017922476190476176,1.0,21,-0.0469971914893617,49.10387619047619
2020-04-22,Healthcare,0.23577243589743588,1.0,30,-0.017922476190476176,61.78862179487179
2020-04-23,Healthcare,0.15419,1.0,59,0.23577243589743588,57.709500000000006
2020-04-24,Healthcare,0.02142185714285715,0.8,50,0.15419,51.07109285714285
2020-04-27,Healthcare,-0.013337523809523796,1.0,58,0.02142185714285715,49.33312380952381
2020-04-28,Healthcare,0.15199275384615385,1.0,44,-0.013337523809523796,57.599637692307695
2020-04-29,Healthcare,0.03418616091954023,0.8,104,0.15199275384615385,51.70930804597701
2020-04-30,Healthcare,0.15098261538461538,1.0,83,0.03418616091954023,57.54913076923077
2020-05-01,Healthcare,0.04070619463753724,1.0,84,0.15098261538461538,52.035309731876865
2020-05-04,Healthcare,0.05139512820512819,1.0,51,0.04070619463753724,52.56975641025641
2020-05-05,Healthcare,0.167238431372549,1.0,35,0.05139512820512819,58.36192156862745
2020-05-06,Healthcare,0.16397444444444445,1.0,32,0.167238431372549,58.19872222222222
2020-05-07,Healthcare,0.08167833333333333,0.6,24,0.16397444444444445,54.08391666666667
2020-05-08,Healthcare,-0.024708472222222222,1.0,32,0.08167833333333333,48.76457638888889
2020-05-11,Healthcare,0.029247487922705317,1.0,56,-0.024708472222222222,51.46237439613527
2020-05-12,Healthcare,-0.04649923809523808,0.6,23,0.029247487922705317,47.6750380952381
2020-05-13,Healthcare,0.11921718259518259,1.0,52,-0.04649923809523808,55.960859129759136
2020-05-14,Healthcare,0.12298833333333334,1.0,29,0.11921718259518259,56.14941666666666
2020-05-15,Healthcare,-0.007057727272727276,1.0,39,0.12298833333333334,49.647113636363635
2020-05-18,Healthcare,0.11098933333333334,1.0,32,-0.007057727272727276,55.54946666666667
2020-05-19,Healthcare,0.2208736666666667,1.0,16,0.11098933333333334,61.043683333333334
2020-05-20,Healthcare,0.01466531135531136,0.6,30,0.2208736666666667,50.73326556776557
2020-05-21,Healthcare,0.093502,1.0,21,0.01466531135531136,54.6751
2020-05-22,Healthcare,0.127765,1.0,22,0.093502,56.38824999999999
2020-05-26,Healthcare,0.03672219047619048,1.0,61,0.127765,51.836109523809526
2020-05-27,Healthcare,-0.007068444444444438,0.8,24,0.03672219047619048,49.64657777777778
2020-05-28,Healthcare,-0.06203166666666667,1.0,20,-0.007068444444444438,46.89841666666666
2020-05-29,Healthcare,0.15832388888888888,0.8,25,-0.06203166666666667,57.91619444444444
2020-06-01,Healthcare,0.12184555555555557,0.8,60,0.15832388888888888,56.092277777777774
2020-06-02,Healthcare,0.021175151515151515,1.0,25,0.12184555555555557,51.058757575757575
2020-06-03,Healthcare,0.25402650793650794,1.0,20,0.021175151515151515,62.7013253968254
2020-06-04,Healthcare,0.10282650793650794,1.0,21,0.25402650793650794,55.141325396825394
2020-06-05,Healthcare,0.096875,0.6,8,0.10282650793650794,54.84375
2020-06-08,Healthcare,0.055461315789473685,1.0,33,0.096875,52.773065789473684
2020-06-09,Healthcare,0.0009408333333333297,0.6,12,0.055461315789473685,50.04704166666667
2020-06-10,Healthcare,0.07865777777777778,0.8,24,0.0009408333333333297,53.93288888888888
2020-06-11,Healthcare,0.21064,1.0,8,0.07865777777777778,60.532
2020-06-12,Healthcare,0.019198,0.8,10,0.21064,50.959900000000005
2020-06-15,Healthcare,0.17032571428571427,1.0,19,0.019198,58.51628571428571
2020-06-16,Healthcare,0.05510666666666665,0.8,11,0.17032571428571427,52.75533333333333
2020-06-17,Healthcare,-0.10197,0.8,9,0.05510666666666665,44.9015
2020-06-18,Healthcare,0.25315333333333334,0.8,8,-0.10197,62.657666666666664
2020-06-19,Healthcare,0.13482333333333335,0.8,9,0.25315333333333334,56.741166666666665
2020-06-22,Healthcare,0.2720066666666666,0.8,12,0.13482333333333335,63.600333333333325
2020-06-23,Healthcare,0.003192500000000001,0.8,14,0.2720066666666666,50.159625
2020-06-24,Healthcare,0.015766666666666665,0.8,8,0.003192500000000001,50.788333333333334
2020-06-25,Healthcare,0.0934025,0.6,12,0.015766666666666665,54.670125000000006
2020-06-26,Healthcare,-0.036850999999999995,0.6,10,0.0934025,48.157450000000004
2020-06-29,Healthcare,0.167875,1.0,26,-0.036850999999999995,58.39375
2020-06-30,Healthcare,0.08195000000000001,0.6,8,0.167875,54.0975
2020-07-01,Healthcare,0.1979388888888889,0.8,16,0.08195000000000001,59.89694444444444
2020-07-02,Healthcare,0.098195,0.6,8,0.1979388888888889,54.90975
2020-07-06,Healthcare,0.09275857142857143,1.0,28,0.098195,54.637928571428574
2020-07-07,Healthcare,0.09613333333333333,0.8,11,0.09275857142857143,54.80666666666667
2020-07-08,Healthcare,0.14937190476190476,0.8,17,0.09613333333333333,57.46859523809525
2020-07-09,Healthcare,0.026783333333333336,0.6,7,0.14937190476190476,51.33916666666667
2020-07-10,Healthcare,0.22027181818181818,1.0,28,0.026783333333333336,61.01359090909091
2020-07-13,Healthcare,0.05238,1.0,14,0.22027181818181818,52.61900000000001
2020-07-14,Healthcare,0.22698999999999997,1.0,8,0.05238,61.3495
2020-07-15,Healthcare,0.15994999999999998,0.4,5,0.22698999999999997,57.9975
2020-07-16,Healthcare,0.19647399999999998,0.8,13,0.15994999999999998,59.8237
2020-07-17,Healthcare,-0.06471333333333333,0.8,11,0.19647399999999998,46.76433333333333
2020-07-20,Healthcare,0.15585500000000002,0.6,7,-0.06471333333333333,57.792750000000005
2020-07-21,Healthcare,0.17713,0.8,15,0.15585500000000002,58.8565
2020-07-22,Healthcare,0.31270000000000003,0.6,5,0.17713,65.635
2020-07-23,Healthcare,-0.06659999999999998,1.0,7,0.31270000000000003,46.67
2020-07-24,Healthcare,0.164015,1.0,10,-0.06659999999999998,58.20075
2020-07-27,Healthcare,-0.0036657142857142847,0.8,14,0.164015,49.81671428571428
2020-07-28,Healthcare,0.0381,0.8,14,-0.0036657142857142847,51.905
2020-07-29,Healthcare,0.138288,1.0,11,0.0381,56.9144
2020-07-30,Healthcare,-0.0113525,0.8,11,0.138288,49.432375
2020-07-31,Healthcare,0.044094871794871794,0.6,35,-0.0113525,52.204743589743586
2020-08-03,Healthcare,0.05058619047619047,1.0,24,0.044094871794871794,52.529309523809516
2020-08-04,Healthcare,0.0013533333333333344,0.8,11,0.05058619047619047,50.06766666666667
2020-08-05,Healthcare,-0.013979999999999992,0.6,3,0.0013533333333333344,49.301
2020-08-06,Healthcare,0.182065,0.6,11,-0.013979999999999992,59.103249999999996
2020-08-07,Healthcare,0.2503357142857143,1.0,13,0.182065,62.51678571428572
2020-08-10,Healthcare,0.10184333333333333,0.6,8,0.2503357142857143,55.092166666666664
2020-08-11,Healthcare,0.068,0.6,6,0.10184333333333333,53.400000000000006
2020-08-12,Healthcare,0.04046,0.6,4,0.068,52.022999999999996
2020-08-13,Healthcare,-0.13394,1.0,5,0.04046,43.303000000000004
2020-08-14,Healthcare,0.0,0.4,3,-0.13394,50.0
2020-08-17,Healthcare,0.28033,1.0,8,0.0,64.0165
2020-08-18,Healthcare,-0.0898,0.6,6,0.28033,45.51
2020-08-19,Healthcare,0.08945166666666667,0.8,17,-0.0898,54.47258333333333
2020-08-20,Healthcare,0.044259999999999994,1.0,7,0.08945166666666667,52.213
2020-08-21,Healthcare,0.07681,0.4,5,0.044259999999999994,53.840500000000006
2020-08-24,Healthcare,0.18137,0.8,6,0.07681,59.0685
2020-08-25,Healthcare,0.11228777777777779,0.6,20,0.18137,55.61438888888889
2020-08-26,Healthcare,0.117564,1.0,10,0.11228777777777779,55.8782
2020-08-27,Healthcare,0.11295866666666665,1.0,36,0.117564,55.647933333333334
2020-08-28,Healthcare,-0.014042666666666665,1.0,14,0.11295866666666665,49.297866666666664
2020-08-31,Healthcare,0.1798311111111111,0.8,16,-0.014042666666666665,58.99155555555555
2020-09-01,Healthcare,0.0690752380952381,0.8,21,0.1798311111111111,53.45376190476191
2020-09-02,Healthcare,-0.160415,0.8,8,0.0690752380952381,41.97925
2020-09-03,Healthcare,0.02544,0.6,10,-0.160415,51.272
2020-09-04,Healthcare,0.002841428571428578,0.4,11,0.02544,50.142071428571434
2020-09-08,Healthcare,0.047805,1.0,15,0.002841428571428578,52.39025
2020-09-09,Healthcare,0.133745,0.6,9,0.047805,56.68725
2020-09-10,Healthcare,0.12738,0.2,1,0.133745,56.369
2020-09-11,Healthcare,-0.05620666666666667,1.0,14,0.12738,47.18966666666667
2020-09-14,Healthcare,0.12028834782608695,1.0,39,-0.05620666666666667,56.01441739130435
2020-09-15,Healthcare,0.16348666666666667,1.0,14,0.12028834782608695,58.17433333333333
2020-09-16,Healthcare,0.0,0.6,3,0.16348666666666667,50.0
2020-09-17,Healthcare,0.081785,1.0,13,0.0,54.08925
2020-09-18,Healthcare,-0.03865399999999999,0.8,13,0.081785,48.0673
2020-09-21,Healthcare,-0.23964600000000003,0.8,9,-0.03865399999999999,38.0177
2020-09-22,Healthcare,0.40259,0.8,5,-0.23964600000000003,70.12950000000001
2020-09-23,Healthcare,0.06859333333333333,0.4,5,0.40259,53.42966666666666
2020-09-24,Healthcare,-0.10301,0.6,4,0.06859333333333333,44.8495
2020-09-25,Healthcare,0.10967333333333333,0.4,5,-0.10301,55.483666666666664
2020-09-28,Healthcare,0.02046866666666667,0.8,14,0.10967333333333333,51.02343333333334
2020-09-29,Healthcare,0.21181999999999998,0.8,11,0.02046866666666667,60.590999999999994
2020-09-30,Healthcare,0.147745,0.8,8,0.21181999999999998,57.38725
2020-10-01,Healthcare,0.10295166666666666,0.8,13,0.147745,55.14758333333334
2020-10-02,Healthcare,-0.08116000000000001,0.8,6,0.10295166666666666,45.942
2020-10-05,Healthcare,0.08913222222222222,1.0,20,-0.08116000000000001,54.45661111111111
2020-10-06,Healthcare,0.07409333333333333,0.8,8,0.08913222222222222,53.70466666666667
2020-10-07,Healthcare,0.1665247619047619,0.8,15,0.07409333333333333,58.32623809523809
2020-10-08,Healthcare,0.014838333333333337,0.8,18,0.1665247619047619,50.74191666666666
2020-10-09,Healthcare,-0.093736,0.6,7,0.014838333333333337,45.313199999999995
2020-10-12,Healthcare,0.0482925,0.8,17,-0.093736,52.414625
2020-10-13,Healthcare,-0.05197999999999999,0.8,8,0.0482925,47.400999999999996
2020-10-14,Healthcare,0.11088400000000001,0.8,11,-0.05197999999999999,55.5442
2020-10-15,Healthcare,0.18227333333333334,1.0,10,0.11088400000000001,59.11366666666667
2020-10-16,Healthcare,0.002544615384615384,0.6,16,0.18227333333333334,50.12723076923077
2020-10-19,Healthcare,0.17096166666666665,1.0,20,0.002544615384615384,58.54808333333333
2020-10-20,Healthcare,0.22175000000000003,0.8,9,0.17096166666666665,61.087500000000006
2020-10-21,Healthcare,0.16009600000000002,0.6,9,0.22175000000000003,58.0048
2020-10-22,Healthcare,-0.022653999999999997,0.4,7,0.16009600000000002,48.8673
2020-10-23,Healthcare,0.030576000000000002,0.6,23,-0.022653999999999997,51.5288
2020-10-26,Healthcare,0.016857777777777777,0.8,16,0.030576000000000002,50.84288888888889
2020-10-27,Healthcare,0.06143714285714286,1.0,12,0.016857777777777777,53.07185714285714
2020-10-28,Healthcare,-0.008314666666666665,1.0,23,0.06143714285714286,49.584266666666664
2020-10-29,Healthcare,0.20504466666666668,1.0,19,-0.008314666666666665,60.252233333333336
2020-10-30,Healthcare,0.036375454545454544,0.8,15,0.20504466666666668,51.81877272727273
2020-11-02,Healthcare,0.06512555555555556,0.8,22,0.036375454545454544,53.25627777777778
2020-11-03,Healthcare,0.10387733333333334,0.8,10,0.06512555555555556,55.19386666666667
2020-11-04,Healthcare,0.18835777777777776,0.6,13,0.10387733333333334,59.41788888888889
2020-11-05,Healthcare,0.047150000000000004,0.8,11,0.18835777777777776,52.3575
2020-11-06,Healthcare,0.0,0.4,3,0.047150000000000004,50.0
2020-11-09,Healthcare,0.20935333333333334,1.0,11,0.0,60.467666666666666
2020-11-10,Healthcare,0.212596,1.0,10,0.20935333333333334,60.6298
2020-11-11,Healthcare,0.0,0.6,4,0.212596,50.0
2020-11-12,Healthcare,-0.01531,0.4,3,0.0,49.2345
2020-11-13,Healthcare,0.17160000000000003,0.6,4,-0.01531,58.58
2020-11-16,Healthcare,0.029619000000000006,1.0,21,0.17160000000000003,51.48095
2020-11-17,Healthcare,0.025965000000000005,0.8,10,0.029619000000000006,51.29825
2020-11-18,Healthcare,0.15037333333333333,0.8,9,0.025965000000000005,57.51866666666666
2020-11-19,Healthcare,0.05620333333333334,0.8,8,0.15037333333333333,52.81016666666667
2020-11-20,Healthcare,0.0351975,0.8,13,0.05620333333333334,51.759875
2020-11-23,Healthcare,0.1924425238095238,1.0,20,0.0351975,59.62212619047619
2020-11-24,Healthcare,0.047670000000000004,0.4,3,0.1924425238095238,52.383500000000005
2020-11-25,Healthcare,0.04019,0.8,6,0.047670000000000004,52.009499999999996
2020-11-27,Healthcare,-0.03129333333333334,0.6,7,0.04019,48.43533333333333
2020-11-30,Healthcare,0.16828333333333334,1.0,11,-0.03129333333333334,58.41416666666667
2020-12-01,Healthcare,0.04019,0.6,5,0.16828333333333334,52.009499999999996
2020-12-02,Healthcare,0.207675,0.8,12,0.04019,60.383750000000006
2020-12-03,Healthcare,0.12248999999999999,0.4,3,0.207675,56.1245
2020-12-04,Healthcare,0.06748833333333334,0.6,8,0.12248999999999999,53.37441666666667
2020-12-07,Healthcare,-0.06024,0.6,7,0.06748833333333334,46.988
2020-12-08,Healthcare,0.10975333333333333,0.6,6,-0.06024,55.48766666666667
2020-12-09,Healthcare,-0.04939,0.4,3,0.10975333333333333,47.530499999999996
2020-12-10,Healthcare,0.06313500000000001,0.8,12,-0.04939,53.156749999999995
2020-12-11,Healthcare,0.301453,1.0,13,0.06313500000000001,65.07265
2020-12-14,Healthcare,0.14211500000000002,1.0,12,0.301453,57.10575
2020-12-15,Healthcare,0.22720666666666664,0.6,7,0.14211500000000002,61.36033333333333
2020-12-16,Healthcare,0.11327499999999999,0.4,9,0.22720666666666664,55.66375
2020-12-17,Healthcare,0.05570533333333333,1.0,13,0.11327499999999999,52.785266666666665
2020-12-18,Healthcare,0.17505,0.6,4,0.05570533333333333,58.7525
2020-12-21,Healthcare,0.27162,1.0,6,0.17505,63.580999999999996
2020-12-22,Healthcare,0.040535999999999996,0.8,18,0.27162,52.026799999999994
2020-12-23,Healthcare,0.053412222222222215,0.6,15,0.040535999999999996,52.67061111111111
2020-12-24,Healthcare,0.21546000000000004,0.6,3,0.053412222222222215,60.772999999999996
2020-12-28,Healthcare,0.14919,0.8,10,0.21546000000000004,57.4595
2020-12-29,Healthcare,0.013486666666666666,0.6,7,0.14919,50.67433333333333
2020-12-30,Healthcare,0.12083999999999999,0.4,2,0.013486666666666666,56.042
2020-12-31,Healthcare,0.13089666666666666,0.6,8,0.12083999999999999,56.54483333333333
2021-01-04,Healthcare,0.14343,0.8,12,0.13089666666666666,57.171499999999995
2021-01-05,Healthcare,0.18424999999999997,0.6,6,0.14343,59.2125
2021-01-06,Healthcare,0.04191,0.8,6,0.18424999999999997,52.09550000000001
2021-01-07,Healthcare,-0.047700000000000006,1.0,12,0.04191,47.615
2021-01-08,Healthcare,0.0,0.4,2,-0.047700000000000006,50.0
2021-01-11,Healthcare,-0.10957285714285714,1.0,15,0.0,44.52135714285714
2021-01-12,Healthcare,0.159785,0.8,12,-0.10957285714285714,57.989250000000006
2021-01-13,Healthcare,0.15412,0.8,10,0.159785,57.706
2021-01-14,Healthcare,0.120255,0.8,7,0.15412,56.01275
2021-01-15,Healthcare,0.1204,0.6,5,0.120255,56.02
2021-01-19,Healthcare,0.10955,1.0,12,0.1204,55.4775
2021-01-20,Healthcare,0.34577,0.6,4,0.10955,67.2885
2021-01-21,Healthcare,0.02023,0.6,4,0.34577,51.0115
2021-01-22,Healthcare,0.0,0.4,2,0.02023,50.0
2021-01-25,Healthcare,0.1696185,1.0,25,0.0,58.48092499999999
2021-01-26,Healthcare,-0.003666666666666668,0.8,16,0.1696185,49.81666666666666
2021-01-27,Healthcare,0.08873714285714285,0.8,12,-0.003666666666666668,54.43685714285714
2021-01-28,Healthcare,0.18121199999999998,0.8,8,0.08873714285714285,59.060599999999994
2021-01-29,Healthcare,-0.06377999999999999,0.8,6,0.18121199999999998,46.811
2021-02-01,Healthcare,0.23296999999999998,1.0,11,-0.06377999999999999,61.6485
2021-02-02,Healthcare,0.043325,0.6,16,0.23296999999999998,52.166250000000005
2021-02-03,Healthcare,0.06564166666666667,0.8,24,0.043325,53.28208333333333
2021-02-04,Healthcare,0.10124318181818182,1.0,19,0.06564166666666667,55.06215909090909
2021-02-05,Healthcare,0.2649746666666667,0.8,10,0.10124318181818182,63.24873333333334
2021-02-08,Healthcare,-0.03992,0.8,4,0.2649746666666667,48.004000000000005
2021-02-09,Healthcare,0.18605,0.8,7,-0.03992,59.3025
2021-02-10,Healthcare,0.19983599999999999,1.0,14,0.18605,59.9918
2021-02-11,Healthcare,0.03291,0.8,8,0.19983599999999999,51.6455
2021-02-12,Healthcare,0.07707000000000001,0.8,7,0.03291,53.8535
2021-02-16,Healthcare,-0.03931,0.6,5,0.07707000000000001,48.0345
2021-02-17,Healthcare,0.11289333333333333,0.6,14,-0.03931,55.644666666666666
2021-02-18,Healthcare,0.11442000000000001,1.0,9,0.11289333333333333,55.721
2021-02-19,Healthcare,0.10251333333333335,0.4,4,0.11442000000000001,55.125666666666675
2021-02-22,Healthcare,0.191966,1.0,10,0.10251333333333335,59.5983
2021-02-23,Healthcare,0.05736,0.8,9,0.191966,52.868
2021-02-24,Healthcare,0.11243,0.6,5,0.05736,55.621500000000005
2021-02-25,Healthcare,0.17182250000000002,0.4,9,0.11243,58.591125
2021-02-26,Healthcare,-0.11126,0.6,6,0.17182250000000002,44.437
2021-03-01,Healthcare,0.12715,0.8,7,-0.11126,56.3575
2021-03-02,Healthcare,0.06078,0.6,8,0.12715,53.039
2021-03-03,Healthcare,0.19836,0.6,6,0.06078,59.918000000000006
2021-03-04,Healthcare,-0.019427499999999997,0.8,12,0.19836,49.028625
2021-03-05,Healthcare,-0.01999,0.8,6,-0.019427499999999997,49.0005
2021-03-08,Healthcare,0.039439999999999996,0.8,9,-0.01999,51.971999999999994
2021-03-09,Healthcare,0.0,0.6,6,0.039439999999999996,50.0
2021-03-10,Healthcare,0.08512,0.6,5,0.0,54.25600000000001
2021-03-11,Healthcare,0.028587999999999995,1.0,18,0.08512,51.4294
2021-03-12,Healthcare,-0.02408,0.2,3,0.028587999999999995,48.796
2021-03-15,Healthcare,0.20649314285714288,1.0,19,-0.02408,60.32465714285714
2021-03-16,Healthcare,0.11543999999999999,0.8,6,0.20649314285714288,55.772
2021-03-17,Healthcare,0.07621,0.6,9,0.11543999999999999,53.810500000000005
2021-03-18,Healthcare,0.11881333333333333,0.8,7,0.07621,55.94066666666666
2021-03-19,Healthcare,0.17922000000000002,0.6,6,0.11881333333333333,58.961
2021-03-22,Healthcare,0.004674000000000006,0.6,9,0.17922000000000002,50.233700000000006
2021-03-23,Healthcare,0.07651,0.6,4,0.004674000000000006,53.825500000000005
2021-03-24,Healthcare,0.17994000000000002,0.8,6,0.07651,58.997
2021-03-25,Healthcare,0.14908000000000002,0.8,4,0.17994000000000002,57.45400000000001
2021-03-26,Healthcare,0.012458333333333332,0.6,8,0.14908000000000002,50.62291666666666
2021-03-29,Healthcare,0.28385666666666665,1.0,12,0.012458333333333332,64.19283333333333
2021-03-30,Healthcare,-0.04795,0.8,7,0.28385666666666665,47.6025
2021-03-31,Healthcare,0.050409999999999996,1.0,9,-0.04795,52.520500000000006
2021-04-01,Healthcare,0.02037000000000001,1.0,7,0.050409999999999996,51.0185
2021-04-05,Healthcare,0.10567533333333334,0.8,13,0.02037000000000001,55.283766666666665
2021-04-06,Healthcare,0.07364,0.6,6,0.10567533333333334,53.681999999999995
2021-04-07,Healthcare,0.19962,0.6,4,0.07364,59.980999999999995
2021-04-08,Healthcare,0.18567799999999998,0.8,10,0.19962,59.2839
2021-04-09,Healthcare,0.13896999999999998,0.6,4,0.18567799999999998,56.9485
2021-04-12,Healthcare,0.08036833333333333,1.0,12,0.13896999999999998,54.01841666666667
2021-04-13,Healthcare,-0.0027966666666666695,0.8,12,0.08036833333333333,49.860166666666665
2021-04-14,Healthcare,-0.01144666666666666,1.0,12,-0.0027966666666666695,49.42766666666667
2021-04-15,Healthcare,0.10661000000000001,1.0,9,-0.01144666666666666,55.33050000000001
2021-04-16,Healthcare,-0.05,0.4,2,0.10661000000000001,47.5
2021-04-19,Healthcare,0.044012857142857145,1.0,15,-0.05,52.20064285714285
2021-04-20,Healthcare,0.08759333333333333,0.8,13,0.044012857142857145,54.37966666666667
2021-04-21,Healthcare,0.24697,1.0,8,0.08759333333333333,62.348499999999994
2021-04-22,Healthcare,0.048555,1.0,9,0.24697,52.427749999999996
2021-04-23,Healthcare,0.11148,0.4,2,0.048555,55.574
2021-04-26,Healthcare,0.241355,1.0,15,0.11148,62.06775
2021-04-27,Healthcare,0.22128166666666668,1.0,14,0.241355,61.06408333333333
2021-04-28,Healthcare,0.1388272380952381,1.0,32,0.22128166666666668,56.9413619047619
2021-04-29,Healthcare,0.12076885714285715,1.0,35,0.1388272380952381,56.038442857142854
2021-04-30,Healthcare,0.15298984615384617,1.0,23,0.12076885714285715,57.649492307692306
2021-05-03,Healthcare,0.20693433333333333,1.0,17,0.15298984615384617,60.346716666666666
2021-05-04,Healthcare,0.10430999999999999,1.0,11,0.20693433333333333,55.21549999999999
2021-05-05,Healthcare,0.22193000000000002,1.0,8,0.10430999999999999,61.0965
2021-05-06,Healthcare,0.0,0.4,5,0.22193000000000002,50.0
2021-05-07,Healthcare,0.068,0.4,2,0.0,53.400000000000006
2021-05-10,Healthcare,0.08046266666666667,1.0,13,0.068,54.02313333333333
2021-05-11,Healthcare,0.08038,0.6,3,0.08046266666666667,54.01899999999999
2021-05-12,Healthcare,0.4131600000000001,0.8,5,0.08038,70.658
2021-05-13,Healthcare,-0.017186666666666663,0.6,9,0.4131600000000001,49.14066666666667
2021-05-14,Healthcare,0.13678,0.8,6,-0.017186666666666663,56.839
2021-05-17,Healthcare,0.123194,1.0,13,0.13678,56.1597
2021-05-18,Healthcare,0.06572,0.6,6,0.123194,53.286
2021-05-19,Healthcare,-0.068,0.4,2,0.06572,46.599999999999994
2021-05-20,Healthcare,0.07164666666666666,0.4,6,-0.068,53.58233333333333
2021-05-21,Healthcare,0.24296,1.0,7,0.07164666666666666,62.148
2021-05-24,Healthcare,0.2500886666666667,0.8,13,0.24296,62.50443333333333
2021-05-25,Healthcare,0.17548,0.8,6,0.2500886666666667,58.774
2021-05-26,Healthcare,0.0,0.6,6,0.17548,50.0
2021-05-27,Healthcare,0.15024333333333334,0.8,10,0.0,57.512166666666666
2021-05-28,Healthcare,0.06472666666666667,0.4,4,0.15024333333333334,53.23633333333333
2021-06-01,Healthcare,0.16207066666666664,1.0,28,0.06472666666666667,58.10353333333333
2021-06-02,Healthcare,0.15079,0.8,6,0.16207066666666664,57.5395
2021-06-03,Healthcare,0.17524,1.0,14,0.15079,58.762
2021-06-04,Healthcare,-0.01202,0.4,2,0.17524,49.399
2021-06-07,Healthcare,0.08859999999999998,1.0,7,-0.01202,54.43
2021-06-08,Healthcare,0.09878,0.8,4,0.08859999999999998,54.93900000000001
2021-06-09,Healthcare,-0.016589090909090907,0.8,16,0.09878,49.170545454545454
2021-06-10,Healthcare,0.12728,0.8,10,-0.016589090909090907,56.364000000000004
2021-06-11,Healthcare,0.02825833333333333,0.8,9,0.12728,51.41291666666666
2021-06-14,Healthcare,0.14745833333333333,1.0,14,0.02825833333333333,57.37291666666666
2021-06-15,Healthcare,0.15709,0.6,5,0.14745833333333333,57.854499999999994
2021-06-16,Healthcare,0.0,0.4,3,0.15709,50.0
2021-06-17,Healthcare,0.07205333333333333,0.8,6,0.0,53.602666666666664
2021-06-18,Healthcare,0.18343000000000004,0.6,6,0.07205333333333333,59.1715
2021-06-21,Healthcare,0.2815226666666667,0.8,12,0.18343000000000004,64.07613333333333
2021-06-22,Healthcare,0.059199999999999996,0.4,2,0.2815226666666667,52.959999999999994
2021-06-23,Healthcare,0.18658000000000002,0.6,3,0.059199999999999996,59.329
2021-06-24,Healthcare,0.08786000000000001,0.6,6,0.18658000000000002,54.393
2021-06-25,Healthcare,0.09732600000000001,1.0,10,0.08786000000000001,54.8663
2021-06-28,Healthcare,0.13154000000000002,0.6,5,0.09732600000000001,56.577
2021-06-29,Healthcare,0.03919999999999999,0.8,8,0.13154000000000002,51.959999999999994
2021-06-30,Healthcare,0.064515,0.6,7,0.03919999999999999,53.225750000000005
2021-07-01,Healthcare,0.029599999999999998,0.2,2,0.064515,51.480000000000004
2021-07-02,Healthcare,0.45387000000000005,0.8,5,0.029599999999999998,72.6935
2021-07-06,Healthcare,0.012908,0.4,6,0.45387000000000005,50.645399999999995
2021-07-07,Healthcare,0.24808,0.8,6,0.012908,62.404
2021-07-08,Healthcare,0.062165000000000005,0.8,14,0.24808,53.10825
2021-07-09,Healthcare,0.0,0.8,7,0.062165000000000005,50.0
2021-07-12,Healthcare,0.07500333333333334,0.8,9,0.0,53.750166666666665
2021-07-13,Healthcare,0.029599999999999998,0.6,5,0.07500333333333334,51.480000000000004
2021-07-14,Healthcare,0.16252,0.8,7,0.029599999999999998,58.126
2021-07-15,Healthcare,-0.01531,0.2,2,0.16252,49.2345
2021-07-16,Healthcare,0.13194,0.2,1,-0.01531,56.596999999999994
2021-07-19,Healthcare,-0.010580000000000003,0.8,10,0.13194,49.471
2021-07-20,Healthcare,-0.01027,0.8,7,-0.010580000000000003,49.4865
2021-07-21,Healthcare,0.0,0.8,4,-0.01027,50.0
2021-07-22,Healthcare,-0.033357142857142856,0.8,11,0.0,48.332142857142856
2021-07-23,Healthcare,0.0,0.6,6,-0.033357142857142856,50.0
2021-07-26,Healthcare,0.15766,0.6,6,0.0,57.882999999999996
2021-07-27,Healthcare,-0.03525999999999998,0.8,8,0.15766,48.237
2021-07-28,Healthcare,0.12277666666666669,0.8,7,-0.03525999999999998,56.13883333333334
2021-07-29,Healthcare,0.09557716666666667,1.0,30,0.12277666666666669,54.77885833333333
2021-07-30,Healthcare,0.050971999999999996,0.6,10,0.09557716666666667,52.5486
2021-08-02,Healthcare,0.171493,1.0,14,0.050971999999999996,58.57464999999999
2021-08-03,Healthcare,0.12119333333333333,0.6,10,0.171493,56.059666666666665
2021-08-04,Healthcare,0.14198499999999997,1.0,10,0.12119333333333333,57.09925
2021-08-05,Healthcare,0.1089,0.6,8,0.14198499999999997,55.445
2021-08-06,Healthcare,0.07636,0.8,6,0.1089,53.818
2021-08-09,Healthcare,0.146725,0.8,8,0.07636,57.33625
2021-08-10,Healthcare,0.046906666666666666,0.8,7,0.146725,52.34533333333333
2021-08-11,Healthcare,0.12076,0.6,4,0.046906666666666666,56.038
2021-08-12,Healthcare,0.19107000000000002,0.8,5,0.12076,59.55350000000001
2021-08-13,Healthcare,0.11148,0.6,4,0.19107000000000002,55.574
2021-08-16,Healthcare,0.09712799999999999,1.0,13,0.11148,54.85640000000001
2021-08-17,Healthcare,0.25926,1.0,6,0.09712799999999999,62.963
2021-08-18,Healthcare,0.25174,0.8,7,0.25926,62.587
2021-08-19,Healthcare,0.028579999999999994,0.4,2,0.25174,51.429
2021-08-20,Healthcare,0.068,0.4,2,0.028579999999999994,53.400000000000006
2021-08-23,Healthcare,-0.02345,0.8,5,0.068,48.8275
2021-08-24,Healthcare,0.09377333333333335,0.4,5,-0.02345,54.68866666666666
2021-08-25,Healthcare,0.05234,1.0,8,0.09377333333333335,52.617000000000004
2021-08-26,Healthcare,0.03450000000000002,0.8,5,0.05234,51.725
2021-08-27,Healthcare,0.19524333333333332,0.8,9,0.03450000000000002,59.76216666666667
2021-08-30,Healthcare,0.19630666666666668,0.8,9,0.19524333333333332,59.81533333333333
2021-08-31,Healthcare,-0.01909,1.0,9,0.19630666666666668,49.0455
2021-09-01,Healthcare,0.07129666666666666,0.8,16,-0.01909,53.564833333333326
2021-09-02,Healthcare,0.11178666666666666,0.8,11,0.07129666666666666,55.589333333333336
2021-09-03,Healthcare,0.0,0.0,0,0.11178666666666666,50.0
2021-09-07,Healthcare,0.2293216666666667,1.0,14,0.0,61.46608333333333
2021-09-08,Healthcare,-0.02143,1.0,12,0.2293216666666667,48.9285
2021-09-09,Healthcare,0.008284523809523818,1.0,17,-0.02143,50.414226190476185
2021-09-10,Healthcare,-0.02121333333333333,0.4,4,0.008284523809523818,48.93933333333334
2021-09-13,Healthcare,0.26873111111111114,1.0,23,-0.02121333333333333,63.436555555555564
2021-09-14,Healthcare,0.12614,0.4,3,0.26873111111111114,56.306999999999995
2021-09-15,Healthcare,0.13782166666666668,0.8,12,0.12614,56.891083333333334
2021-09-16,Healthcare,0.18983999999999998,0.8,10,0.13782166666666668,59.492
2021-09-17,Healthcare,0.034284999999999996,1.0,9,0.18983999999999998,51.71424999999999
2021-09-20,Healthcare,0.06995133333333335,1.0,21,0.034284999999999996,53.497566666666664
2021-09-21,Healthcare,0.09152,0.6,3,0.06995133333333335,54.576
2021-09-22,Healthcare,-0.06726,1.0,6,0.09152,46.637
2021-09-23,Healthcare,0.219124,0.8,8,-0.06726,60.9562
2021-09-24,Healthcare,-0.02948666666666667,0.8,6,0.219124,48.525666666666666
2021-09-27,Healthcare,0.263595,1.0,11,-0.02948666666666667,63.17975
2021-09-28,Healthcare,0.18062133333333333,1.0,17,0.263595,59.03106666666667
2021-09-29,Healthcare,0.27834166666666665,1.0,11,0.18062133333333333,63.91708333333334
2021-09-30,Healthcare,0.0035899999999999986,0.8,12,0.27834166666666665,50.1795
2021-10-01,Healthcare,0.05945555555555555,0.6,29,0.0035899999999999986,52.97277777777778
2021-10-04,Healthcare,0.1329816,0.8,32,0.05945555555555555,56.64908
2021-10-05,Healthcare,0.0013139999999999985,0.8,16,0.1329816,50.0657
2021-10-06,Healthcare,0.04624666666666667,0.6,13,0.0013139999999999985,52.31233333333334
2021-10-07,Healthcare,0.08334266666666666,0.6,13,0.04624666666666667,54.167133333333325
2021-10-08,Healthcare,0.042576666666666665,0.6,10,0.08334266666666666,52.12883333333333
2021-10-11,Healthcare,0.03921923076923077,0.8,18,0.042576666666666665,51.96096153846154
2021-10-12,Healthcare,0.22478571428571428,1.0,15,0.03921923076923077,61.23928571428572
2021-10-13,Healthcare,-0.055432,0.8,9,0.22478571428571428,47.2284
2021-10-14,Healthcare,0.0,0.8,6,-0.055432,50.0
2021-10-15,Healthcare,0.1066,0.8,9,0.0,55.33
2021-10-18,Healthcare,0.21761585714285717,1.0,23,0.1066,60.880792857142865
2021-10-19,Healthcare,-0.029842857142857143,0.8,14,0.21761585714285717,48.50785714285714
2021-10-20,Healthcare,0.06966399999999999,1.0,21,-0.029842857142857143,53.4832
2021-10-21,Healthcare,0.24110499999999999,1.0,11,0.06966399999999999,62.055249999999994
2021-10-22,Healthcare,0.035275999999999995,0.8,8,0.24110499999999999,51.7638
2021-10-25,Healthcare,0.03323,0.8,16,0.035275999999999995,51.661500000000004
2021-10-26,Healthcare,-0.044615,0.6,6,0.03323,47.76925
2021-10-27,Healthcare,0.12554142857142855,0.8,12,-0.044615,56.277071428571425
2021-10-28,Healthcare,0.10892876923076922,1.0,26,0.12554142857142855,55.44643846153846
2021-10-29,Healthcare,0.00890063025210084,0.8,30,0.10892876923076922,50.44503151260504
2021-11-01,Healthcare,0.2846013333333334,1.0,11,0.00890063025210084,64.23006666666666
2021-11-02,Healthcare,0.11025333333333334,0.8,14,0.2846013333333334,55.51266666666667
2021-11-03,Healthcare,0.07965333333333333,0.8,10,0.11025333333333334,53.98266666666667
2021-11-04,Healthcare,0.1043460606060606,0.8,16,0.07965333333333333,55.217303030303036
2021-11-05,Healthcare,0.2118666666666667,0.6,21,0.1043460606060606,60.593333333333334
2021-11-08,Healthcare,0.14769092307692305,1.0,23,0.2118666666666667,57.38454615384615
2021-11-09,Healthcare,0.0713575,0.6,11,0.14769092307692305,53.567875
2021-11-10,Healthcare,-0.06520000000000001,0.8,8,0.0713575,46.739999999999995
2021-11-11,Healthcare,0.19598666666666667,1.0,10,-0.06520000000000001,59.79933333333334
2021-11-12,Healthcare,0.117395,0.8,8,0.19598666666666667,55.869749999999996
2021-11-15,Healthcare,0.10009666666666668,0.8,14,0.117395,55.00483333333334
2021-11-16,Healthcare,0.08849599999999999,0.6,8,0.10009666666666668,54.4248
2021-11-17,Healthcare,0.18066500000000002,0.6,10,0.08849599999999999,59.03325
2021-11-18,Healthcare,-0.03626,0.8,10,0.18066500000000002,48.187000000000005
2021-11-19,Healthcare,0.13001000000000001,0.8,7,-0.03626,56.500499999999995
2021-11-22,Healthcare,-0.09375214285714285,0.8,14,0.13001000000000001,45.31239285714286
2021-11-23,Healthcare,0.14964,0.8,10,-0.09375214285714285,57.482
2021-11-24,Healthcare,-0.11587999999999998,0.6,4,0.14964,44.206
2021-11-26,Healthcare,-0.07059333333333334,0.6,5,-0.11587999999999998,46.470333333333336
2021-11-29,Healthcare,0.10093717948717948,0.8,19,-0.07059333333333334,55.04685897435897
2021-11-30,Healthcare,0.05767428571428572,0.6,10,0.10093717948717948,52.88371428571429
2021-12-01,Healthcare,-0.08930666666666667,0.8,17,0.05767428571428572,45.534666666666666
2021-12-02,Healthcare,-0.12022666666666666,0.8,12,-0.08930666666666667,43.98866666666667
2021-12-03,Healthcare,0.186535,0.8,8,-0.12022666666666666,59.326750000000004
2021-12-06,Healthcare,0.17400722222222223,1.0,19,0.186535,58.70036111111111
2021-12-07,Healthcare,0.009253333333333334,0.6,13,0.17400722222222223,50.462666666666664
2021-12-08,Healthcare,0.06422666666666668,0.6,5,0.009253333333333334,53.211333333333336
2021-12-09,Healthcare,0.010859999999999998,0.8,6,0.06422666666666668,50.543000000000006
2021-12-10,Healthcare,0.05132166666666667,1.0,13,0.010859999999999998,52.56608333333334
2021-12-13,Healthcare,0.21109166666666668,1.0,18,0.05132166666666667,60.55458333333333
2021-12-14,Healthcare,0.049760000000000006,1.0,12,0.21109166666666668,52.488
2021-12-15,Healthcare,-0.014914999999999994,0.8,9,0.049760000000000006,49.25425
2021-12-16,Healthcare,0.011853999999999998,1.0,14,-0.014914999999999994,50.5927
2021-12-17,Healthcare,0.20345399999999997,0.6,8,0.011853999999999998,60.1727
2021-12-20,Healthcare,0.11151933333333333,1.0,14,0.20345399999999997,55.575966666666666
2021-12-21,Healthcare,0.16676285714285713,1.0,16,0.11151933333333333,58.33814285714286
2021-12-22,Healthcare,0.07065250000000001,0.8,14,0.16676285714285713,53.532625
2021-12-23,Healthcare,0.21105372549019608,1.0,23,0.07065250000000001,60.5526862745098
2021-12-27,Healthcare,0.18295433333333333,0.8,18,0.21105372549019608,59.147716666666675
2021-12-28,Healthcare,0.07422,0.6,8,0.18295433333333333,53.711
2021-12-29,Healthcare,0.07364,0.2,2,0.07422,53.681999999999995
2021-12-30,Healthcare,0.1374338095238095,0.8,15,0.07364,56.87169047619047
2021-12-31,Healthcare,0.12043999999999999,0.8,5,0.1374338095238095,56.02199999999999
2022-01-03,Healthcare,0.17695504761904762,1.0,20,0.12043999999999999,58.84775238095238
2022-01-04,Healthcare,0.033301333333333336,0.8,10,0.17695504761904762,51.66506666666667
2022-01-05,Healthcare,-0.020349999999999993,0.8,6,0.033301333333333336,48.9825
2022-01-06,Healthcare,0.31234,1.0,8,-0.020349999999999993,65.617
2022-01-07,Healthcare,0.08882333333333334,0.6,9,0.31234,54.44116666666666
2022-01-10,Healthcare,0.22336666666666666,1.0,16,0.08882333333333334,61.16833333333334
2022-01-11,Healthcare,0.060673333333333336,0.6,7,0.22336666666666666,53.03366666666667
2022-01-12,Healthcare,0.10244666666666666,1.0,16,0.060673333333333336,55.12233333333333
2022-01-13,Healthcare,0.11591100000000001,1.0,14,0.10244666666666666,55.795550000000006
2022-01-14,Healthcare,0.20001000000000002,1.0,13,0.11591100000000001,60.0005
2022-01-18,Healthcare,0.14133233333333334,1.0,29,0.20001000000000002,57.06661666666667
2022-01-19,Healthcare,0.049434000000000006,1.0,16,0.14133233333333334,52.4717
2022-01-20,Healthcare,0.03701533333333333,1.0,15,0.049434000000000006,51.85076666666667
2022-01-21,Healthcare,-0.07991866666666667,1.0,13,0.03701533333333333,46.00406666666667
2022-01-24,Healthcare,0.006001944444444447,1.0,28,-0.07991866666666667,50.30009722222222
2022-01-25,Healthcare,-0.057996666666666676,0.8,18,0.006001944444444447,47.10016666666667
2022-01-26,Healthcare,0.06533857142857143,0.8,20,-0.057996666666666676,53.26692857142857
2022-01-27,Healthcare,0.18564833333333336,1.0,19,0.06533857142857143,59.28241666666667
2022-01-28,Healthcare,0.10758000000000001,1.0,17,0.18564833333333336,55.379
2022-01-31,Healthcare,0.13813385714285714,1.0,26,0.10758000000000001,56.90669285714286
2022-02-01,Healthcare,0.08748273504273504,1.0,26,0.13813385714285714,54.37413675213675
2022-02-02,Healthcare,0.03654304761904762,1.0,31,0.08748273504273504,51.82715238095238
2022-02-03,Healthcare,0.10934499999999998,1.0,17,0.03654304761904762,55.46725
2022-02-04,Healthcare,-0.15523333333333333,1.0,10,0.10934499999999998,42.23833333333333
2022-02-07,Healthcare,0.24759238095238095,0.8,21,-0.15523333333333333,62.37961904761905
2022-02-08,Healthcare,0.13141285714285714,0.8,22,0.24759238095238095,56.57064285714286
2022-02-09,Healthcare,0.23379333333333335,1.0,18,0.13141285714285714,61.68966666666667
2022-02-10,Healthcare,0.006826666666666664,1.0,16,0.23379333333333335,50.34133333333334
2022-02-11,Healthcare,0.24928333333333336,1.0,10,0.006826666666666664,62.464166666666664
2022-02-14,Healthcare,-0.011488095238095238,1.0,16,0.24928333333333336,49.42559523809524
2022-02-15,Healthcare,0.023863333333333337,0.8,10,-0.011488095238095238,51.19316666666667
2022-02-16,Healthcare,0.134112,0.8,14,0.023863333333333337,56.705600000000004
2022-02-17,Healthcare,0.07400571428571427,0.8,14,0.134112,53.70028571428571
2022-02-18,Healthcare,0.16795666666666667,1.0,16,0.07400571428571427,58.39783333333334
2022-02-22,Healthcare,0.12414047619047619,1.0,21,0.16795666666666667,56.207023809523804
2022-02-23,Healthcare,0.05464,0.8,6,0.12414047619047619,52.732
2022-02-24,Healthcare,0.153125,0.6,6,0.05464,57.65625
2022-02-25,Healthcare,-0.03182,1.0,10,0.153125,48.409
2022-02-28,Healthcare,0.10059833333333335,0.6,14,-0.03182,55.029916666666665
2022-03-01,Healthcare,0.10758666666666668,1.0,11,0.10059833333333335,55.379333333333335
2022-03-02,Healthcare,0.06908,0.8,10,0.10758666666666668,53.454
2022-03-03,Healthcare,0.004980000000000001,0.8,10,0.06908,50.249
2022-03-04,Healthcare,0.12006999999999998,1.0,8,0.004980000000000001,56.003499999999995
2022-03-07,Healthcare,0.20492166666666667,1.0,14,0.12006999999999998,60.24608333333333
2022-03-08,Healthcare,-0.085295,1.0,11,0.20492166666666667,45.73525
2022-03-09,Healthcare,0.05889,1.0,13,-0.085295,52.94449999999999
2022-03-10,Healthcare,0.03315,0.6,15,0.05889,51.6575
2022-03-11,Healthcare,0.1535975,1.0,16,0.03315,57.679875
2022-03-14,Healthcare,0.1770766666666667,0.8,8,0.1535975,58.85383333333334
2022-03-15,Healthcare,-0.07027000000000001,1.0,10,0.1770766666666667,46.4865
2022-03-16,Healthcare,0.09095785714285715,1.0,16,-0.07027000000000001,54.547892857142855
2022-03-17,Healthcare,0.025551333333333343,0.6,13,0.09095785714285715,51.277566666666665
2022-03-18,Healthcare,0.11555333333333336,0.6,6,0.025551333333333343,55.77766666666667
2022-03-21,Healthcare,0.18445333333333336,1.0,16,0.11555333333333336,59.22266666666667
2022-03-22,Healthcare,-0.06053833333333332,1.0,11,0.18445333333333336,46.973083333333335
2022-03-23,Healthcare,0.027420000000000007,0.6,7,-0.06053833333333332,51.371
2022-03-24,Healthcare,0.161075,0.8,10,0.027420000000000007,58.05375
2022-03-25,Healthcare,0.058410000000000004,0.6,7,0.161075,52.920500000000004
2022-03-28,Healthcare,-0.06269499999999999,0.8,12,0.058410000000000004,46.86525
2022-03-29,Healthcare,0.040900000000000006,1.0,10,-0.06269499999999999,52.044999999999995
2022-03-30,Healthcare,0.040953333333333335,0.8,8,0.040900000000000006,52.04766666666667
2022-03-31,Healthcare,0.11594000000000002,0.8,9,0.040953333333333335,55.797
2022-04-01,Healthcare,0.25156999999999996,0.8,6,0.11594000000000002,62.578500000000005
2022-04-04,Healthcare,0.07585700000000002,1.0,20,0.25156999999999996,53.79285
2022-04-05,Healthcare,0.161048,1.0,13,0.07585700000000002,58.052400000000006
2022-04-06,Healthcare,0.030345,0.6,7,0.161048,51.517250000000004
2022-04-07,Healthcare,0.07783,0.8,5,0.030345,53.8915
2022-04-08,Healthcare,0.358438,1.0,14,0.07783,67.92190000000001
2022-04-11,Healthcare,0.09281966666666666,1.0,14,0.358438,54.64098333333334
2022-04-12,Healthcare,0.09319999999999999,1.0,16,0.09281966666666666,54.66
2022-04-13,Healthcare,0.08409666666666668,1.0,12,0.09319999999999999,54.20483333333333
2022-04-14,Healthcare,0.06769342857142857,0.8,15,0.08409666666666668,53.38467142857143
2022-04-18,Healthcare,0.033716666666666666,0.6,9,0.06769342857142857,51.68583333333333
2022-04-19,Healthcare,-0.007743523809523811,1.0,19,0.033716666666666666,49.61282380952381
2022-04-20,Healthcare,0.23918749999999997,0.8,16,-0.007743523809523811,61.959374999999994
2022-04-21,Healthcare,0.12141666666666669,1.0,17,0.23918749999999997,56.07083333333334
2022-04-22,Healthcare,0.08412,0.8,9,0.12141666666666669,54.205999999999996
2022-04-25,Healthcare,0.23023733333333332,1.0,26,0.08412,61.51186666666667
2022-04-26,Healthcare,-0.04502071428571428,1.0,25,0.23023733333333332,47.74896428571429
2022-04-27,Healthcare,0.08906333333333334,1.0,20,-0.04502071428571428,54.45316666666666
2022-04-28,Healthcare,0.10540552380952381,1.0,31,0.08906333333333334,55.27027619047619
2022-04-29,Healthcare,0.09682833333333334,1.0,23,0.10540552380952381,54.84141666666667
2022-05-02,Healthcare,0.226363,1.0,13,0.09682833333333334,61.31815
2022-05-03,Healthcare,-0.01531,0.4,3,0.226363,49.2345
2022-05-04,Healthcare,0.04046,0.8,6,-0.01531,52.022999999999996
2022-05-05,Healthcare,0.05953333333333334,1.0,14,0.04046,52.976666666666674
2022-05-06,Healthcare,0.014599999999999998,0.8,8,0.05953333333333334,50.73
2022-05-09,Healthcare,0.03511333333333333,0.4,4,0.014599999999999998,51.75566666666667
2022-05-10,Healthcare,0.14197200000000001,1.0,13,0.03511333333333333,57.0986
2022-05-11,Healthcare,0.021426666666666677,1.0,15,0.14197200000000001,51.071333333333335
2022-05-12,Healthcare,-0.005173333333333319,1.0,14,0.021426666666666677,49.74133333333333
2022-05-13,Healthcare,-0.01507,0.8,12,-0.005173333333333319,49.2465
2022-05-16,Healthcare,0.048321666666666666,1.0,20,-0.01507,52.41608333333333
2022-05-17,Healthcare,-0.0173475,0.8,14,0.048321666666666666,49.132625000000004
2022-05-18,Healthcare,0.17670999999999998,1.0,11,-0.0173475,58.835499999999996
2022-05-19,Healthcare,0.094805,0.8,11,0.17670999999999998,54.74025
2022-05-20,Healthcare,-0.03602333333333334,1.0,13,0.094805,48.19883333333333
2022-05-23,Healthcare,0.18671,1.0,17,-0.03602333333333334,59.335499999999996
2022-05-24,Healthcare,0.013724,0.8,12,0.18671,50.68620000000001
2022-05-25,Healthcare,-0.10386500000000001,0.8,16,0.013724,44.80675
2022-05-26,Healthcare,0.20277809523809526,1.0,24,-0.10386500000000001,60.13890476190477
2022-05-27,Healthcare,-0.02572499999999999,0.8,14,0.20277809523809526,48.71375
2022-05-31,Healthcare,0.32664666666666664,1.0,18,-0.02572499999999999,66.33233333333332
2022-06-01,Healthcare,0.05744166666666667,0.8,9,0.32664666666666664,52.87208333333333
2022-06-02,Healthcare,-0.07786000000000001,1.0,11,0.05744166666666667,46.107
2022-06-03,Healthcare,0.052653333333333344,0.8,10,-0.07786000000000001,52.63266666666667
2022-06-06,Healthcare,0.09547209523809526,1.0,22,0.052653333333333344,54.77360476190476
2022-06-07,Healthcare,0.13734333333333332,0.4,5,0.09547209523809526,56.86716666666667
2022-06-08,Healthcare,0.2734,0.8,6,0.13734333333333332,63.67
2022-06-09,Healthcare,0.013486666666666666,0.8,7,0.2734,50.67433333333333
2022-06-10,Healthcare,-0.009484666666666672,0.8,12,0.013486666666666666,49.52576666666666
2022-06-13,Healthcare,0.21730357142857143,0.8,15,-0.009484666666666672,60.86517857142857
2022-06-14,Healthcare,-0.030830000000000003,1.0,11,0.21730357142857143,48.4585
2022-06-15,Healthcare,0.08589900000000002,1.0,15,-0.030830000000000003,54.29495
2022-06-16,Healthcare,0.24372,0.8,4,0.08589900000000002,62.186
2022-06-17,Healthcare,0.20803333333333335,0.8,11,0.24372,60.401666666666664
2022-06-21,Healthcare,0.2519159523809524,0.8,18,0.20803333333333335,62.59579761904762
2022-06-22,Healthcare,0.018083333333333333,1.0,20,0.2519159523809524,50.90416666666666
2022-06-23,Healthcare,-0.09467933333333332,1.0,15,0.018083333333333333,45.26603333333333
2022-06-24,Healthcare,0.28993714285714284,0.8,11,-0.09467933333333332,64.49685714285714
2022-06-27,Healthcare,0.19292942857142856,0.8,22,0.28993714285714284,59.646471428571424
2022-06-28,Healthcare,-0.029466666666666662,0.6,7,0.19292942857142856,48.52666666666667
2022-06-29,Healthcare,0.26369714285714285,0.8,16,-0.029466666666666662,63.18485714285714
2022-06-30,Healthcare,0.04474,0.6,8,0.26369714285714285,52.237
2022-07-01,Healthcare,0.041837,0.8,12,0.04474,52.091849999999994
2022-07-05,Healthcare,0.13635250000000002,1.0,24,0.041837,56.81762500000001
2022-07-06,Healthcare,0.0004700000000000037,1.0,13,0.13635250000000002,50.0235
2022-07-07,Healthcare,-0.012712857142857137,0.8,13,0.0004700000000000037,49.36435714285714
2022-07-08,Healthcare,0.30364,1.0,9,-0.012712857142857137,65.182
2022-07-11,Healthcare,0.038387142857142856,1.0,25,0.30364,51.919357142857145
2022-07-12,Healthcare,0.013692619047619047,1.0,17,0.038387142857142856,50.68463095238095
2022-07-13,Healthcare,0.1998071428571429,1.0,25,0.013692619047619047,59.99035714285714
2022-07-14,Healthcare,-0.08169799999999999,0.8,13,0.1998071428571429,45.915099999999995
2022-07-15,Healthcare,0.025687500000000002,1.0,17,-0.08169799999999999,51.284375000000004
2022-07-18,Healthcare,0.100544,1.0,21,0.025687500000000002,55.0272
2022-07-19,Healthcare,0.029859285714285717,1.0,20,0.100544,51.49296428571428
2022-07-20,Healthcare,0.25867927272727276,1.0,32,0.029859285714285717,62.93396363636363
2022-07-21,Healthcare,-0.04538249999999999,0.6,14,0.25867927272727276,47.730875
2022-07-22,Healthcare,0.278042,1.0,13,-0.04538249999999999,63.902100000000004
2022-07-25,Healthcare,0.060343999999999995,1.0,15,0.278042,53.017199999999995
2022-07-26,Healthcare,0.15696333333333334,1.0,10,0.060343999999999995,57.848166666666664
2022-07-27,Healthcare,0.04655,1.0,22,0.15696333333333334,52.32750000000001
2022-07-28,Healthcare,0.151388,1.0,23,0.04655,57.5694
2022-07-29,Healthcare,-0.013652666666666669,0.8,15,0.151388,49.317366666666665
2022-08-01,Healthcare,0.10002133333333334,1.0,18,-0.013652666666666669,55.00106666666667
2022-08-02,Healthcare,0.1607875,1.0,16,0.10002133333333334,58.03937500000001
2022-08-03,Healthcare,0.27491833333333326,1.0,18,0.1607875,63.745916666666666
2022-08-04,Healthcare,-0.026314222222222218,0.8,17,0.27491833333333326,48.68428888888889
2022-08-05,Healthcare,0.17775833333333332,0.8,10,-0.026314222222222218,58.88791666666666
2022-08-08,Healthcare,-0.055024,0.6,9,0.17775833333333332,47.2488
2022-08-09,Healthcare,0.05414666666666666,0.6,10,-0.055024,52.70733333333333
2022-08-10,Healthcare,0.09192000000000002,0.6,6,0.05414666666666666,54.596000000000004
2022-08-11,Healthcare,0.027904000000000005,1.0,14,0.09192000000000002,51.395199999999996
2022-08-12,Healthcare,-0.021943999999999998,0.6,10,0.027904000000000005,48.9028
2022-08-15,Healthcare,0.008049999999999998,0.6,12,-0.021943999999999998,50.402499999999996
2022-08-16,Healthcare,0.06571666666666667,0.8,10,0.008049999999999998,53.28583333333333
2022-08-17,Healthcare,0.01909,0.6,6,0.06571666666666667,50.9545
2022-08-18,Healthcare,0.05664400000000001,1.0,12,0.01909,52.83219999999999
2022-08-19,Healthcare,-0.028240000000000008,1.0,9,0.05664400000000001,48.588
2022-08-22,Healthcare,0.21191333333333331,1.0,12,-0.028240000000000008,60.59566666666667
2022-08-23,Healthcare,0.15182666666666667,1.0,12,0.21191333333333331,57.591333333333324
2022-08-24,Healthcare,0.104735,0.8,8,0.15182666666666667,55.23675
2022-08-25,Healthcare,0.10454666666666668,0.8,15,0.104735,55.22733333333334
2022-08-26,Healthcare,0.15202666666666667,0.8,10,0.10454666666666668,57.601333333333336
2022-08-29,Healthcare,0.2640533333333333,1.0,11,0.15202666666666667,63.202666666666666
2022-08-30,Healthcare,0.03273,0.8,6,0.2640533333333333,51.6365
2022-08-31,Healthcare,-0.20458499999999996,1.0,11,0.03273,39.77075
2022-09-01,Healthcare,0.11460166666666667,1.0,14,-0.20458499999999996,55.73008333333333
2022-09-02,Healthcare,0.07638666666666667,0.4,5,0.11460166666666667,53.81933333333333
2022-09-06,Healthcare,0.205586,0.8,13,0.07638666666666667,60.2793
2022-09-07,Healthcare,0.052178666666666665,0.8,13,0.205586,52.60893333333333
2022-09-08,Healthcare,0.17820533333333333,1.0,22,0.052178666666666665,58.910266666666665
2022-09-09,Healthcare,-0.008273333333333322,1.0,11,0.17820533333333333,49.58633333333333
2022-09-12,Healthcare,0.27932633333333334,1.0,33,-0.008273333333333322,63.966316666666664
2022-09-13,Healthcare,0.05998666666666667,1.0,13,0.27932633333333334,52.99933333333333
2022-09-14,Healthcare,-0.02307,0.8,8,0.05998666666666667,48.8465
2022-09-15,Healthcare,-0.008235000000000003,1.0,15,-0.02307,49.58825
2022-09-16,Healthcare,0.09601933333333335,0.8,13,-0.008235000000000003,54.800966666666675
2022-09-19,Healthcare,0.015823809523809525,1.0,21,0.09601933333333335,50.79119047619047
2022-09-20,Healthcare,0.025174285714285725,0.8,12,0.015823809523809525,51.25871428571429
2022-09-21,Healthcare,-0.08621999999999999,1.0,7,0.025174285714285725,45.689
2022-09-22,Healthcare,0.16976666666666668,1.0,15,-0.08621999999999999,58.48833333333333
2022-09-23,Healthcare,0.08872,0.8,11,0.16976666666666668,54.43599999999999
2022-09-26,Healthcare,0.015480000000000002,1.0,13,0.08872,50.773999999999994
2022-09-27,Healthcare,0.16542166666666666,1.0,11,0.015480000000000002,58.27108333333333
2022-09-28,Healthcare,0.147205,1.0,11,0.16542166666666666,57.36025
2022-09-29,Healthcare,0.16065999999999997,0.8,5,0.147205,58.033
2022-09-30,Healthcare,0.0,0.6,6,0.16065999999999997,50.0
2022-10-03,Healthcare,0.04760000000000001,1.0,16,0.0,52.38
2022-10-04,Healthcare,-0.08459,1.0,6,0.04760000000000001,45.770500000000006
2022-10-05,Healthcare,0.05945333333333334,0.6,7,-0.08459,52.97266666666667
2022-10-06,Healthcare,-0.15184000000000003,0.4,4,0.05945333333333334,42.408
2022-10-07,Healthcare,0.07916,0.8,6,-0.15184000000000003,53.958
2022-10-10,Healthcare,0.326336,1.0,18,0.07916,66.3168
2022-10-11,Healthcare,0.22581185714285718,1.0,26,0.326336,61.290592857142855
2022-10-12,Healthcare,0.08204916666666666,0.8,21,0.22581185714285718,54.10245833333334
2022-10-13,Healthcare,-0.18963999999999998,0.8,9,0.08204916666666666,40.518
2022-10-14,Healthcare,0.17491333333333334,1.0,11,-0.18963999999999998,58.745666666666665
2022-10-17,Healthcare,0.120345,1.0,13,0.17491333333333334,56.01725
2022-10-18,Healthcare,0.01213000000000002,1.0,13,0.120345,50.6065
2022-10-19,Healthcare,0.05185714285714286,1.0,22,0.01213000000000002,52.59285714285714
2022-10-20,Healthcare,0.05519533333333333,1.0,16,0.05185714285714286,52.759766666666664
2022-10-21,Healthcare,0.11581599999999999,1.0,11,0.05519533333333333,55.7908
2022-10-24,Healthcare,0.05149,1.0,11,0.11581599999999999,52.5745
2022-10-25,Healthcare,0.049883333333333335,1.0,14,0.05149,52.494166666666665
2022-10-26,Healthcare,0.04905166666666667,0.6,12,0.049883333333333335,52.45258333333334
2022-10-27,Healthcare,0.15613623376623376,0.8,23,0.04905166666666667,57.80681168831169
2022-10-28,Healthcare,0.00938888888888888,1.0,24,0.15613623376623376,50.46944444444444
2022-10-31,Healthcare,0.0,0.6,5,0.00938888888888888,50.0
2022-11-01,Healthcare,0.13551666666666667,1.0,13,0.0,56.77583333333334
2022-11-02,Healthcare,-0.098025,1.0,13,0.13551666666666667,45.098749999999995
2022-11-03,Healthcare,-0.126033,0.8,11,-0.098025,43.69835
2022-11-04,Healthcare,0.07681166666666668,1.0,15,-0.126033,53.840583333333335
2022-11-07,Healthcare,0.022810000000000007,1.0,16,0.07681166666666668,51.1405
2022-11-08,Healthcare,-0.05249999999999999,1.0,20,0.022810000000000007,47.375
2022-11-09,Healthcare,0.060685333333333334,0.8,17,-0.05249999999999999,53.03426666666666
2022-11-10,Healthcare,0.12435,1.0,8,0.060685333333333334,56.2175
2022-11-11,Healthcare,0.22604666666666667,0.6,5,0.12435,61.30233333333334
2022-11-14,Healthcare,0.15980500000000003,1.0,18,0.22604666666666667,57.990249999999996
2022-11-15,Healthcare,0.20067000000000004,1.0,15,0.15980500000000003,60.033500000000004
2022-11-16,Healthcare,0.1297066666666667,0.8,8,0.20067000000000004,56.48533333333333
2022-11-17,Healthcare,0.013486666666666666,1.0,10,0.1297066666666667,50.67433333333333
2022-11-18,Healthcare,0.08378333333333333,1.0,13,0.013486666666666666,54.189166666666665
2022-11-21,Healthcare,0.1700377777777778,0.8,17,0.08378333333333333,58.501888888888885
2022-11-22,Healthcare,0.12752090476190475,1.0,26,0.1700377777777778,56.37604523809524
2022-11-23,Healthcare,0.09760071428571429,0.8,16,0.12752090476190475,54.88003571428571
2022-11-25,Healthcare,0.11225742857142858,0.8,15,0.09760071428571429,55.61287142857143
2022-11-28,Healthcare,0.2016811904761905,1.0,24,0.11225742857142858,60.08405952380953
2022-11-29,Healthcare,0.19279,1.0,13,0.2016811904761905,59.6395
2022-11-30,Healthcare,0.194033,1.0,17,0.19279,59.70165000000001
2022-12-01,Healthcare,0.13513666666666668,1.0,15,0.194033,56.75683333333333
2022-12-02,Healthcare,-0.09792999999999999,1.0,10,0.13513666666666668,45.103500000000004
2022-12-05,Healthcare,0.086604,0.8,16,-0.09792999999999999,54.3302
2022-12-06,Healthcare,0.019797000000000002,1.0,15,0.086604,50.989850000000004
2022-12-07,Healthcare,-0.07867476190476189,0.8,16,0.019797000000000002,46.06626190476191
2022-12-08,Healthcare,0.035644999999999996,1.0,12,-0.07867476190476189,51.78225
2022-12-09,Healthcare,0.10398666666666667,0.8,17,0.035644999999999996,55.199333333333335
2022-12-12,Healthcare,0.00862671679197995,1.0,33,0.10398666666666667,50.431335839599
2022-12-13,Healthcare,0.11637752380952382,1.0,28,0.00862671679197995,55.81887619047619
2022-12-14,Healthcare,0.15973333333333334,0.8,10,0.11637752380952382,57.986666666666665
2022-12-15,Healthcare,0.16280466666666665,1.0,19,0.15973333333333334,58.140233333333335
2022-12-16,Healthcare,0.16921666666666668,1.0,15,0.16280466666666665,58.46083333333334
2022-12-19,Healthcare,0.05440266666666667,1.0,20,0.16921666666666668,52.72013333333333
2022-12-20,Healthcare,0.1853138888888889,1.0,18,0.05440266666666667,59.26569444444445
2022-12-21,Healthcare,0.16837833333333335,1.0,16,0.1853138888888889,58.41891666666667
2022-12-22,Healthcare,0.03240833333333333,0.8,13,0.16837833333333335,51.62041666666667
2022-12-23,Healthcare,-0.08187499999999999,0.6,7,0.03240833333333333,45.90625
2022-12-27,Healthcare,0.10937800000000002,1.0,20,-0.08187499999999999,55.4689
2022-12-28,Healthcare,0.176088,1.0,12,0.10937800000000002,58.8044
2022-12-29,Healthcare,0.11639600000000001,0.8,12,0.176088,55.8198
2022-12-30,Healthcare,0.03362,0.6,7,0.11639600000000001,51.681
2023-01-03,Healthcare,0.17174166666666668,1.0,14,0.03362,58.58708333333333
2023-01-04,Healthcare,0.107515,0.8,13,0.17174166666666668,55.375750000000004
2023-01-05,Healthcare,0.157785,1.0,12,0.107515,57.889250000000004
2023-01-06,Healthcare,0.06390333333333334,1.0,9,0.157785,53.19516666666667
2023-01-09,Healthcare,0.14227833333333334,0.8,14,0.06390333333333334,57.11391666666666
2023-01-10,Healthcare,0.03104642857142857,0.8,13,0.14227833333333334,51.552321428571425
2023-01-11,Healthcare,0.031676666666666665,1.0,13,0.03104642857142857,51.58383333333333
2023-01-12,Healthcare,0.07419,0.8,7,0.031676666666666665,53.7095
2023-01-13,Healthcare,0.18765333333333334,0.8,8,0.07419,59.38266666666667
2023-01-17,Healthcare,0.26210944444444445,1.0,33,0.18765333333333334,63.105472222222225
2023-01-18,Healthcare,0.05686,0.8,10,0.26210944444444445,52.842999999999996
2023-01-19,Healthcare,-0.04486333333333333,0.8,10,0.05686,47.75683333333333
2023-01-20,Healthcare,0.06612533333333334,1.0,14,-0.04486333333333333,53.306266666666666
2023-01-23,Healthcare,0.253675,1.0,18,0.06612533333333334,62.683749999999996
2023-01-24,Healthcare,0.08237000000000001,0.8,8,0.253675,54.118500000000004
2023-01-25,Healthcare,-0.027309019607843144,0.8,29,0.08237000000000001,48.634549019607846
2023-01-26,Healthcare,0.17704999999999999,1.0,18,-0.027309019607843144,58.8525
2023-01-27,Healthcare,0.11102666666666665,0.8,8,0.17704999999999999,55.55133333333333
2023-01-30,Healthcare,0.14562716666666667,1.0,19,0.11102666666666665,57.28135833333333
2023-01-31,Healthcare,0.04195083333333333,1.0,23,0.14562716666666667,52.09754166666667
2023-02-01,Healthcare,0.1283915873015873,1.0,26,0.04195083333333333,56.419579365079365
2023-02-02,Healthcare,0.16936333333333334,0.8,29,0.1283915873015873,58.46816666666667
2023-02-03,Healthcare,-0.0404755,0.6,17,0.16936333333333334,47.976225
2023-02-06,Healthcare,0.042994000000000004,1.0,22,-0.0404755,52.149699999999996
2023-02-07,Healthcare,0.12206666666666668,1.0,13,0.042994000000000004,56.10333333333334
2023-02-08,Healthcare,0.050586,1.0,15,0.12206666666666668,52.5293
2023-02-09,Healthcare,0.008086142857142865,1.0,29,0.050586,50.40430714285714
2023-02-10,Healthcare,0.11148,0.6,5,0.008086142857142865,55.574
2023-02-13,Healthcare,0.10701000000000001,1.0,12,0.11148,55.350500000000004
2023-02-14,Healthcare,0.212427,0.8,12,0.10701000000000001,60.62134999999999
2023-02-15,Healthcare,0.03648333333333333,0.6,7,0.212427,51.82416666666667
2023-02-16,Healthcare,0.12758466666666665,1.0,22,0.03648333333333333,56.37923333333333
2023-02-17,Healthcare,0.14122666666666667,1.0,14,0.12758466666666665,57.06133333333333
2023-02-21,Healthcare,0.023423000000000006,1.0,26,0.14122666666666667,51.17115
2023-02-22,Healthcare,0.09284200000000001,1.0,20,0.023423000000000006,54.642100000000006
2023-02-23,Healthcare,0.023399999999999997,0.6,5,0.09284200000000001,51.17
2023-02-24,Healthcare,0.08566,0.6,9,0.023399999999999997,54.283
2023-02-27,Healthcare,0.08093285714285714,1.0,23,0.08566,54.04664285714286
2023-02-28,Healthcare,0.026127999999999995,0.6,11,0.08093285714285714,51.3064
2023-03-01,Healthcare,0.028242000000000007,1.0,15,0.026127999999999995,51.4121
2023-03-02,Healthcare,0.039298333333333345,1.0,13,0.028242000000000007,51.964916666666674
2023-03-03,Healthcare,0.15926,0.6,6,0.039298333333333345,57.963
2023-03-06,Healthcare,0.06327033333333335,1.0,23,0.15926,53.163516666666666
2023-03-07,Healthcare,0.14615,0.8,8,0.06327033333333335,57.3075
2023-03-08,Healthcare,0.056163,1.0,17,0.14615,52.80815
2023-03-09,Healthcare,0.12732333333333334,1.0,17,0.056163,56.36616666666667
2023-03-10,Healthcare,0.17232333333333333,0.8,9,0.12732333333333334,58.61616666666667
2023-03-13,Healthcare,0.1411257142857143,1.0,18,0.17232333333333333,57.056285714285714
2023-03-14,Healthcare,-0.015801333333333327,1.0,15,0.1411257142857143,49.20993333333333
2023-03-15,Healthcare,0.08162666666666668,1.0,14,-0.015801333333333327,54.08133333333333
2023-03-16,Healthcare,0.04588,1.0,9,0.08162666666666668,52.294
2023-03-17,Healthcare,0.06898,0.6,8,0.04588,53.449000000000005
2023-03-20,Healthcare,0.08144933333333335,1.0,20,0.06898,54.072466666666664
2023-03-21,Healthcare,0.157915,1.0,13,0.08144933333333335,57.89575
2023-03-22,Healthcare,0.011967999999999998,1.0,20,0.157915,50.5984
2023-03-23,Healthcare,0.13782,0.6,11,0.011967999999999998,56.891000000000005
2023-03-24,Healthcare,0.031921333333333336,0.8,11,0.13782,51.596066666666665
2023-03-27,Healthcare,0.13018666666666667,1.0,22,0.031921333333333336,56.50933333333333
2023-03-28,Healthcare,0.19232833333333335,1.0,13,0.13018666666666667,59.61641666666667
2023-03-29,Healthcare,0.055336666666666666,1.0,12,0.19232833333333335,52.76683333333333
2023-03-30,Healthcare,0.0013649999999999995,0.8,13,0.055336666666666666,50.068250000000006
2023-03-31,Healthcare,0.10677,0.8,11,0.0013649999999999995,55.3385
2023-04-03,Healthcare,-0.04046466666666667,1.0,16,0.10677,47.97676666666666
2023-04-04,Healthcare,0.16759666666666667,0.8,15,-0.04046466666666667,58.37983333333333
2023-04-05,Healthcare,0.052146666666666674,1.0,15,0.16759666666666667,52.60733333333334
2023-04-06,Healthcare,0.05140199999999999,1.0,18,0.052146666666666674,52.5701
2023-04-10,Healthcare,0.1212428787878788,1.0,28,0.05140199999999999,56.06214393939394
2023-04-11,Healthcare,-0.0077800000000000005,1.0,13,0.1212428787878788,49.611
2023-04-12,Healthcare,0.054188333333333324,1.0,20,-0.0077800000000000005,52.70941666666666
2023-04-13,Healthcare,-0.10012571428571429,0.8,11,0.054188333333333324,44.99371428571429
2023-04-14,Healthcare,0.008999000000000002,1.0,17,-0.10012571428571429,50.44995
2023-04-17,Healthcare,0.1287092857142857,1.0,30,0.008999000000000002,56.43546428571429
2023-04-18,Healthcare,0.10433666666666667,1.0,13,0.1287092857142857,55.21683333333334
2023-04-19,Healthcare,0.10868396078431372,1.0,33,0.10433666666666667,55.43419803921569
2023-04-20,Healthcare,0.127602,0.8,14,0.10868396078431372,56.3801
2023-04-21,Healthcare,0.054498000000000005,1.0,12,0.127602,52.7249
2023-04-24,Healthcare,0.13476666666666667,1.0,25,0.054498000000000005,56.73833333333334
2023-04-25,Healthcare,0.2130757142857143,1.0,24,0.13476666666666667,60.65378571428571
2023-04-26,Healthcare,0.025,1.0,17,0.2130757142857143,51.24999999999999
2023-04-27,Healthcare,0.09690815476190476,1.0,46,0.025,54.84540773809524
2023-04-28,Healthcare,-0.034622857142857136,1.0,21,0.09690815476190476,48.268857142857144
2023-05-01,Healthcare,0.07224395238095238,1.0,21,-0.034622857142857136,53.61219761904762
2023-05-02,Healthcare,-0.041869333333333335,1.0,14,0.07224395238095238,47.906533333333336
2023-05-03,Healthcare,-0.008525,0.8,9,-0.041869333333333335,49.57375
2023-05-04,Healthcare,0.07443999999999999,1.0,13,-0.008525,53.722
2023-05-05,Healthcare,0.13888,1.0,7,0.07443999999999999,56.943999999999996
2023-05-08,Healthcare,0.09667266666666667,0.8,14,0.13888,54.83363333333333
2023-05-09,Healthcare,0.12511333333333335,0.8,7,0.09667266666666667,56.25566666666667
2023-05-10,Healthcare,0.061268333333333334,1.0,18,0.12511333333333335,53.06341666666666
2023-05-11,Healthcare,0.2313766666666667,0.6,6,0.061268333333333334,61.56883333333334
2023-05-12,Healthcare,0.05106000000000001,0.6,9,0.2313766666666667,52.553000000000004
2023-05-15,Healthcare,0.11460095238095239,1.0,17,0.05106000000000001,55.73004761904762
2023-05-16,Healthcare,0.0088725,1.0,25,0.11460095238095239,50.443625000000004
2023-05-17,Healthcare,-0.13154833333333332,1.0,18,0.0088725,43.42258333333333
2023-05-18,Healthcare,0.0412,1.0,19,-0.13154833333333332,52.059999999999995
2023-05-19,Healthcare,0.028155000000000006,1.0,15,0.0412,51.40774999999999
2023-05-22,Healthcare,0.06588928571428572,1.0,19,0.028155000000000006,53.294464285714284
2023-05-23,Healthcare,0.13796333333333335,0.8,11,0.06588928571428572,56.89816666666667
2023-05-24,Healthcare,-0.03794666666666667,1.0,14,0.13796333333333335,48.102666666666664
2023-05-25,Healthcare,0.110065,1.0,10,-0.03794666666666667,55.50325
2023-05-26,Healthcare,0.12116500000000001,1.0,14,0.110065,56.05825
2023-05-30,Healthcare,0.29069500000000004,1.0,18,0.12116500000000001,64.53475
2023-05-31,Healthcare,0.14073333333333332,1.0,16,0.29069500000000004,57.03666666666667
2023-06-01,Healthcare,-0.06024047619047619,1.0,18,0.14073333333333332,46.98797619047619
2023-06-02,Healthcare,0.09574857142857143,0.8,10,-0.06024047619047619,54.78742857142858
2023-06-05,Healthcare,0.0538,1.0,16,0.09574857142857143,52.690000000000005
2023-06-06,Healthcare,0.22018095238095237,1.0,14,0.0538,61.00904761904762
2023-06-07,Healthcare,0.2577716666666666,1.0,14,0.22018095238095237,62.88858333333334
2023-06-08,Healthcare,0.277517,1.0,15,0.2577716666666666,63.87585
2023-06-09,Healthcare,0.035365,1.0,13,0.277517,51.76825
2023-06-12,Healthcare,0.19989666666666667,1.0,20,0.035365,59.99483333333333
2023-06-13,Healthcare,0.03497333333333334,0.8,8,0.19989666666666667,51.748666666666665
2023-06-14,Healthcare,0.18026,0.6,5,0.03497333333333334,59.013000000000005
2023-06-15,Healthcare,-0.040966666666666665,0.6,7,0.18026,47.95166666666667
2023-06-16,Healthcare,0.032821,0.6,13,-0.040966666666666665,51.64105
2023-06-20,Healthcare,0.09210357142857142,1.0,21,0.032821,54.60517857142857
2023-06-21,Healthcare,0.16984933333333332,1.0,17,0.09210357142857142,58.492466666666665
2023-06-22,Healthcare,0.07414000000000001,1.0,13,0.16984933333333332,53.70700000000001
2023-06-23,Healthcare,0.17212333333333332,1.0,11,0.07414000000000001,58.60616666666667
2023-06-26,Healthcare,0.11287116666666666,1.0,26,0.17212333333333332,55.64355833333333
2023-06-27,Healthcare,0.12867333333333333,0.8,14,0.11287116666666666,56.43366666666667
2023-06-28,Healthcare,0.12248,1.0,8,0.12867333333333333,56.123999999999995
2023-06-29,Healthcare,0.194866,0.8,17,0.12248,59.7433
2023-06-30,Healthcare,0.009564166666666669,1.0,18,0.194866,50.47820833333333
2023-07-03,Healthcare,0.16950533333333334,1.0,25,0.009564166666666669,58.47526666666667
2023-07-05,Healthcare,0.24311333333333335,1.0,16,0.16950533333333334,62.15566666666666
2023-07-06,Healthcare,0.20319250000000003,0.6,13,0.24311333333333335,60.159625000000005
2023-07-07,Healthcare,0.10098,1.0,12,0.20319250000000003,55.04900000000001
2023-07-10,Healthcare,0.09408571428571429,1.0,20,0.10098,54.70428571428572
2023-07-11,Healthcare,-0.019299999999999998,1.0,15,0.09408571428571429,49.035000000000004
2023-07-12,Healthcare,0.29226833333333335,1.0,14,-0.019299999999999998,64.61341666666667
2023-07-13,Healthcare,0.10664166666666668,1.0,14,0.29226833333333335,55.33208333333334
2023-07-14,Healthcare,0.09642,1.0,14,0.10664166666666668,54.821
2023-07-17,Healthcare,0.08543200000000001,1.0,15,0.09642,54.2716
2023-07-18,Healthcare,0.12676,1.0,13,0.08543200000000001,56.338
2023-07-19,Healthcare,-0.011843333333333322,1.0,12,0.12676,49.407833333333336
2023-07-20,Healthcare,0.005414999999999992,1.0,29,-0.011843333333333322,50.27075
2023-07-21,Healthcare,-0.04343878787878787,1.0,20,0.005414999999999992,47.82806060606061
2023-07-24,Healthcare,0.08833566666666667,1.0,28,-0.04343878787878787,54.41678333333333
2023-07-25,Healthcare,0.041480333333333334,1.0,21,0.08833566666666667,52.074016666666665
2023-07-26,Healthcare,-0.052292000000000005,1.0,24,0.041480333333333334,47.3854
2023-07-27,Healthcare,0.17456317857142856,0.8,30,-0.052292000000000005,58.728158928571425
2023-07-28,Healthcare,-0.016402666666666666,1.0,21,0.17456317857142856,49.17986666666667
2023-07-31,Healthcare,0.15817777777777778,1.0,26,-0.016402666666666666,57.90888888888889
2023-08-01,Healthcare,0.26335305555555555,0.8,30,0.15817777777777778,63.16765277777778
2023-08-02,Healthcare,0.13617071428571428,0.8,16,0.26335305555555555,56.80853571428571
2023-08-03,Healthcare,0.09409427777777779,1.0,37,0.13617071428571428,54.70471388888889
2023-08-04,Healthcare,-0.03766533333333334,1.0,31,0.09409427777777779,48.116733333333336
2023-08-07,Healthcare,0.11333333333333333,1.0,13,-0.03766533333333334,55.666666666666664
2023-08-08,Healthcare,0.15897599999999998,0.8,13,0.11333333333333333,57.9488
2023-08-09,Healthcare,0.2426286666666667,1.0,18,0.15897599999999998,62.131433333333334
2023-08-10,Healthcare,0.18324266666666666,0.8,10,0.2426286666666667,59.16213333333333
2023-08-11,Healthcare,0.068855,1.0,13,0.18324266666666666,53.442750000000004
2023-08-14,Healthcare,0.15071600000000002,0.8,20,0.068855,57.5358
2023-08-15,Healthcare,0.033176666666666674,1.0,15,0.15071600000000002,51.658833333333334
2023-08-16,Healthcare,-0.024089999999999993,0.8,7,0.033176666666666674,48.795500000000004
2023-08-17,Healthcare,0.08138999999999999,1.0,9,-0.024089999999999993,54.069500000000005
2023-08-18,Healthcare,0.072175,0.4,7,0.08138999999999999,53.60875000000001
2023-08-21,Healthcare,0.06427185714285713,1.0,25,0.072175,53.21359285714286
2023-08-22,Healthcare,-0.020183333333333338,0.8,8,0.06427185714285713,48.990833333333335
2023-08-23,Healthcare,0.13129238095238097,1.0,24,-0.020183333333333338,56.56461904761905
2023-08-24,Healthcare,0.16987333333333335,1.0,9,0.13129238095238097,58.49366666666667
2023-08-25,Healthcare,0.073462,1.0,15,0.16987333333333335,53.6731
2023-08-28,Healthcare,0.04684474358974359,0.8,23,0.073462,52.342237179487185
2023-08-29,Healthcare,0.11434833333333332,1.0,25,0.04684474358974359,55.717416666666665
2023-08-30,Healthcare,0.06111500000000001,0.8,10,0.11434833333333332,53.05575
2023-08-31,Healthcare,0.12603833333333334,0.8,13,0.06111500000000001,56.30191666666666
2023-09-01,Healthcare,0.10361400000000001,1.0,19,0.12603833333333334,55.1807
2023-09-05,Healthcare,-0.03821192857142858,1.0,26,0.10361400000000001,48.08940357142857
2023-09-06,Healthcare,0.19297333333333333,1.0,10,-0.03821192857142858,59.648666666666664
2023-09-07,Healthcare,-0.18949333333333332,1.0,7,0.19297333333333333,40.525333333333336
2023-09-08,Healthcare,0.261324,1.0,18,-0.18949333333333332,63.06620000000001
2023-09-11,Healthcare,0.12510300000000002,1.0,19,0.261324,56.25515
2023-09-12,Healthcare,-0.027570000000000004,1.0,13,0.12510300000000002,48.6215
2023-09-13,Healthcare,0.08420000000000001,0.6,8,-0.027570000000000004,54.21
2023-09-14,Healthcare,0.08180833333333333,1.0,12,0.08420000000000001,54.09041666666666
2023-09-15,Healthcare,-0.00017933333333333413,0.8,16,0.08180833333333333,49.991033333333334
2023-09-18,Healthcare,0.08060133333333333,1.0,14,-0.00017933333333333413,54.03006666666666
2023-09-19,Healthcare,0.04774,1.0,8,0.08060133333333333,52.38699999999999
2023-09-20,Healthcare,-0.139545,1.0,14,0.04774,43.02275
2023-09-21,Healthcare,0.13232666666666665,1.0,10,-0.139545,56.61633333333334
2023-09-22,Healthcare,-0.0707025,0.8,12,0.13232666666666665,46.464875
2023-09-25,Healthcare,0.07247333333333336,0.8,15,-0.0707025,53.62366666666667
2023-09-26,Healthcare,0.14376666666666665,0.8,14,0.07247333333333336,57.18833333333333
2023-09-27,Healthcare,0.14411666666666667,0.6,7,0.14376666666666665,57.20583333333333
2023-09-28,Healthcare,0.1254,1.0,11,0.14411666666666667,56.269999999999996
2023-09-29,Healthcare,0.12640500000000002,1.0,16,0.1254,56.32025
2023-10-02,Healthcare,0.05876333333333335,1.0,28,0.12640500000000002,52.93816666666666
2023-10-03,Healthcare,0.19297,0.8,7,0.05876333333333335,59.648500000000006
2023-10-04,Healthcare,0.12248,0.8,9,0.19297,56.123999999999995
2023-10-05,Healthcare,-0.02732,1.0,8,0.12248,48.634
2023-10-06,Healthcare,0.11433466666666665,0.8,12,-0.02732,55.71673333333334
2023-10-09,Healthcare,0.3487233333333334,1.0,13,0.11433466666666665,67.43616666666668
2023-10-10,Healthcare,-5.6000000000000494e-05,1.0,15,0.3487233333333334,49.9972
2023-10-11,Healthcare,0.03917785714285714,1.0,19,-5.6000000000000494e-05,51.95889285714286
2023-10-12,Healthcare,0.06694857142857144,0.8,13,0.03917785714285714,53.347428571428566
2023-10-13,Healthcare,0.038930000000000006,0.8,14,0.06694857142857144,51.94649999999999
2023-10-16,Healthcare,0.031012000000000005,1.0,16,0.038930000000000006,51.5506
2023-10-17,Healthcare,0.138425,1.0,19,0.031012000000000005,56.92125
2023-10-18,Healthcare,0.10263045454545454,1.0,33,0.138425,55.13152272727273
2023-10-19,Healthcare,0.21859714285714285,1.0,25,0.10263045454545454,60.929857142857145
2023-10-20,Healthcare,0.10597214285714285,1.0,18,0.21859714285714285,55.29860714285715
2023-10-23,Healthcare,0.08866900000000001,1.0,24,0.10597214285714285,54.43345000000001
2023-10-24,Healthcare,0.118175,1.0,17,0.08866900000000001,55.90875
2023-10-25,Healthcare,0.06387666666666666,1.0,22,0.118175,53.19383333333333
2023-10-26,Healthcare,0.18496666666666667,1.0,25,0.06387666666666666,59.248333333333335
2023-10-27,Healthcare,0.12304936363636362,1.0,23,0.18496666666666667,56.15246818181818
2023-10-30,Healthcare,0.04355733333333334,1.0,21,0.12304936363636362,52.17786666666666
2023-10-31,Healthcare,0.0925577456140351,1.0,38,0.04355733333333334,54.627887280701756
2023-11-01,Healthcare,0.04090866666666667,0.6,10,0.0925577456140351,52.045433333333335
2023-11-02,Healthcare,0.0820775641025641,0.8,25,0.04090866666666667,54.10387820512821
2023-11-03,Healthcare,0.06201428571428571,0.6,10,0.0820775641025641,53.10071428571429
2023-11-06,Healthcare,0.11913733333333332,1.0,21,0.06201428571428571,55.95686666666666
2023-11-07,Healthcare,0.08648444444444445,1.0,20,0.11913733333333332,54.32422222222222
2023-11-08,Healthcare,0.04333,1.0,17,0.08648444444444445,52.166500000000006
2023-11-09,Healthcare,0.14543830303030303,1.0,23,0.04333,57.27191515151515
2023-11-10,Healthcare,-0.011329333333333335,0.8,13,0.14543830303030303,49.43353333333334
2023-11-13,Healthcare,0.12200555555555556,1.0,19,-0.011329333333333335,56.10027777777778
2023-11-14,Healthcare,0.080059,0.8,15,0.12200555555555556,54.002950000000006
2023-11-15,Healthcare,0.15714,1.0,10,0.080059,57.857
2023-11-16,Healthcare,0.02616,1.0,9,0.15714,51.308
2023-11-17,Healthcare,0.06626333333333334,0.8,13,0.02616,53.31316666666667
2023-11-20,Healthcare,0.171025,1.0,13,0.06626333333333334,58.551249999999996
2023-11-21,Healthcare,0.07788600000000001,0.8,12,0.171025,53.894299999999994
2023-11-22,Healthcare,0.12618000000000001,1.0,8,0.07788600000000001,56.309
2023-11-24,Healthcare,0.038858,1.0,13,0.12618000000000001,51.9429
2023-11-27,Healthcare,0.19468666666666667,1.0,11,0.038858,59.73433333333333
2023-11-28,Healthcare,0.08916666666666666,0.8,9,0.19468666666666667,54.45833333333333
2023-11-29,Healthcare,0.09941833333333334,1.0,15,0.08916666666666666,54.97091666666667
2023-11-30,Healthcare,0.08356166666666667,1.0,22,0.09941833333333334,54.17808333333334
2023-12-01,Healthcare,0.0,1.0,8,0.08356166666666667,50.0
2023-12-04,Healthcare,0.063808,1.0,15,0.0,53.190400000000004
2023-12-05,Healthcare,0.1391,0.6,7,0.063808,56.955
2023-12-06,Healthcare,0.17862583333333334,0.8,15,0.1391,58.93129166666667
2023-12-07,Healthcare,0.13630836363636364,0.8,27,0.17862583333333334,56.81541818181818
2023-12-08,Healthcare,0.04376733333333333,1.0,16,0.13630836363636364,52.18836666666667
2023-12-11,Healthcare,0.17471797979797982,1.0,35,0.04376733333333333,58.73589898989899
2023-12-12,Healthcare,0.062725,1.0,22,0.17471797979797982,53.13625
2023-12-13,Healthcare,0.023511666666666674,1.0,17,0.062725,51.17558333333333
2023-12-14,Healthcare,0.09551000000000001,0.6,4,0.023511666666666674,54.7755
2023-12-15,Healthcare,0.0,0.2,1,0.09551000000000001,50.0
2023-12-18,Healthcare,0.16035694871794873,1.0,34,0.0,58.01784743589744
2023-12-19,Healthcare,0.0,0.0,0,0.16035694871794873,50.0
2023-12-20,Healthcare,0.0,0.0,0,0.0,50.0
2023-12-21,Healthcare,0.0,0.0,0,0.0,50.0
2023-12-22,Healthcare,0.0,0.0,0,0.0,50.0
2023-12-26,Healthcare,0.0,0.0,0,0.0,50.0
2023-12-27,Healthcare,0.0,0.0,0,0.0,50.0
2023-12-28,Healthcare,0.0,0.0,0,0.0,50.0
2023-12-29,Healthcare,0.0,0.0,0,0.0,50.0
2020-01-03,Industrials,-0.12487999999999999,0.8,7,0.0,43.756
2020-01-06,Industrials,0.044117222222222224,0.6,14,-0.12487999999999999,52.205861111111105
2020-01-07,Industrials,0.024045714285714285,0.8,13,0.044117222222222224,51.20228571428571
2020-01-08,Industrials,0.012205714285714285,0.6,12,0.024045714285714285,50.610285714285716
2020-01-09,Industrials,0.033716666666666666,1.0,9,0.012205714285714285,51.68583333333333
2020-01-10,Industrials,0.05552999999999999,0.6,8,0.033716666666666666,52.776500000000006
2020-01-13,Industrials,0.059236666666666674,0.8,10,0.05552999999999999,52.96183333333333
2020-01-14,Industrials,0.089663,0.6,10,0.059236666666666674,54.48315
2020-01-15,Industrials,-0.07338499999999998,0.8,10,0.089663,46.330749999999995
2020-01-16,Industrials,0.11426666666666667,0.4,4,-0.07338499999999998,55.71333333333334
2020-01-17,Industrials,0.18886666666666668,0.8,12,0.11426666666666667,59.443333333333335
2020-01-21,Industrials,0.1046862857142857,1.0,16,0.18886666666666668,55.234314285714284
2020-01-22,Industrials,-0.01411142857142857,0.6,12,0.1046862857142857,49.294428571428575
2020-01-23,Industrials,0.029595238095238098,0.8,14,-0.01411142857142857,51.4797619047619
2020-01-24,Industrials,0.04934533333333334,0.6,11,0.029595238095238098,52.46726666666667
2020-01-27,Industrials,0.06335666666666666,1.0,18,0.04934533333333334,53.167833333333334
2020-01-28,Industrials,0.004039166666666666,0.8,34,0.06335666666666666,50.20195833333333
2020-01-29,Industrials,0.010459333333333334,0.8,28,0.004039166666666666,50.52296666666667
2020-01-30,Industrials,0.10813333333333333,0.8,13,0.010459333333333334,55.40666666666667
2020-01-31,Industrials,0.08330900000000001,1.0,26,0.10813333333333333,54.16545000000001
2020-02-03,Industrials,0.09446466666666667,1.0,14,0.08330900000000001,54.72323333333333
2020-02-04,Industrials,0.15771833333333335,0.8,11,0.09446466666666667,57.885916666666674
2020-02-05,Industrials,0.06691866666666665,0.8,12,0.15771833333333335,53.34593333333333
2020-02-06,Industrials,-0.005146666666666667,0.4,6,0.06691866666666665,49.742666666666665
2020-02-07,Industrials,-0.0008999999999999986,0.4,6,-0.005146666666666667,49.955
2020-02-10,Industrials,0.08578333333333334,0.8,19,-0.0008999999999999986,54.28916666666667
2020-02-11,Industrials,-0.007123333333333326,0.8,7,0.08578333333333334,49.64383333333333
2020-02-12,Industrials,0.07436000000000001,1.0,7,-0.007123333333333326,53.717999999999996
2020-02-13,Industrials,0.0353375,1.0,14,0.07436000000000001,51.766875
2020-02-14,Industrials,0.19194499999999998,1.0,13,0.0353375,59.59725
2020-02-18,Industrials,0.0038199999999999996,0.6,5,0.19194499999999998,50.190999999999995
2020-02-19,Industrials,0.17815333333333333,0.8,6,0.0038199999999999996,58.90766666666667
2020-02-20,Industrials,0.06901666666666666,0.8,10,0.17815333333333333,53.450833333333335
2020-02-21,Industrials,0.11362999999999998,1.0,7,0.06901666666666666,55.68149999999999
2020-02-24,Industrials,0.07081833333333334,1.0,21,0.11362999999999998,53.540916666666675
2020-02-25,Industrials,-0.000880000000000003,0.8,9,0.07081833333333334,49.956
2020-02-26,Industrials,0.04466333333333334,0.6,15,-0.000880000000000003,52.23316666666666
2020-02-27,Industrials,0.11446333333333332,0.8,12,0.04466333333333334,55.72316666666667
2020-02-28,Industrials,0.08251499999999999,0.8,16,0.11446333333333332,54.12575
2020-03-02,Industrials,-0.00572,0.8,8,0.08251499999999999,49.714000000000006
2020-03-03,Industrials,0.072,0.4,5,-0.00572,53.6
2020-03-04,Industrials,0.14631361904761903,1.0,20,0.072,57.31568095238095
2020-03-05,Industrials,0.12312066666666666,0.8,12,0.14631361904761903,56.15603333333333
2020-03-06,Industrials,0.04652666666666667,0.8,9,0.12312066666666666,52.32633333333333
2020-03-09,Industrials,-0.098977,1.0,13,0.04652666666666667,45.05115
2020-03-10,Industrials,-0.08950333333333334,1.0,12,-0.098977,45.52483333333333
2020-03-11,Industrials,0.15478476190476192,0.8,14,-0.08950333333333334,57.7392380952381
2020-03-12,Industrials,-0.17304999999999998,1.0,18,0.15478476190476192,41.347500000000004
2020-03-13,Industrials,0.04446,1.0,9,-0.17304999999999998,52.223
2020-03-16,Industrials,0.060704999999999995,1.0,23,0.04446,53.03525
2020-03-17,Industrials,0.002528888888888886,0.8,14,0.060704999999999995,50.12644444444444
2020-03-18,Industrials,-0.004995238095238097,1.0,17,0.002528888888888886,49.750238095238096
2020-03-19,Industrials,0.012286666666666664,0.6,16,-0.004995238095238097,50.61433333333333
2020-03-20,Industrials,0.07986371428571429,0.6,19,0.012286666666666664,53.993185714285715
2020-03-23,Industrials,0.012568333333333338,1.0,23,0.07986371428571429,50.628416666666666
2020-03-24,Industrials,0.2409971111111111,1.0,27,0.012568333333333338,62.04985555555555
2020-03-25,Industrials,0.06074500000000001,0.8,14,0.2409971111111111,53.03725
2020-03-26,Industrials,0.11279142857142858,0.6,19,0.06074500000000001,55.63957142857143
2020-03-27,Industrials,0.22001666666666667,1.0,21,0.11279142857142858,61.00083333333334
2020-03-30,Industrials,0.01895561904761905,1.0,22,0.22001666666666667,50.94778095238095
2020-03-31,Industrials,0.04034666666666666,1.0,22,0.01895561904761905,52.01733333333334
2020-04-01,Industrials,-0.024707999999999987,0.8,15,0.04034666666666666,48.7646
2020-04-02,Industrials,-0.009444666666666667,0.6,19,-0.024707999999999987,49.527766666666665
2020-04-03,Industrials,-0.2088713492063492,1.0,44,-0.009444666666666667,39.55643253968254
2020-04-06,Industrials,0.10401600000000003,1.0,46,-0.2088713492063492,55.20080000000001
2020-04-07,Industrials,0.298147,1.0,34,0.10401600000000003,64.90735
2020-04-08,Industrials,0.15880619047619046,1.0,39,0.298147,57.94030952380952
2020-04-09,Industrials,0.025403452380952374,1.0,28,0.15880619047619046,51.270172619047614
2020-04-13,Industrials,0.019677474747474746,1.0,36,0.025403452380952374,50.98387373737374
2020-04-14,Industrials,0.2206103888888889,1.0,31,0.019677474747474746,61.030519444444444
2020-04-15,Industrials,0.00010999999999999899,1.0,18,0.2206103888888889,50.005500000000005
2020-04-16,Industrials,0.12975175757575758,1.0,23,0.00010999999999999899,56.487587878787885
2020-04-17,Industrials,0.03461787878787879,0.6,31,0.12975175757575758,51.73089393939394
2020-04-20,Industrials,0.04901333333333333,0.8,27,0.03461787878787879,52.45066666666667
2020-04-21,Industrials,-0.008876999999999996,1.0,20,0.04901333333333333,49.55615
2020-04-22,Industrials,0.07662666666666668,0.8,15,-0.008876999999999996,53.83133333333333
2020-04-23,Industrials,0.283292,1.0,12,0.07662666666666668,64.1646
2020-04-24,Industrials,0.018203529411764705,0.8,22,0.283292,50.91017647058823
2020-04-27,Industrials,0.11695567676767678,1.0,75,0.018203529411764705,55.84778383838383
2020-04-28,Industrials,0.08195640350877194,1.0,74,0.11695567676767678,54.09782017543859
2020-04-29,Industrials,0.09884649735449735,1.0,68,0.08195640350877194,54.94232486772487
2020-04-30,Industrials,-0.04491717948717948,1.0,21,0.09884649735449735,47.754141025641026
2020-05-01,Industrials,-0.07810254761904763,1.0,45,-0.04491717948717948,46.094872619047614
2020-05-04,Industrials,0.07113238095238095,1.0,35,-0.07810254761904763,53.556619047619044
2020-05-05,Industrials,0.2982255555555556,1.0,31,0.07113238095238095,64.91127777777777
2020-05-06,Industrials,0.06049199999999999,0.8,12,0.2982255555555556,53.0246
2020-05-07,Industrials,0.017405,0.6,14,0.06049199999999999,50.87024999999999
2020-05-08,Industrials,0.0052975000000000105,0.8,12,0.017405,50.264874999999996
2020-05-11,Industrials,0.2866916666666667,1.0,19,0.0052975000000000105,64.33458333333333
2020-05-12,Industrials,0.02477818181818182,0.8,14,0.2866916666666667,51.23890909090909
2020-05-13,Industrials,-0.014755555555555555,1.0,19,0.02477818181818182,49.26222222222222
2020-05-14,Industrials,0.04379055555555556,0.8,27,-0.014755555555555555,52.189527777777776
2020-05-15,Industrials,-0.03289466666666667,1.0,19,0.04379055555555556,48.355266666666665
2020-05-18,Industrials,0.3855335454545455,1.0,26,-0.03289466666666667,69.27667727272727
2020-05-19,Industrials,-0.10176999999999999,0.8,12,0.3855335454545455,44.9115
2020-05-20,Industrials,0.11932666666666665,0.8,8,-0.10176999999999999,55.96633333333333
2020-05-21,Industrials,0.006016666666666667,0.8,9,0.11932666666666665,50.30083333333333
2020-05-22,Industrials,0.06799,0.6,4,0.006016666666666667,53.3995
2020-05-26,Industrials,0.3014,1.0,16,0.06799,65.07000000000001
2020-05-27,Industrials,0.35518857142857146,1.0,27,0.3014,67.75942857142857
2020-05-28,Industrials,0.13117661904761907,1.0,45,0.35518857142857146,56.55883095238096
2020-05-29,Industrials,0.15063333333333334,0.8,13,0.13117661904761907,57.531666666666666
2020-06-01,Industrials,0.11371499999999998,1.0,19,0.15063333333333334,55.68575
2020-06-02,Industrials,0.36593166666666666,1.0,14,0.11371499999999998,68.29658333333333
2020-06-03,Industrials,0.33503710144927534,1.0,37,0.36593166666666666,66.75185507246377
2020-06-04,Industrials,0.08098619047619046,0.8,20,0.33503710144927534,54.04930952380952
2020-06-05,Industrials,0.35077,1.0,25,0.08098619047619046,67.5385
2020-06-08,Industrials,0.07758941176470587,1.0,25,0.35077,53.87947058823529
2020-06-09,Industrials,0.099748,0.8,24,0.07758941176470587,54.987399999999994
2020-06-10,Industrials,0.022053333333333335,0.4,16,0.099748,51.102666666666664
2020-06-11,Industrials,0.10845095238095237,1.0,25,0.022053333333333335,55.42254761904761
2020-06-12,Industrials,-0.05686199999999999,0.8,15,0.10845095238095237,47.1569
2020-06-15,Industrials,0.051806571428571424,0.8,22,-0.05686199999999999,52.59032857142857
2020-06-16,Industrials,0.10653300000000002,0.8,24,0.051806571428571424,55.32665
2020-06-17,Industrials,0.0,0.6,6,0.10653300000000002,50.0
2020-06-18,Industrials,-0.037181,0.6,10,0.0,48.14095
2020-06-19,Industrials,0.08808,0.8,5,-0.037181,54.403999999999996
2020-06-22,Industrials,0.07751333333333332,0.6,6,0.08808,53.87566666666667
2020-06-23,Industrials,0.17159799999999997,1.0,15,0.07751333333333332,58.579899999999995
2020-06-24,Industrials,-0.034453333333333336,1.0,13,0.17159799999999997,48.27733333333333
2020-06-25,Industrials,-0.059824705882352947,0.8,20,-0.034453333333333336,47.008764705882356
2020-06-26,Industrials,0.01019888888888889,0.6,12,-0.059824705882352947,50.50994444444444
2020-06-29,Industrials,0.09094642857142857,0.4,30,0.01019888888888889,54.54732142857143
2020-06-30,Industrials,0.033904000000000004,0.8,20,0.09094642857142857,51.6952
2020-07-01,Industrials,0.15603666666666666,0.6,12,0.033904000000000004,57.80183333333333
2020-07-02,Industrials,0.022302499999999996,0.8,15,0.15603666666666666,51.11512499999999
2020-07-06,Industrials,0.008782727272727272,1.0,16,0.022302499999999996,50.43913636363636
2020-07-07,Industrials,-0.02729714285714286,0.4,8,0.008782727272727272,48.63514285714285
2020-07-08,Industrials,0.134395,1.0,10,-0.02729714285714286,56.719750000000005
2020-07-09,Industrials,0.011333333333333351,0.6,5,0.134395,50.56666666666667
2020-07-10,Industrials,-0.06171714285714287,0.6,9,0.011333333333333351,46.914142857142856
2020-07-13,Industrials,0.13714666666666667,0.8,7,-0.06171714285714287,56.85733333333334
2020-07-14,Industrials,0.09359300000000001,1.0,17,0.13714666666666667,54.67965
2020-07-15,Industrials,0.16625,1.0,8,0.09359300000000001,58.3125
2020-07-16,Industrials,0.0029400000000000003,0.8,9,0.16625,50.147
2020-07-17,Industrials,0.044985000000000004,0.4,5,0.0029400000000000003,52.24925
2020-07-20,Industrials,0.16575818181818183,0.6,14,0.044985000000000004,58.287909090909096
2020-07-21,Industrials,0.05318285714285714,0.4,9,0.16575818181818183,52.65914285714286
2020-07-22,Industrials,-0.0023766666666666715,0.6,14,0.05318285714285714,49.881166666666665
2020-07-23,Industrials,0.2657075,1.0,12,-0.0023766666666666715,63.285375
2020-07-24,Industrials,0.18255000000000002,0.8,14,0.2657075,59.1275
2020-07-27,Industrials,0.12667333333333333,0.8,13,0.18255000000000002,56.33366666666667
2020-07-28,Industrials,0.10083836842105262,0.8,29,0.12667333333333333,55.04191842105263
2020-07-29,Industrials,0.051385256410256416,0.8,40,0.10083836842105262,52.56926282051282
2020-07-30,Industrials,0.0753268376068376,1.0,46,0.051385256410256416,53.76634188034188
2020-07-31,Industrials,-0.010027999999999999,1.0,24,0.0753268376068376,49.498599999999996
2020-08-03,Industrials,-0.11562018181818183,1.0,27,-0.010027999999999999,44.21899090909091
2020-08-04,Industrials,0.04309999999999999,0.6,16,-0.11562018181818183,52.154999999999994
2020-08-05,Industrials,0.12022249999999998,1.0,12,0.04309999999999999,56.01112499999999
2020-08-06,Industrials,0.18303999999999998,0.6,5,0.12022249999999998,59.152
2020-08-07,Industrials,-4.333333333333966e-05,0.8,8,0.18303999999999998,49.99783333333333
2020-08-10,Industrials,0.09539,0.6,10,-4.333333333333966e-05,54.76950000000001
2020-08-11,Industrials,0.020532222222222223,0.6,12,0.09539,51.02661111111111
2020-08-12,Industrials,0.012624999999999997,0.8,11,0.020532222222222223,50.631249999999994
2020-08-13,Industrials,-0.07034,0.6,8,0.012624999999999997,46.483000000000004
2020-08-14,Industrials,0.008364999999999989,1.0,12,-0.07034,50.41825
2020-08-17,Industrials,0.09219999999999999,0.6,11,0.008364999999999989,54.61
2020-08-18,Industrials,0.15602,0.4,8,0.09219999999999999,57.801
2020-08-19,Industrials,0.12709600000000001,0.8,12,0.15602,56.354800000000004
2020-08-20,Industrials,0.1193,0.8,14,0.12709600000000001,55.964999999999996
2020-08-21,Industrials,-0.03522,1.0,14,0.1193,48.239
2020-08-24,Industrials,0.25666500000000003,0.8,16,-0.03522,62.83324999999999
2020-08-25,Industrials,0.1547,1.0,8,0.25666500000000003,57.735
2020-08-26,Industrials,-0.105765,0.8,8,0.1547,44.71175
2020-08-27,Industrials,0.07160333333333332,1.0,20,-0.105765,53.58016666666666
2020-08-28,Industrials,0.03558,0.6,8,0.07160333333333332,51.778999999999996
2020-08-31,Industrials,0.319384,1.0,16,0.03558,65.9692
2020-09-01,Industrials,0.04726,0.6,4,0.319384,52.36300000000001
2020-09-02,Industrials,0.14087333333333335,0.6,8,0.04726,57.04366666666667
2020-09-03,Industrials,0.08002333333333334,0.8,10,0.14087333333333335,54.00116666666667
2020-09-04,Industrials,0.0,0.6,5,0.08002333333333334,50.0
2020-09-08,Industrials,-0.039342,1.0,16,0.0,48.0329
2020-09-09,Industrials,0.11225333333333332,0.6,10,-0.039342,55.61266666666667
2020-09-10,Industrials,0.010679999999999999,0.4,8,0.11225333333333332,50.534
2020-09-11,Industrials,0.022432,0.6,8,0.010679999999999999,51.1216
2020-09-14,Industrials,0.03974,0.6,10,0.022432,51.98700000000001
2020-09-15,Industrials,0.12875333333333333,1.0,12,0.03974,56.437666666666665
2020-09-16,Industrials,0.23273212121212122,0.8,24,0.12875333333333333,61.636606060606056
2020-09-17,Industrials,0.15977113636363635,1.0,27,0.23273212121212122,57.98855681818181
2020-09-18,Industrials,0.20768666666666666,0.8,6,0.15977113636363635,60.38433333333333
2020-09-21,Industrials,0.018131333333333343,0.8,16,0.20768666666666666,50.90656666666666
2020-09-22,Industrials,0.13790333333333332,1.0,12,0.018131333333333343,56.89516666666666
2020-09-23,Industrials,0.16386,0.6,8,0.13790333333333332,58.193000000000005
2020-09-24,Industrials,0.04422333333333332,0.6,11,0.16386,52.211166666666664
2020-09-25,Industrials,0.1589011111111111,0.8,22,0.04422333333333332,57.945055555555555
2020-09-28,Industrials,0.10279039215686274,0.8,28,0.1589011111111111,55.139519607843134
2020-09-29,Industrials,0.11299999999999999,1.0,8,0.10279039215686274,55.65
2020-09-30,Industrials,0.20257966666666666,1.0,19,0.11299999999999999,60.12898333333333
2020-10-01,Industrials,0.29468875,0.8,21,0.20257966666666666,64.7344375
2020-10-02,Industrials,0.02313,0.4,3,0.29468875,51.15650000000001
2020-10-05,Industrials,0.12008495238095236,0.8,17,0.02313,56.00424761904762
2020-10-06,Industrials,-0.006219999999999998,0.6,19,0.12008495238095236,49.689
2020-10-07,Industrials,0.016075555555555548,0.4,12,-0.006219999999999998,50.80377777777778
2020-10-08,Industrials,0.10055999999999998,0.6,9,0.016075555555555548,55.028
2020-10-09,Industrials,0.147898,0.6,12,0.10055999999999998,57.39490000000001
2020-10-12,Industrials,0.1533261904761905,1.0,17,0.147898,57.666309523809524
2020-10-13,Industrials,0.186382,0.8,16,0.1533261904761905,59.319100000000006
2020-10-14,Industrials,0.14747,0.8,8,0.186382,57.3735
2020-10-15,Industrials,0.14697333333333334,1.0,11,0.14747,57.348666666666674
2020-10-16,Industrials,0.1071502564102564,0.6,20,0.14697333333333334,55.357512820512824
2020-10-19,Industrials,0.214345,0.8,19,0.1071502564102564,60.71725
2020-10-20,Industrials,0.062329999999999997,0.6,6,0.214345,53.1165
2020-10-21,Industrials,0.10532,0.8,6,0.062329999999999997,55.266000000000005
2020-10-22,Industrials,-0.041991428571428575,0.6,10,0.10532,47.90042857142857
2020-10-23,Industrials,0.32852,0.8,7,-0.041991428571428575,66.426
2020-10-26,Industrials,0.22682555555555556,1.0,21,0.32852,61.34127777777778
2020-10-27,Industrials,-0.021290256410256413,1.0,42,0.22682555555555556,48.93548717948718
2020-10-28,Industrials,0.13525713636363637,1.0,43,-0.021290256410256413,56.76285681818182
2020-10-29,Industrials,-0.063477,1.0,14,0.13525713636363637,46.82615
2020-10-30,Industrials,0.05957685714285714,0.8,20,-0.063477,52.97884285714286
2020-11-02,Industrials,0.12131750000000001,0.8,19,0.05957685714285714,56.065875
2020-11-03,Industrials,0.16295866666666664,0.8,16,0.12131750000000001,58.147933333333334
2020-11-04,Industrials,0.18168666666666666,0.8,10,0.16295866666666664,59.08433333333334
2020-11-05,Industrials,0.09215666666666666,1.0,12,0.18168666666666666,54.60783333333333
2020-11-06,Industrials,-0.009405714285714285,0.6,11,0.09215666666666666,49.52971428571429
2020-11-09,Industrials,0.2142726666666667,1.0,31,-0.009405714285714285,60.71363333333334
2020-11-10,Industrials,0.11978233333333335,0.8,29,0.2142726666666667,55.989116666666675
2020-11-11,Industrials,0.039290000000000005,1.0,11,0.11978233333333335,51.9645
2020-11-12,Industrials,0.03413333333333333,1.0,14,0.039290000000000005,51.70666666666667
2020-11-13,Industrials,0.09176,1.0,11,0.03413333333333333,54.588
2020-11-16,Industrials,0.1116542857142857,0.8,25,0.09176,55.58271428571429
2020-11-17,Industrials,0.11739000000000002,0.8,9,0.1116542857142857,55.8695
2020-11-18,Industrials,-0.02584111111111111,1.0,26,0.11739000000000002,48.70794444444444
2020-11-19,Industrials,0.019245714285714286,0.6,10,-0.02584111111111111,50.96228571428571
2020-11-20,Industrials,0.059929333333333334,0.6,9,0.019245714285714286,52.99646666666666
2020-11-23,Industrials,0.12892571428571428,1.0,22,0.059929333333333334,56.446285714285715
2020-11-24,Industrials,0.045141190476190474,1.0,28,0.12892571428571428,52.257059523809524
2020-11-25,Industrials,0.22318666666666664,1.0,12,0.045141190476190474,61.15933333333333
2020-11-27,Industrials,0.10518571428571429,0.6,9,0.22318666666666664,55.25928571428571
2020-11-30,Industrials,0.09554457142857144,1.0,16,0.10518571428571429,54.77722857142857
2020-12-01,Industrials,0.034210000000000004,0.8,10,0.09554457142857144,51.7105
2020-12-02,Industrials,-0.001566666666666669,0.6,11,0.034210000000000004,49.92166666666667
2020-12-03,Industrials,0.11542369747899159,1.0,30,-0.001566666666666669,55.77118487394957
2020-12-04,Industrials,0.08516,1.0,14,0.11542369747899159,54.257999999999996
2020-12-07,Industrials,0.06739666666666666,0.8,20,0.08516,53.36983333333334
2020-12-08,Industrials,-0.0016377777777777768,0.8,19,0.06739666666666666,49.918111111111116
2020-12-09,Industrials,-0.04326555555555556,1.0,23,-0.0016377777777777768,47.83672222222222
2020-12-10,Industrials,0.00019066666666667578,1.0,13,-0.04326555555555556,50.00953333333334
2020-12-11,Industrials,-0.07586066666666667,1.0,18,0.00019066666666667578,46.206966666666666
2020-12-14,Industrials,0.09333297619047619,0.8,24,-0.07586066666666667,54.66664880952381
2020-12-15,Industrials,0.19887000000000002,0.8,7,0.09333297619047619,59.94350000000001
2020-12-16,Industrials,0.12286000000000001,0.8,14,0.19887000000000002,56.143
2020-12-17,Industrials,0.1413625,0.6,14,0.12286000000000001,57.068125
2020-12-18,Industrials,0.026724499999999995,0.8,18,0.1413625,51.336225
2020-12-21,Industrials,0.22704149999999998,1.0,38,0.026724499999999995,61.35207499999999
2020-12-22,Industrials,0.11319333333333333,0.8,11,0.22704149999999998,55.659666666666666
2020-12-23,Industrials,0.2863866666666667,0.8,10,0.11319333333333333,64.31933333333333
2020-12-24,Industrials,0.12240999999999999,0.4,4,0.2863866666666667,56.12049999999999
2020-12-28,Industrials,0.19594857142857144,0.8,12,0.12240999999999999,59.79742857142857
2020-12-29,Industrials,0.199215,1.0,20,0.19594857142857144,59.96075
2020-12-30,Industrials,0.072314,1.0,11,0.199215,53.6157
2020-12-31,Industrials,0.10445866666666666,0.8,10,0.072314,55.22293333333334
2021-01-04,Industrials,0.03845277777777778,0.4,13,0.10445866666666666,51.92263888888888
2021-01-05,Industrials,0.07222,0.6,14,0.03845277777777778,53.611
2021-01-06,Industrials,0.17658133333333334,1.0,20,0.07222,58.82906666666666
2021-01-07,Industrials,-0.07347333333333333,1.0,14,0.17658133333333334,46.32633333333334
2021-01-08,Industrials,0.0015688888888888864,1.0,15,-0.07347333333333333,50.07844444444445
2021-01-11,Industrials,0.15615249999999997,0.8,20,0.0015688888888888864,57.807624999999994
2021-01-12,Industrials,0.07617333333333334,0.8,15,0.15615249999999997,53.808666666666674
2021-01-13,Industrials,0.23322363636363636,0.8,15,0.07617333333333334,61.661181818181824
2021-01-14,Industrials,0.16112666666666667,0.6,8,0.23322363636363636,58.056333333333335
2021-01-15,Industrials,0.08051,1.0,11,0.16112666666666667,54.0255
2021-01-19,Industrials,0.029585882352941174,1.0,25,0.08051,51.47929411764706
2021-01-20,Industrials,0.029599999999999998,1.0,12,0.029585882352941174,51.480000000000004
2021-01-21,Industrials,0.008169999999999993,0.4,4,0.029599999999999998,50.408500000000004
2021-01-22,Industrials,0.06634999999999999,0.4,3,0.008169999999999993,53.317499999999995
2021-01-25,Industrials,0.2363,1.0,26,0.06634999999999999,61.815
2021-01-26,Industrials,0.09428766917293233,0.8,38,0.2363,54.71438345864662
2021-01-27,Industrials,0.06298579710144928,0.8,32,0.09428766917293233,53.14928985507247
2021-01-28,Industrials,0.1171835,1.0,20,0.06298579710144928,55.85917499999999
2021-01-29,Industrials,0.10917833333333334,0.8,19,0.1171835,55.45891666666667
2021-02-01,Industrials,-0.04230342857142857,1.0,19,0.10917833333333334,47.88482857142857
2021-02-02,Industrials,0.02530115384615384,0.8,20,-0.04230342857142857,51.26505769230769
2021-02-03,Industrials,0.03704999999999999,0.8,9,0.02530115384615384,51.8525
2021-02-04,Industrials,0.09231,0.6,5,0.03704999999999999,54.6155
2021-02-05,Industrials,-0.015460000000000002,0.8,5,0.09231,49.227
2021-02-08,Industrials,0.17795904761904763,0.8,19,-0.015460000000000002,58.897952380952376
2021-02-09,Industrials,0.05908666666666666,0.8,12,0.17795904761904763,52.95433333333334
2021-02-10,Industrials,0.09015142857142858,0.8,15,0.05908666666666666,54.50757142857143
2021-02-11,Industrials,-0.052669999999999995,0.8,9,0.09015142857142858,47.3665
2021-02-12,Industrials,0.19964666666666667,0.8,11,-0.052669999999999995,59.98233333333334
2021-02-16,Industrials,-0.18483285714285713,0.8,12,0.19964666666666667,40.75835714285714
2021-02-17,Industrials,0.02665714285714286,0.4,9,-0.18483285714285713,51.332857142857144
2021-02-18,Industrials,0.08548428571428571,1.0,14,0.02665714285714286,54.27421428571429
2021-02-19,Industrials,0.21553133333333335,0.8,13,0.08548428571428571,60.77656666666667
2021-02-22,Industrials,0.10063333333333332,1.0,22,0.21553133333333335,55.031666666666666
2021-02-23,Industrials,0.05137333333333334,0.6,9,0.10063333333333332,52.568666666666665
2021-02-24,Industrials,-0.08522166666666668,1.0,21,0.05137333333333334,45.73891666666667
2021-02-25,Industrials,0.11347888888888888,0.8,14,-0.08522166666666668,55.673944444444444
2021-02-26,Industrials,0.011261666666666675,0.6,12,0.11347888888888888,50.56308333333334
2021-03-01,Industrials,-0.04041875,1.0,25,0.011261666666666675,47.979062500000005
2021-03-02,Industrials,0.014700000000000001,0.6,9,-0.04041875,50.735
2021-03-03,Industrials,0.03332714285714286,0.8,16,0.014700000000000001,51.666357142857144
2021-03-04,Industrials,0.061549999999999994,0.8,9,0.03332714285714286,53.0775
2021-03-05,Industrials,0.03994285714285715,0.8,10,0.061549999999999994,51.997142857142855
2021-03-08,Industrials,0.12299833333333332,1.0,23,0.03994285714285715,56.14991666666667
2021-03-09,Industrials,0.08130333333333332,0.6,15,0.12299833333333332,54.06516666666666
2021-03-10,Industrials,0.06894615384615385,0.8,27,0.08130333333333332,53.44730769230769
2021-03-11,Industrials,0.24921733333333335,1.0,21,0.06894615384615385,62.46086666666667
2021-03-12,Industrials,0.13777,0.6,11,0.24921733333333335,56.8885
2021-03-15,Industrials,0.21511333333333332,0.8,14,0.13777,60.75566666666666
2021-03-16,Industrials,-0.007659999999999995,0.6,8,0.21511333333333332,49.617
2021-03-17,Industrials,-0.012004999999999998,0.8,7,-0.007659999999999995,49.39975
2021-03-18,Industrials,-0.09712999999999998,1.0,14,-0.012004999999999998,45.1435
2021-03-19,Industrials,-0.060149999999999995,0.4,3,-0.09712999999999998,46.9925
2021-03-22,Industrials,0.05023999999999999,0.8,8,-0.060149999999999995,52.512
2021-03-23,Industrials,0.11825000000000001,0.8,6,0.05023999999999999,55.9125
2021-03-24,Industrials,0.09499333333333333,0.8,8,0.11825000000000001,54.74966666666666
2021-03-25,Industrials,-0.068,0.6,5,0.09499333333333333,46.599999999999994
2021-03-26,Industrials,0.07932142857142857,0.4,11,-0.068,53.966071428571425
2021-03-29,Industrials,0.22221033333333332,1.0,22,0.07932142857142857,61.11051666666667
2021-03-30,Industrials,0.16586666666666666,0.8,10,0.22221033333333332,58.29333333333333
2021-03-31,Industrials,0.06729833333333332,0.6,11,0.16586666666666666,53.36491666666666
2021-04-01,Industrials,0.08703333333333332,0.8,8,0.06729833333333332,54.35166666666667
2021-04-05,Industrials,0.169832,0.8,14,0.08703333333333332,58.4916
2021-04-06,Industrials,-0.007865,1.0,13,0.169832,49.60675
2021-04-07,Industrials,0.06357333333333333,0.8,9,-0.007865,53.178666666666665
2021-04-08,Industrials,0.06529333333333333,0.8,6,0.06357333333333333,53.26466666666667
2021-04-09,Industrials,0.18125761904761906,1.0,16,0.06529333333333333,59.06288095238095
2021-04-12,Industrials,0.13004,0.6,6,0.18125761904761906,56.501999999999995
2021-04-13,Industrials,0.265575,0.6,7,0.13004,63.27875
2021-04-14,Industrials,0.08647166666666666,0.8,13,0.265575,54.32358333333334
2021-04-15,Industrials,0.15460000000000002,0.6,6,0.08647166666666666,57.730000000000004
2021-04-16,Industrials,0.00632666666666667,0.6,8,0.15460000000000002,50.31633333333333
2021-04-19,Industrials,0.15152700000000002,0.8,13,0.00632666666666667,57.57635
2021-04-20,Industrials,-0.021778181818181818,0.8,16,0.15152700000000002,48.91109090909091
2021-04-21,Industrials,0.03623666666666666,1.0,8,-0.021778181818181818,51.81183333333333
2021-04-22,Industrials,0.09017,1.0,10,0.03623666666666666,54.508500000000005
2021-04-23,Industrials,0.061919999999999996,0.6,10,0.09017,53.096
2021-04-26,Industrials,0.06953333333333332,0.6,14,0.061919999999999996,53.47666666666666
2021-04-27,Industrials,0.1168425992063492,0.8,52,0.06953333333333332,55.84212996031746
2021-04-28,Industrials,-0.015243368421052627,1.0,31,0.1168425992063492,49.237831578947365
2021-04-29,Industrials,0.005193461538461541,1.0,21,-0.015243368421052627,50.25967307692307
2021-04-30,Industrials,0.04303600000000001,0.8,10,0.005193461538461541,52.1518
2021-05-03,Industrials,0.029850476190476188,1.0,15,0.04303600000000001,51.4925238095238
2021-05-04,Industrials,0.100888,0.8,16,0.029850476190476188,55.0444
2021-05-05,Industrials,0.19239699999999998,1.0,25,0.100888,59.61985
2021-05-06,Industrials,0.19809000000000002,0.8,8,0.19239699999999998,59.904500000000006
2021-05-07,Industrials,0.019579999999999997,0.6,9,0.19809000000000002,50.979
2021-05-10,Industrials,0.19173,0.8,7,0.019579999999999997,59.5865
2021-05-11,Industrials,0.04725750000000001,0.6,13,0.19173,52.362874999999995
2021-05-12,Industrials,0.08220857142857144,1.0,13,0.04725750000000001,54.11042857142857
2021-05-13,Industrials,0.07377,0.6,13,0.08220857142857144,53.688500000000005
2021-05-14,Industrials,0.030299999999999994,0.4,7,0.07377,51.515
2021-05-17,Industrials,0.15174142857142858,0.8,11,0.030299999999999994,57.58707142857142
2021-05-18,Industrials,0.007116,1.0,11,0.15174142857142858,50.355799999999995
2021-05-19,Industrials,0.029969999999999997,0.4,6,0.007116,51.4985
2021-05-20,Industrials,0.13894,0.6,3,0.029969999999999997,56.947
2021-05-21,Industrials,0.16063,0.4,4,0.13894,58.0315
2021-05-24,Industrials,0.145455,0.6,7,0.16063,57.27275
2021-05-25,Industrials,0.0,0.4,2,0.145455,50.0
2021-05-26,Industrials,0.03629666666666666,0.6,7,0.0,51.81483333333333
2021-05-27,Industrials,0.07439777777777777,0.8,15,0.03629666666666666,53.71988888888889
2021-05-28,Industrials,0.07224,0.8,4,0.07439777777777777,53.612
2021-06-01,Industrials,0.14226,0.8,9,0.07224,57.113
2021-06-02,Industrials,0.04078,0.4,2,0.14226,52.039
2021-06-03,Industrials,0.17161333333333334,0.8,9,0.04078,58.58066666666667
2021-06-04,Industrials,0.13876,0.8,9,0.17161333333333334,56.938
2021-06-07,Industrials,0.23135500000000003,0.8,7,0.13876,61.56775
2021-06-08,Industrials,0.056909999999999995,0.6,5,0.23135500000000003,52.8455
2021-06-09,Industrials,0.09079000000000001,0.8,10,0.056909999999999995,54.5395
2021-06-10,Industrials,0.11079333333333334,0.8,8,0.09079000000000001,55.53966666666666
2021-06-11,Industrials,0.2827,0.6,5,0.11079333333333334,64.13499999999999
2021-06-14,Industrials,0.06364,0.6,5,0.2827,53.181999999999995
2021-06-15,Industrials,-0.009253333333333332,0.6,7,0.06364,49.537333333333336
2021-06-16,Industrials,0.190915,0.6,6,-0.009253333333333332,59.54575
2021-06-17,Industrials,0.0,0.6,6,0.190915,50.0
2021-06-18,Industrials,0.013140000000000002,0.6,4,0.0,50.657
2021-06-21,Industrials,0.12130999999999999,0.6,14,0.013140000000000002,56.0655
2021-06-22,Industrials,-0.07773000000000001,0.6,6,0.12130999999999999,46.1135
2021-06-23,Industrials,0.04404,0.6,5,-0.07773000000000001,52.202000000000005
2021-06-24,Industrials,0.013486666666666666,0.6,7,0.04404,50.67433333333333
2021-06-25,Industrials,0.0167,0.6,6,0.013486666666666666,50.834999999999994
2021-06-28,Industrials,0.10276,0.4,7,0.0167,55.138
2021-06-29,Industrials,0.17492000000000002,0.8,6,0.10276,58.745999999999995
2021-06-30,Industrials,0.030506666666666665,0.6,5,0.17492000000000002,51.525333333333336
2021-07-01,Industrials,0.15716999999999998,0.6,7,0.030506666666666665,57.8585
2021-07-02,Industrials,0.011380000000000001,0.6,3,0.15716999999999998,50.568999999999996
2021-07-06,Industrials,0.0013400000000000005,0.4,4,0.011380000000000001,50.06699999999999
2021-07-07,Industrials,0.12584666666666666,0.4,4,0.0013400000000000005,56.29233333333333
2021-07-08,Industrials,0.08714,0.4,4,0.12584666666666666,54.357
2021-07-09,Industrials,0.04166,0.8,7,0.08714,52.083
2021-07-12,Industrials,0.16555999999999998,0.6,5,0.04166,58.278
2021-07-13,Industrials,-0.08556,0.6,3,0.16555999999999998,45.722
2021-07-14,Industrials,0.04404,0.6,5,-0.08556,52.202000000000005
2021-07-15,Industrials,0.0,0.8,4,0.04404,50.0
2021-07-16,Industrials,0.07506,0.4,3,0.0,53.75299999999999
2021-07-19,Industrials,0.058589999999999996,0.8,11,0.07506,52.9295
2021-07-20,Industrials,0.0,0.2,1,0.058589999999999996,50.0
2021-07-21,Industrials,0.059250000000000004,0.6,7,0.0,52.9625
2021-07-22,Industrials,0.05447500000000001,0.6,6,0.059250000000000004,52.72375
2021-07-23,Industrials,0.07255500000000001,0.6,8,0.05447500000000001,53.62775
2021-07-26,Industrials,-0.030856666666666664,0.6,14,0.07255500000000001,48.457166666666666
2021-07-27,Industrials,0.05881650793650793,0.6,31,-0.030856666666666664,52.940825396825396
2021-07-28,Industrials,0.13990666666666668,0.4,4,0.05881650793650793,56.995333333333335
2021-07-29,Industrials,0.11099,0.6,8,0.13990666666666668,55.549499999999995
2021-07-30,Industrials,0.07154200000000001,0.6,15,0.11099,53.5771
2021-08-02,Industrials,0.08247333333333333,0.6,17,0.07154200000000001,54.12366666666667
2021-08-03,Industrials,0.02023,0.2,2,0.08247333333333333,51.0115
2021-08-04,Industrials,0.09478,0.6,3,0.02023,54.739000000000004
2021-08-05,Industrials,0.141575,0.8,10,0.09478,57.07875
2021-08-06,Industrials,0.002930000000000002,0.2,4,0.141575,50.1465
2021-08-09,Industrials,0.16569333333333333,0.6,5,0.002930000000000002,58.28466666666666
2021-08-10,Industrials,0.07267333333333334,0.6,7,0.16569333333333333,53.63366666666667
2021-08-11,Industrials,-0.06555400000000002,0.8,13,0.07267333333333334,46.7223
2021-08-12,Industrials,0.0,0.4,2,-0.06555400000000002,50.0
2021-08-13,Industrials,-0.029599999999999998,0.4,3,0.0,48.52
2021-08-16,Industrials,0.04722499999999998,0.8,10,-0.029599999999999998,52.361250000000005
2021-08-17,Industrials,0.11148,0.6,3,0.04722499999999998,55.574
2021-08-18,Industrials,-0.025280000000000014,0.8,8,0.11148,48.736000000000004
2021-08-19,Industrials,0.04215,0.4,3,-0.025280000000000014,52.107499999999995
2021-08-20,Industrials,-0.15689999999999998,0.6,5,0.04215,42.155
2021-08-23,Industrials,0.14681333333333332,0.6,6,-0.15689999999999998,57.340666666666664
2021-08-24,Industrials,0.2178,0.8,6,0.14681333333333332,60.89
2021-08-25,Industrials,0.0363,0.6,6,0.2178,51.815
2021-08-26,Industrials,0.0,0.8,5,0.0363,50.0
2021-08-27,Industrials,0.09516166666666667,0.4,10,0.0,54.75808333333333
2021-08-30,Industrials,0.03720666666666667,0.6,6,0.09516166666666667,51.86033333333333
2021-08-31,Industrials,0.12675,0.4,5,0.03720666666666667,56.3375
2021-09-01,Industrials,0.0,0.4,2,0.12675,50.0
2021-09-02,Industrials,0.0046899999999999945,0.6,4,0.0,50.234500000000004
2021-09-03,Industrials,0.018819999999999996,0.6,9,0.0046899999999999945,50.941
2021-09-07,Industrials,0.159808,0.8,10,0.018819999999999996,57.990399999999994
2021-09-08,Industrials,0.15654666666666667,0.6,6,0.159808,57.82733333333333
2021-09-09,Industrials,0.0,0.4,2,0.15654666666666667,50.0
2021-09-10,Industrials,-0.02471,0.8,7,0.0,48.7645
2021-09-13,Industrials,0.060873333333333335,0.6,7,-0.02471,53.04366666666667
2021-09-14,Industrials,0.019733333333333332,0.6,5,0.060873333333333335,50.98666666666667
2021-09-15,Industrials,-0.009750000000000003,0.6,4,0.019733333333333332,49.512499999999996
2021-09-16,Industrials,0.02679333333333333,0.4,4,-0.009750000000000003,51.33966666666666
2021-09-17,Industrials,0.0,0.4,2,0.02679333333333333,50.0
2021-09-20,Industrials,-0.002529999999999993,0.8,11,0.0,49.8735
2021-09-21,Industrials,-0.02263,0.6,4,-0.002529999999999993,48.8685
2021-09-22,Industrials,0.029360000000000004,0.8,7,-0.02263,51.468
2021-09-23,Industrials,0.26409333333333335,0.8,10,0.029360000000000004,63.20466666666667
2021-09-24,Industrials,0.0128,0.6,7,0.26409333333333335,50.63999999999999
2021-09-27,Industrials,0.042776,0.8,12,0.0128,52.138799999999996
2021-09-28,Industrials,0.05736666666666666,0.2,3,0.042776,52.868333333333325
2021-09-29,Industrials,0.0843,0.4,3,0.05736666666666666,54.215
2021-09-30,Industrials,0.13932666666666665,0.8,8,0.0843,56.96633333333333
2021-10-01,Industrials,0.0843,0.4,2,0.13932666666666665,54.215
2021-10-04,Industrials,0.096746,0.8,9,0.0843,54.8373
2021-10-05,Industrials,0.019733333333333332,0.8,7,0.096746,50.98666666666667
2021-10-06,Industrials,-0.143421,0.6,11,0.019733333333333332,42.82895
2021-10-07,Industrials,0.0,0.2,1,-0.143421,50.0
2021-10-08,Industrials,0.03917,0.4,3,0.0,51.958499999999994
2021-10-11,Industrials,0.37551999999999996,0.8,4,0.03917,68.776
2021-10-12,Industrials,0.0,0.2,1,0.37551999999999996,50.0
2021-10-13,Industrials,0.0965,0.8,7,0.0,54.825
2021-10-14,Industrials,0.14743,0.6,5,0.0965,57.3715
2021-10-15,Industrials,0.080905,0.4,5,0.14743,54.04525
2021-10-18,Industrials,0.12445333333333333,0.8,7,0.080905,56.22266666666667
2021-10-19,Industrials,0.06774666666666666,0.6,8,0.12445333333333333,53.38733333333333
2021-10-20,Industrials,0.02940000000000001,0.8,5,0.06774666666666666,51.470000000000006
2021-10-21,Industrials,0.05244,0.8,11,0.02940000000000001,52.622
2021-10-22,Industrials,0.062490000000000004,0.6,4,0.05244,53.1245
2021-10-25,Industrials,0.030143333333333345,0.8,11,0.062490000000000004,51.50716666666667
2021-10-26,Industrials,0.05543866666666667,0.8,37,0.030143333333333345,52.77193333333333
2021-10-27,Industrials,0.011033333333333329,0.8,12,0.05543866666666667,50.55166666666666
2021-10-28,Industrials,0.14222581818181818,0.8,22,0.011033333333333329,57.111290909090904
2021-10-29,Industrials,0.01261,0.6,11,0.14222581818181818,50.6305
2021-11-01,Industrials,0.042460000000000005,0.2,3,0.01261,52.123
2021-11-02,Industrials,0.02459,0.6,4,0.042460000000000005,51.229499999999994
2021-11-03,Industrials,0.05423,0.6,6,0.02459,52.7115
2021-11-04,Industrials,-0.024639999999999995,0.4,3,0.05423,48.768
2021-11-05,Industrials,0.15969333333333333,0.4,4,-0.024639999999999995,57.98466666666666
2021-11-08,Industrials,0.009496666666666664,0.8,13,0.15969333333333333,50.474833333333336
2021-11-09,Industrials,0.07014625,0.8,22,0.009496666666666664,53.507312500000005
2021-11-10,Industrials,-0.09635166666666668,0.8,16,0.07014625,45.18241666666666
2021-11-11,Industrials,0.133815,0.8,8,-0.09635166666666668,56.69075
2021-11-12,Industrials,0.27281,0.8,5,0.133815,63.6405
2021-11-15,Industrials,0.22657500000000003,0.8,9,0.27281,61.32875
2021-11-16,Industrials,0.070465,0.8,11,0.22657500000000003,53.52325
2021-11-17,Industrials,0.07259333333333333,0.8,10,0.070465,53.629666666666665
2021-11-18,Industrials,0.05469999999999999,0.4,3,0.07259333333333333,52.735
2021-11-19,Industrials,-0.08885000000000001,0.4,3,0.05469999999999999,45.5575
2021-11-22,Industrials,0.091125,0.8,7,-0.08885000000000001,54.55624999999999
2021-11-23,Industrials,0.04576,0.4,3,0.091125,52.288000000000004
2021-11-24,Industrials,0.0,0.6,4,0.04576,50.0
2021-11-26,Industrials,0.016,0.4,5,0.0,50.8
2021-11-29,Industrials,0.02026,0.8,5,0.016,51.013
2021-11-30,Industrials,0.04284666666666667,0.4,5,0.02026,52.14233333333333
2021-12-01,Industrials,-0.08699,0.6,4,0.04284666666666667,45.6505
2021-12-02,Industrials,-0.0025499999999999993,0.6,5,-0.08699,49.872499999999995
2021-12-03,Industrials,0.12738,0.6,4,-0.0025499999999999993,56.369
2021-12-06,Industrials,0.11961733333333333,0.4,8,0.12738,55.980866666666664
2021-12-07,Industrials,0.13554,0.8,6,0.11961733333333333,56.777
2021-12-08,Industrials,-0.020325,0.6,6,0.13554,48.98375
2021-12-09,Industrials,0.12252999999999999,0.6,4,-0.020325,56.1265
2021-12-10,Industrials,0.06704666666666667,0.4,4,0.12252999999999999,53.352333333333334
2021-12-13,Industrials,-0.021665,0.6,10,0.06704666666666667,48.91675
2021-12-14,Industrials,0.13813,0.8,9,-0.021665,56.9065
2021-12-15,Industrials,0.035264444444444445,0.8,14,0.13813,51.763222222222225
2021-12-16,Industrials,-0.027255,1.0,19,0.035264444444444445,48.63725
2021-12-17,Industrials,0.03994628571428572,0.8,14,-0.027255,51.99731428571429
2021-12-20,Industrials,0.019167499999999983,1.0,17,0.03994628571428572,50.958375000000004
2021-12-21,Industrials,0.11805533333333333,0.8,15,0.019167499999999983,55.90276666666667
2021-12-22,Industrials,0.26861999999999997,0.8,6,0.11805533333333333,63.43099999999999
2021-12-23,Industrials,0.019932,0.6,7,0.26861999999999997,50.9966
2021-12-27,Industrials,0.214532,0.8,11,0.019932,60.7266
2021-12-28,Industrials,-0.036004999999999995,0.6,10,0.214532,48.19975
2021-12-29,Industrials,0.07848999999999999,0.6,8,-0.036004999999999995,53.924499999999995
2021-12-30,Industrials,0.0843,0.8,4,0.07848999999999999,54.215
2021-12-31,Industrials,0.0,0.4,2,0.0843,50.0
2022-01-03,Industrials,0.24409,1.0,10,0.0,62.204499999999996
2022-01-04,Industrials,0.13146,0.8,10,0.24409,56.57299999999999
2022-01-05,Industrials,0.06679333333333334,0.6,8,0.13146,53.339666666666666
2022-01-06,Industrials,0.02023,0.6,10,0.06679333333333334,51.0115
2022-01-07,Industrials,0.063317,0.8,13,0.02023,53.165850000000006
2022-01-10,Industrials,0.1759342857142857,1.0,16,0.063317,58.79671428571429
2022-01-11,Industrials,0.070588,0.8,14,0.1759342857142857,53.5294
2022-01-12,Industrials,0.24956833333333334,0.8,10,0.070588,62.47841666666667
2022-01-13,Industrials,0.012739999999999996,0.6,12,0.24956833333333334,50.637
2022-01-14,Industrials,0.19151555555555558,0.8,16,0.012739999999999996,59.57577777777778
2022-01-18,Industrials,0.06635179487179486,1.0,22,0.19151555555555558,53.31758974358974
2022-01-19,Industrials,0.079128,0.6,15,0.06635179487179486,53.9564
2022-01-20,Industrials,0.16089933333333334,1.0,16,0.079128,58.04496666666667
2022-01-21,Industrials,0.017616,0.8,15,0.16089933333333334,50.8808
2022-01-24,Industrials,0.149028,1.0,25,0.017616,57.4514
2022-01-25,Industrials,0.10481539969834089,1.0,43,0.149028,55.24076998491705
2022-01-26,Industrials,0.0781668115942029,1.0,31,0.10481539969834089,53.90834057971014
2022-01-27,Industrials,0.17101899999999998,0.8,20,0.0781668115942029,58.55095
2022-01-28,Industrials,0.1273485,1.0,33,0.17101899999999998,56.367425000000004
2022-01-31,Industrials,0.16099541666666667,1.0,24,0.1273485,58.04977083333333
2022-02-01,Industrials,-0.007092105263157894,0.8,28,0.16099541666666667,49.64539473684211
2022-02-02,Industrials,0.08657833333333334,0.8,12,-0.007092105263157894,54.32891666666667
2022-02-03,Industrials,0.119354,0.8,9,0.08657833333333334,55.9677
2022-02-04,Industrials,0.23710000000000003,0.6,5,0.119354,61.855000000000004
2022-02-07,Industrials,0.21522000000000002,0.8,12,0.23710000000000003,60.760999999999996
2022-02-08,Industrials,0.013299999999999989,0.8,19,0.21522000000000002,50.665000000000006
2022-02-09,Industrials,0.04046,0.4,3,0.013299999999999989,52.022999999999996
2022-02-10,Industrials,0.022134,1.0,14,0.04046,51.106700000000004
2022-02-11,Industrials,0.08159666666666668,1.0,9,0.022134,54.07983333333334
2022-02-14,Industrials,-0.07985833333333334,0.8,17,0.08159666666666668,46.007083333333334
2022-02-15,Industrials,0.10735666666666668,0.6,12,-0.07985833333333334,55.36783333333334
2022-02-16,Industrials,0.04894285714285714,0.8,13,0.10735666666666668,52.44714285714286
2022-02-17,Industrials,0.058735,1.0,16,0.04894285714285714,52.936749999999996
2022-02-18,Industrials,0.030375000000000003,1.0,12,0.058735,51.518750000000004
2022-02-22,Industrials,0.045742500000000005,0.8,15,0.030375000000000003,52.287125
2022-02-23,Industrials,-0.06950999999999999,0.8,9,0.045742500000000005,46.5245
2022-02-24,Industrials,0.04623666666666667,0.8,11,-0.06950999999999999,52.31183333333333
2022-02-25,Industrials,0.038463333333333335,1.0,14,0.04623666666666667,51.92316666666667
2022-02-28,Industrials,0.145776,0.8,10,0.038463333333333335,57.288799999999995
2022-03-01,Industrials,0.11884733333333335,0.8,16,0.145776,55.942366666666665
2022-03-02,Industrials,0.10385533333333333,0.8,21,0.11884733333333335,55.19276666666667
2022-03-03,Industrials,0.13957666666666665,0.8,20,0.10385533333333333,56.978833333333334
2022-03-04,Industrials,0.13381666666666664,1.0,11,0.13957666666666665,56.69083333333334
2022-03-07,Industrials,0.14560333333333336,0.8,15,0.13381666666666664,57.280166666666666
2022-03-08,Industrials,-0.0048099999999999974,1.0,13,0.14560333333333336,49.7595
2022-03-09,Industrials,0.14688380952380953,1.0,18,-0.0048099999999999974,57.344190476190484
2022-03-10,Industrials,-0.03280285714285714,1.0,19,0.14688380952380953,48.359857142857145
2022-03-11,Industrials,0.11408,1.0,10,-0.03280285714285714,55.704
2022-03-14,Industrials,0.27364,1.0,12,0.11408,63.681999999999995
2022-03-15,Industrials,0.14221333333333336,0.8,12,0.27364,57.11066666666667
2022-03-16,Industrials,0.008906190476190476,0.6,18,0.14221333333333336,50.44530952380952
2022-03-17,Industrials,0.16920363636363636,0.8,18,0.008906190476190476,58.46018181818182
2022-03-18,Industrials,-0.016052820512820504,0.6,18,0.16920363636363636,49.19735897435898
2022-03-21,Industrials,0.030477999999999995,1.0,42,-0.016052820512820504,51.5239
2022-03-22,Industrials,-0.12652666666666668,0.8,9,0.030477999999999995,43.67366666666667
2022-03-23,Industrials,0.0054066666666666655,0.6,10,-0.12652666666666668,50.270333333333326
2022-03-24,Industrials,-0.035565714285714284,0.6,9,0.0054066666666666655,48.221714285714285
2022-03-25,Industrials,0.19724,0.8,17,-0.035565714285714284,59.862
2022-03-28,Industrials,0.17419333333333334,0.8,16,0.19724,58.70966666666667
2022-03-29,Industrials,0.12603266666666668,1.0,14,0.17419333333333334,56.301633333333335
2022-03-30,Industrials,0.3025822222222222,0.8,16,0.12603266666666668,65.1291111111111
2022-03-31,Industrials,0.20839333333333335,1.0,9,0.3025822222222222,60.41966666666667
2022-04-01,Industrials,-0.043424,0.8,11,0.20839333333333335,47.8288
2022-04-04,Industrials,0.150995,1.0,15,-0.043424,57.54975
2022-04-05,Industrials,0.025967619047619052,1.0,17,0.150995,51.29838095238095
2022-04-06,Industrials,0.107702,0.8,19,0.025967619047619052,55.3851
2022-04-07,Industrials,0.05160285714285714,0.8,11,0.107702,52.58014285714285
2022-04-08,Industrials,0.074775,0.6,8,0.05160285714285714,53.73875
2022-04-11,Industrials,0.022772222222222225,0.8,17,0.074775,51.13861111111111
2022-04-12,Industrials,0.06599066666666667,0.8,10,0.022772222222222225,53.299533333333336
2022-04-13,Industrials,0.01094,0.6,5,0.06599066666666667,50.547
2022-04-14,Industrials,0.06582,0.6,4,0.01094,53.291
2022-04-18,Industrials,0.032100000000000004,0.8,8,0.06582,51.605000000000004
2022-04-19,Industrials,0.05134799999999999,0.8,10,0.032100000000000004,52.5674
2022-04-20,Industrials,0.10845400000000001,1.0,14,0.05134799999999999,55.422700000000006
2022-04-21,Industrials,0.2278,1.0,12,0.10845400000000001,61.39
2022-04-22,Industrials,-0.08736000000000001,1.0,11,0.2278,45.632
2022-04-25,Industrials,0.16140285714285713,1.0,24,-0.08736000000000001,58.07014285714286
2022-04-26,Industrials,-0.023898813852813852,1.0,60,0.16140285714285713,48.80505930735931
2022-04-27,Industrials,0.05259499999999999,1.0,31,-0.023898813852813852,52.629749999999994
2022-04-28,Industrials,0.043520714285714295,1.0,23,0.05259499999999999,52.17603571428572
2022-04-29,Industrials,0.2221973333333333,1.0,18,0.043520714285714295,61.10986666666667
2022-05-02,Industrials,0.06344066666666666,1.0,14,0.2221973333333333,53.17203333333333
2022-05-03,Industrials,0.23399999999999999,0.8,7,0.06344066666666666,61.7
2022-05-04,Industrials,0.11836666666666666,1.0,8,0.23399999999999999,55.91833333333334
2022-05-05,Industrials,0.0011606666666666653,1.0,18,0.11836666666666666,50.05803333333333
2022-05-06,Industrials,0.09739999999999999,0.6,3,0.0011606666666666653,54.87
2022-05-09,Industrials,0.1487765,1.0,17,0.09739999999999999,57.438825
2022-05-10,Industrials,0.042471666666666665,0.8,12,0.1487765,52.123583333333336
2022-05-11,Industrials,0.0881952380952381,1.0,16,0.042471666666666665,54.4097619047619
2022-05-12,Industrials,0.11331333333333334,0.8,11,0.0881952380952381,55.66566666666667
2022-05-13,Industrials,0.04651266666666667,0.8,11,0.11331333333333334,52.32563333333333
2022-05-16,Industrials,0.137495,1.0,9,0.04651266666666667,56.87475
2022-05-17,Industrials,0.11529199999999999,1.0,14,0.137495,55.764599999999994
2022-05-18,Industrials,0.00029333333333333436,1.0,16,0.11529199999999999,50.01466666666666
2022-05-19,Industrials,0.19797666666666666,0.6,9,0.00029333333333333436,59.898833333333336
2022-05-20,Industrials,0.08522611111111111,0.6,16,0.19797666666666666,54.26130555555555
2022-05-23,Industrials,0.12813166666666667,0.8,10,0.08522611111111111,56.40658333333334
2022-05-24,Industrials,0.255668,0.6,7,0.12813166666666667,62.7834
2022-05-25,Industrials,0.20750533333333335,0.8,11,0.255668,60.37526666666667
2022-05-26,Industrials,0.05842333333333334,0.8,14,0.20750533333333335,52.921166666666664
2022-05-27,Industrials,0.12723666666666666,1.0,9,0.05842333333333334,56.36183333333334
2022-05-31,Industrials,0.298388,0.8,11,0.12723666666666666,64.91940000000001
2022-06-01,Industrials,0.238698,1.0,13,0.298388,61.934900000000006
2022-06-02,Industrials,0.038462666666666666,0.8,14,0.238698,51.92313333333334
2022-06-03,Industrials,0.08422666666666666,0.6,8,0.038462666666666666,54.211333333333336
2022-06-06,Industrials,0.016852000000000006,0.8,12,0.08422666666666666,50.842600000000004
2022-06-07,Industrials,0.32036000000000003,1.0,8,0.016852000000000006,66.018
2022-06-08,Industrials,0.003510000000000002,0.8,7,0.32036000000000003,50.17549999999999
2022-06-09,Industrials,0.21109383333333334,0.8,19,0.003510000000000002,60.55469166666667
2022-06-10,Industrials,0.037685,0.6,10,0.21109383333333334,51.88425
2022-06-13,Industrials,-0.012410000000000004,1.0,20,0.037685,49.3795
2022-06-14,Industrials,0.18406466666666668,1.0,14,-0.012410000000000004,59.20323333333334
2022-06-15,Industrials,0.17115181818181818,1.0,18,0.18406466666666668,58.557590909090905
2022-06-16,Industrials,0.074234,1.0,17,0.17115181818181818,53.71169999999999
2022-06-17,Industrials,0.14329,0.6,9,0.074234,57.1645
2022-06-21,Industrials,0.18726833333333331,1.0,18,0.14329,59.363416666666666
2022-06-22,Industrials,-0.030042777777777797,1.0,19,0.18726833333333331,48.49786111111111
2022-06-23,Industrials,0.130004,1.0,17,-0.030042777777777797,56.5002
2022-06-24,Industrials,0.0032333333333333324,0.6,6,0.130004,50.16166666666667
2022-06-27,Industrials,0.12119071428571429,1.0,24,0.0032333333333333324,56.059535714285715
2022-06-28,Industrials,0.046588571428571424,1.0,13,0.12119071428571429,52.32942857142857
2022-06-29,Industrials,0.17250666666666667,1.0,13,0.046588571428571424,58.62533333333333
2022-06-30,Industrials,0.2588933333333333,0.8,10,0.17250666666666667,62.94466666666667
2022-07-01,Industrials,0.05158,0.6,8,0.2588933333333333,52.579
2022-07-05,Industrials,0.167485,0.8,17,0.05158,58.37425
2022-07-06,Industrials,0.153915,1.0,11,0.167485,57.695750000000004
2022-07-07,Industrials,0.0772725,1.0,18,0.153915,53.863625000000006
2022-07-08,Industrials,0.08492000000000001,0.8,10,0.0772725,54.246
2022-07-11,Industrials,0.12595666666666666,0.8,10,0.08492000000000001,56.29783333333334
2022-07-12,Industrials,0.064636,0.8,14,0.12595666666666666,53.23179999999999
2022-07-13,Industrials,0.18887666666666666,1.0,14,0.064636,59.44383333333333
2022-07-14,Industrials,0.14362333333333333,1.0,9,0.18887666666666666,57.18116666666666
2022-07-15,Industrials,-0.01765333333333333,0.8,13,0.14362333333333333,49.117333333333335
2022-07-18,Industrials,0.09538400000000001,0.6,28,-0.01765333333333333,54.7692
2022-07-19,Industrials,0.12208,0.8,9,0.09538400000000001,56.104
2022-07-20,Industrials,0.06999428571428572,0.8,12,0.12208,53.49971428571428
2022-07-21,Industrials,-0.00765666666666667,0.6,7,0.06999428571428572,49.61716666666667
2022-07-22,Industrials,0.03432,0.8,7,-0.00765666666666667,51.715999999999994
2022-07-25,Industrials,0.024085714285714287,0.6,16,0.03432,51.20428571428571
2022-07-26,Industrials,0.12473948412698413,0.8,44,0.024085714285714287,56.23697420634921
2022-07-27,Industrials,0.0,0.4,2,0.12473948412698413,50.0
2022-07-28,Industrials,0.04776476190476191,0.6,11,0.0,52.388238095238094
2022-07-29,Industrials,0.08038,0.4,3,0.04776476190476191,54.01899999999999
2022-08-01,Industrials,0.174929,0.8,15,0.08038,58.74645
2022-08-02,Industrials,-0.0007046153846153813,0.8,19,0.174929,49.96476923076923
2022-08-03,Industrials,0.07549333333333333,0.4,4,-0.0007046153846153813,53.77466666666667
2022-08-04,Industrials,0.0,0.4,4,0.07549333333333333,50.0
2022-08-05,Industrials,0.035645,0.6,6,0.0,51.78225
2022-08-08,Industrials,0.15710000000000002,0.6,8,0.035645,57.855000000000004
2022-08-09,Industrials,-0.019219999999999998,0.8,7,0.15710000000000002,49.039
2022-08-10,Industrials,0.06518166666666667,0.6,8,-0.019219999999999998,53.259083333333336
2022-08-11,Industrials,0.04873,0.6,6,0.06518166666666667,52.436499999999995
2022-08-12,Industrials,0.16574666666666665,0.6,7,0.04873,58.287333333333336
2022-08-15,Industrials,0.26516,0.8,6,0.16574666666666665,63.258
2022-08-16,Industrials,-0.12504,0.8,4,0.26516,43.748
2022-08-17,Industrials,0.017570000000000002,0.6,5,-0.12504,50.8785
2022-08-18,Industrials,0.013026666666666686,0.8,6,0.017570000000000002,50.65133333333334
2022-08-19,Industrials,0.03818,0.6,7,0.013026666666666686,51.909000000000006
2022-08-22,Industrials,0.15896095238095237,0.8,13,0.03818,57.948047619047614
2022-08-23,Industrials,0.10846,0.6,3,0.15896095238095237,55.423
2022-08-24,Industrials,0.1059,0.8,7,0.10846,55.295
2022-08-25,Industrials,0.11928000000000001,0.6,5,0.1059,55.964000000000006
2022-08-26,Industrials,-0.023903333333333325,0.6,7,0.11928000000000001,48.804833333333335
2022-08-29,Industrials,0.034608,0.8,11,-0.023903333333333325,51.730399999999996
2022-08-30,Industrials,0.142605,0.8,11,0.034608,57.130250000000004
2022-08-31,Industrials,0.11480666666666665,0.6,6,0.142605,55.74033333333334
2022-09-01,Industrials,0.181505,0.8,11,0.11480666666666665,59.075250000000004
2022-09-02,Industrials,0.09512666666666666,0.8,8,0.181505,54.75633333333333
2022-09-06,Industrials,0.18913933333333333,0.8,16,0.09512666666666666,59.456966666666666
2022-09-07,Industrials,0.0864,0.8,9,0.18913933333333333,54.32
2022-09-08,Industrials,0.005136666666666678,0.8,12,0.0864,50.256833333333326
2022-09-09,Industrials,0.012310000000000005,0.6,7,0.005136666666666678,50.615500000000004
2022-09-12,Industrials,0.051891,0.4,9,0.012310000000000005,52.59455
2022-09-13,Industrials,0.250115,0.8,10,0.051891,62.505750000000006
2022-09-14,Industrials,0.085735,0.8,14,0.250115,54.286750000000005
2022-09-15,Industrials,-0.01531,0.8,8,0.085735,49.2345
2022-09-16,Industrials,0.08033176470588234,0.4,18,-0.01531,54.016588235294115
2022-09-19,Industrials,0.17700119047619048,0.6,14,0.08033176470588234,58.85005952380953
2022-09-20,Industrials,0.10869333333333334,0.8,10,0.17700119047619048,55.434666666666665
2022-09-21,Industrials,0.047420000000000004,0.6,7,0.10869333333333334,52.371
2022-09-22,Industrials,-0.014527333333333326,0.8,12,0.047420000000000004,49.273633333333336
2022-09-23,Industrials,0.054900000000000004,0.6,7,-0.014527333333333326,52.745
2022-09-26,Industrials,-0.00046499999999999737,0.8,10,0.054900000000000004,49.976749999999996
2022-09-27,Industrials,0.032805,0.6,6,-0.00046499999999999737,51.64025
2022-09-28,Industrials,0.010746666666666673,0.6,5,0.032805,50.537333333333336
2022-09-29,Industrials,0.04576,0.8,6,0.010746666666666673,52.288000000000004
2022-09-30,Industrials,0.08808,0.6,3,0.04576,54.403999999999996
2022-10-03,Industrials,0.13913999999999999,0.6,8,0.08808,56.957
2022-10-04,Industrials,0.03653,0.8,5,0.13913999999999999,51.826499999999996
2022-10-05,Industrials,0.18565333333333334,0.6,7,0.03653,59.282666666666664
2022-10-06,Industrials,0.09483,0.6,5,0.18565333333333334,54.7415
2022-10-07,Industrials,0.016614999999999998,0.8,9,0.09483,50.83075
2022-10-10,Industrials,0.11046,0.8,6,0.016614999999999998,55.523
2022-10-11,Industrials,0.17506,0.6,5,0.11046,58.753
2022-10-12,Industrials,0.26004,0.6,3,0.17506,63.002
2022-10-13,Industrials,0.07923,0.8,6,0.26004,53.961499999999994
2022-10-14,Industrials,0.0991,0.6,8,0.07923,54.955
2022-10-17,Industrials,-0.07432,0.8,6,0.0991,46.284000000000006
2022-10-18,Industrials,0.08990499999999998,0.8,12,-0.07432,54.49525
2022-10-19,Industrials,0.011886666666666667,0.4,4,0.08990499999999998,50.59433333333333
2022-10-20,Industrials,0.13463333333333333,0.8,9,0.011886666666666667,56.73166666666667
2022-10-21,Industrials,0.10062,0.4,6,0.13463333333333333,55.031
2022-10-24,Industrials,0.09972222222222223,0.8,20,0.10062,54.986111111111114
2022-10-25,Industrials,0.03365728937728937,0.8,37,0.09972222222222223,51.682864468864466
2022-10-26,Industrials,0.030434666666666665,0.8,13,0.03365728937728937,51.52173333333333
2022-10-27,Industrials,0.21664222222222224,0.8,22,0.030434666666666665,60.83211111111111
2022-10-28,Industrials,0.15372999999999998,0.8,5,0.21664222222222224,57.686499999999995
2022-10-31,Industrials,0.11263000000000001,0.6,8,0.15372999999999998,55.6315
2022-11-01,Industrials,0.068,0.6,3,0.11263000000000001,53.400000000000006
2022-11-02,Industrials,0.07636,0.4,2,0.068,53.818
2022-11-03,Industrials,0.023738666666666665,0.8,12,0.07636,51.18693333333333
2022-11-04,Industrials,0.158,0.8,4,0.023738666666666665,57.9
2022-11-07,Industrials,0.0,0.8,7,0.158,50.0
2022-11-08,Industrials,0.052469999999999996,0.8,5,0.0,52.6235
2022-11-09,Industrials,0.0843,0.6,4,0.052469999999999996,54.215
2022-11-10,Industrials,0.073,0.6,6,0.0843,53.65
2022-11-11,Industrials,0.12947333333333333,0.4,5,0.073,56.47366666666667
2022-11-14,Industrials,-0.03398,0.8,11,0.12947333333333333,48.301
2022-11-15,Industrials,0.07943,0.6,4,-0.03398,53.97149999999999
2022-11-16,Industrials,0.08882,0.8,8,0.07943,54.440999999999995
2022-11-17,Industrials,0.09228499999999999,0.6,7,0.08882,54.61425
2022-11-18,Industrials,-0.008533333333333334,0.2,3,0.09228499999999999,49.57333333333334
2022-11-21,Industrials,0.06364666666666667,0.6,7,-0.008533333333333334,53.18233333333333
2022-11-22,Industrials,0.14694733333333332,0.8,11,0.06364666666666667,57.347366666666666
2022-11-23,Industrials,0.0,0.4,2,0.14694733333333332,50.0
2022-11-25,Industrials,0.0,0.6,3,0.0,50.0
2022-11-28,Industrials,0.005905999999999999,0.8,11,0.0,50.2953
2022-11-29,Industrials,0.11987999999999999,0.8,5,0.005905999999999999,55.994
2022-11-30,Industrials,0.10267333333333332,0.8,14,0.11987999999999999,55.13366666666667
2022-12-01,Industrials,0.23421333333333333,0.8,7,0.10267333333333332,61.71066666666667
2022-12-02,Industrials,-0.037032,0.6,7,0.23421333333333333,48.1484
2022-12-05,Industrials,0.05641666666666667,0.8,10,-0.037032,52.82083333333334
2022-12-06,Industrials,-0.15014666666666668,0.6,5,0.05641666666666667,42.492666666666665
2022-12-07,Industrials,0.04588,0.2,2,-0.15014666666666668,52.294
2022-12-08,Industrials,0.12439,0.8,10,0.04588,56.2195
2022-12-09,Industrials,0.14728,0.8,5,0.12439,57.364000000000004
2022-12-12,Industrials,-0.029133333333333334,0.6,5,0.14728,48.54333333333333
2022-12-13,Industrials,0.20892,0.8,14,-0.029133333333333334,60.446
2022-12-14,Industrials,0.24986000000000003,0.8,5,0.20892,62.492999999999995
2022-12-15,Industrials,0.099384,0.6,14,0.24986000000000003,54.969199999999994
2022-12-16,Industrials,0.024336,0.6,8,0.099384,51.21679999999999
2022-12-19,Industrials,0.15825,0.8,11,0.024336,57.9125
2022-12-20,Industrials,0.11798499999999998,0.8,13,0.15825,55.89925
2022-12-21,Industrials,0.3542409523809524,0.8,14,0.11798499999999998,67.71204761904762
2022-12-22,Industrials,0.12306666666666666,0.8,16,0.3542409523809524,56.153333333333336
2022-12-23,Industrials,0.05006999999999999,0.8,7,0.12306666666666666,52.5035
2022-12-27,Industrials,0.11210500000000001,0.8,20,0.05006999999999999,55.605250000000005
2022-12-28,Industrials,0.048516666666666666,0.6,9,0.11210500000000001,52.42583333333334
2022-12-29,Industrials,0.05450166666666667,0.8,10,0.048516666666666666,52.72508333333333
2022-12-30,Industrials,0.09321,0.6,5,0.05450166666666667,54.6605
2023-01-03,Industrials,0.06232533333333333,0.8,13,0.09321,53.11626666666667
2023-01-04,Industrials,0.05780833333333334,0.6,13,0.06232533333333333,52.89041666666666
2023-01-05,Industrials,0.13137,0.8,6,0.05780833333333334,56.5685
2023-01-06,Industrials,0.010115,0.4,6,0.13137,50.505750000000006
2023-01-09,Industrials,0.171765,0.8,11,0.010115,58.588249999999995
2023-01-10,Industrials,0.15719714285714287,0.8,11,0.171765,57.85985714285714
2023-01-11,Industrials,0.003300000000000003,0.6,4,0.15719714285714287,50.165000000000006
2023-01-12,Industrials,0.11552166666666666,0.8,14,0.003300000000000003,55.77608333333334
2023-01-13,Industrials,0.037660000000000006,0.8,11,0.11552166666666666,51.883
2023-01-17,Industrials,0.215895,0.8,13,0.037660000000000006,60.79475
2023-01-18,Industrials,-0.095755,0.8,8,0.215895,45.21225
2023-01-19,Industrials,0.05073,0.8,7,-0.095755,52.5365
2023-01-20,Industrials,-0.003159999999999996,0.6,5,0.05073,49.842
2023-01-23,Industrials,0.18346085714285715,0.8,23,-0.003159999999999996,59.17304285714285
2023-01-24,Industrials,0.06550242424242424,0.8,52,0.18346085714285715,53.27512121212121
2023-01-25,Industrials,0.059199999999999996,0.6,6,0.06550242424242424,52.959999999999994
2023-01-26,Industrials,0.02513857142857142,0.8,19,0.059199999999999996,51.256928571428574
2023-01-27,Industrials,0.11258666666666665,0.6,8,0.02513857142857142,55.62933333333333
2023-01-30,Industrials,-0.005256000000000001,0.8,17,0.11258666666666665,49.7372
2023-01-31,Industrials,0.11743788235294117,0.6,39,-0.005256000000000001,55.87189411764706
2023-02-01,Industrials,0.07608,0.8,8,0.11743788235294117,53.803999999999995
2023-02-02,Industrials,0.17712,0.8,5,0.07608,58.855999999999995
2023-02-03,Industrials,0.22832499999999997,0.8,8,0.17712,61.41624999999999
2023-02-06,Industrials,0.07114333333333334,0.6,12,0.22832499999999997,53.55716666666667
2023-02-07,Industrials,-0.027279999999999992,0.4,6,0.07114333333333334,48.636
2023-02-08,Industrials,0.12643333333333334,0.4,4,-0.027279999999999992,56.32166666666667
2023-02-09,Industrials,0.08086,0.6,9,0.12643333333333334,54.043
2023-02-10,Industrials,0.0,0.6,5,0.08086,50.0
2023-02-13,Industrials,0.11876000000000002,0.8,8,0.0,55.938
2023-02-14,Industrials,0.06490933333333333,0.6,9,0.11876000000000002,53.245466666666665
2023-02-15,Industrials,0.01483,0.6,6,0.06490933333333333,50.741499999999995
2023-02-16,Industrials,0.13791499999999998,0.8,12,0.01483,56.89575
2023-02-17,Industrials,0.02943333333333333,0.8,9,0.13791499999999998,51.47166666666667
2023-02-21,Industrials,0.195737,0.8,15,0.02943333333333333,59.78685
2023-02-22,Industrials,0.0,0.8,5,0.195737,50.0
2023-02-23,Industrials,0.04900333333333333,0.8,7,0.0,52.45016666666666
2023-02-24,Industrials,0.02704666666666667,0.6,6,0.04900333333333333,51.352333333333334
2023-02-27,Industrials,0.070885,0.8,10,0.02704666666666667,53.544250000000005
2023-02-28,Industrials,0.13311666666666666,0.6,10,0.070885,56.65583333333333
2023-03-01,Industrials,0.04426,0.8,19,0.13311666666666666,52.213
2023-03-02,Industrials,0.20013,0.6,4,0.04426,60.006499999999996
2023-03-03,Industrials,0.11615666666666666,0.8,8,0.20013,55.807833333333335
2023-03-06,Industrials,0.16074000000000002,0.8,12,0.11615666666666666,58.037000000000006
2023-03-07,Industrials,0.11762333333333333,0.4,5,0.16074000000000002,55.88116666666667
2023-03-08,Industrials,0.14807333333333333,0.8,10,0.11762333333333333,57.403666666666666
2023-03-09,Industrials,0.08122,0.8,16,0.14807333333333333,54.06100000000001
2023-03-10,Industrials,0.10284428571428572,0.8,14,0.08122,55.14221428571429
2023-03-13,Industrials,0.13247599999999998,0.8,18,0.10284428571428572,56.6238
2023-03-14,Industrials,0.10456666666666665,0.4,7,0.13247599999999998,55.22833333333333
2023-03-15,Industrials,0.046380000000000005,0.8,9,0.10456666666666665,52.319
2023-03-16,Industrials,0.22271999999999997,0.6,6,0.046380000000000005,61.136
2023-03-17,Industrials,0.04146,0.6,6,0.22271999999999997,52.073
2023-03-20,Industrials,0.07919666666666667,0.8,11,0.04146,53.95983333333333
2023-03-21,Industrials,0.19473000000000001,0.6,5,0.07919666666666667,59.73650000000001
2023-03-22,Industrials,0.12519,0.6,5,0.19473000000000001,56.259499999999996
2023-03-23,Industrials,0.07804,0.6,4,0.12519,53.90200000000001
2023-03-24,Industrials,0.07258666666666667,0.8,8,0.07804,53.62933333333333
2023-03-27,Industrials,0.15123999999999999,0.8,17,0.07258666666666667,57.562000000000005
2023-03-28,Industrials,0.04354499999999999,0.4,6,0.15123999999999999,52.17725
2023-03-29,Industrials,0.049815000000000005,0.8,12,0.04354499999999999,52.49075
2023-03-30,Industrials,0.19546666666666665,0.6,6,0.049815000000000005,59.77333333333333
2023-03-31,Industrials,-0.029546666666666666,0.6,6,0.19546666666666665,48.522666666666666
2023-04-03,Industrials,0.09313500000000001,0.8,10,-0.029546666666666666,54.656749999999995
2023-04-04,Industrials,0.07369357142857143,0.8,16,0.09313500000000001,53.68467857142857
2023-04-05,Industrials,0.026093333333333336,0.6,11,0.07369357142857143,51.30466666666666
2023-04-06,Industrials,0.044604,0.8,15,0.026093333333333336,52.2302
2023-04-10,Industrials,0.1294325,0.8,21,0.044604,56.471625
2023-04-11,Industrials,-0.016513333333333335,0.8,9,0.1294325,49.17433333333333
2023-04-12,Industrials,0.06293266666666666,0.8,16,-0.016513333333333335,53.14663333333334
2023-04-13,Industrials,0.17934,0.6,6,0.06293266666666666,58.967000000000006
2023-04-14,Industrials,0.12549166666666667,0.8,10,0.17934,56.274583333333325
2023-04-17,Industrials,0.09388200000000001,0.8,17,0.12549166666666667,54.6941
2023-04-18,Industrials,0.05858,0.8,11,0.09388200000000001,52.929
2023-04-19,Industrials,0.10007000000000002,0.8,15,0.05858,55.0035
2023-04-20,Industrials,0.067604,0.8,14,0.10007000000000002,53.3802
2023-04-21,Industrials,0.09870799999999999,0.6,8,0.067604,54.9354
2023-04-24,Industrials,0.059229166666666666,0.8,16,0.09870799999999999,52.96145833333333
2023-04-25,Industrials,0.04958391941391942,0.8,47,0.059229166666666666,52.47919597069597
2023-04-26,Industrials,0.12072875000000001,0.8,28,0.04958391941391942,56.036437500000005
2023-04-27,Industrials,0.039220000000000005,0.8,21,0.12072875000000001,51.961
2023-04-28,Industrials,0.04052666666666666,0.8,13,0.039220000000000005,52.026333333333326
2023-05-01,Industrials,0.10630499999999998,0.8,21,0.04052666666666666,55.31524999999999
2023-05-02,Industrials,0.08362,0.8,14,0.10630499999999998,54.181000000000004
2023-05-03,Industrials,0.10181666666666667,0.8,9,0.08362,55.090833333333336
2023-05-04,Industrials,0.3012183333333333,0.8,9,0.10181666666666667,65.06091666666667
2023-05-05,Industrials,-0.17014,0.8,4,0.3012183333333333,41.493
2023-05-08,Industrials,0.08206666666666666,0.8,10,-0.17014,54.10333333333334
2023-05-09,Industrials,0.12435,0.6,8,0.08206666666666666,56.2175
2023-05-10,Industrials,0.053610000000000005,0.6,7,0.12435,52.680499999999995
2023-05-11,Industrials,0.0,0.6,7,0.053610000000000005,50.0
2023-05-12,Industrials,0.05544,0.6,5,0.0,52.772
2023-05-15,Industrials,0.12547999999999998,0.8,16,0.05544,56.274
2023-05-16,Industrials,0.03178,0.6,5,0.12547999999999998,51.589
2023-05-17,Industrials,0.06658,0.8,7,0.03178,53.32900000000001
2023-05-18,Industrials,0.014799999999999999,0.6,10,0.06658,50.739999999999995
2023-05-19,Industrials,0.07576000000000001,0.8,6,0.014799999999999999,53.788000000000004
2023-05-22,Industrials,0.16115261904761904,0.8,16,0.07576000000000001,58.057630952380954
2023-05-23,Industrials,0.0843,0.4,3,0.16115261904761904,54.215
2023-05-24,Industrials,0.033717619047619045,0.6,12,0.0843,51.68588095238095
2023-05-25,Industrials,0.11104,0.8,12,0.033717619047619045,55.552
2023-05-26,Industrials,0.062490000000000004,0.4,5,0.11104,53.1245
2023-05-30,Industrials,0.06942333333333332,0.8,18,0.062490000000000004,53.47116666666667
2023-05-31,Industrials,0.06966333333333333,0.8,13,0.06942333333333332,53.48316666666667
2023-06-01,Industrials,0.10675066666666666,0.8,12,0.06966333333333333,55.33753333333333
2023-06-02,Industrials,0.11709785714285714,0.6,16,0.10675066666666666,55.85489285714286
2023-06-05,Industrials,0.07811428571428572,0.8,19,0.11709785714285714,53.90571428571429
2023-06-06,Industrials,0.21066000000000001,0.6,5,0.07811428571428572,60.533
2023-06-07,Industrials,0.10680666666666667,0.8,10,0.21066000000000001,55.340333333333334
2023-06-08,Industrials,0.09481333333333333,0.8,8,0.10680666666666667,54.74066666666667
2023-06-09,Industrials,0.026658333333333332,0.6,11,0.09481333333333333,51.33291666666666
2023-06-12,Industrials,0.121445,0.8,11,0.026658333333333332,56.072250000000004
2023-06-13,Industrials,0.0765,0.8,11,0.121445,53.825
2023-06-14,Industrials,0.11963700000000002,0.6,13,0.0765,55.98185
2023-06-15,Industrials,0.07839833333333332,0.8,10,0.11963700000000002,53.919916666666666
2023-06-16,Industrials,0.12010000000000001,0.8,12,0.07839833333333332,56.005
2023-06-20,Industrials,0.09831324675324675,0.8,32,0.12010000000000001,54.91566233766234
2023-06-21,Industrials,-0.08289495238095237,0.8,17,0.09831324675324675,45.85525238095238
2023-06-22,Industrials,0.029850000000000005,0.8,10,-0.08289495238095237,51.4925
2023-06-23,Industrials,0.0646,0.8,20,0.029850000000000005,53.23
2023-06-26,Industrials,0.12771714285714286,0.6,11,0.0646,56.38585714285714
2023-06-27,Industrials,0.023116666666666667,0.6,9,0.12771714285714286,51.155833333333334
2023-06-28,Industrials,0.05663,0.6,5,0.023116666666666667,52.8315
2023-06-29,Industrials,0.047670000000000004,0.8,8,0.05663,52.383500000000005
2023-06-30,Industrials,0.12335,0.8,7,0.047670000000000004,56.167500000000004
2023-07-03,Industrials,0.09332433333333333,0.8,15,0.12335,54.66621666666667
2023-07-05,Industrials,0.2025413846153846,0.8,24,0.09332433333333333,60.12706923076922
2023-07-06,Industrials,0.050552,0.8,10,0.2025413846153846,52.5276
2023-07-07,Industrials,-0.038615,0.8,9,0.050552,48.069250000000004
2023-07-10,Industrials,0.05198476190476191,0.8,17,-0.038615,52.5992380952381
2023-07-11,Industrials,0.11171,0.8,9,0.05198476190476191,55.585499999999996
2023-07-12,Industrials,0.013353333333333332,0.4,4,0.11171,50.66766666666667
2023-07-13,Industrials,0.08498333333333333,0.8,9,0.013353333333333332,54.24916666666667
2023-07-14,Industrials,0.054290000000000005,0.6,7,0.08498333333333333,52.7145
2023-07-17,Industrials,0.010730000000000003,0.8,16,0.054290000000000005,50.5365
2023-07-18,Industrials,0.22206333333333333,0.8,9,0.010730000000000003,61.10316666666667
2023-07-19,Industrials,0.15713785714285716,0.8,19,0.22206333333333333,57.85689285714286
2023-07-20,Industrials,-0.018899999999999993,0.6,4,0.15713785714285716,49.055
2023-07-21,Industrials,0.07760500000000001,0.8,10,-0.018899999999999993,53.88025
2023-07-24,Industrials,0.179275,0.8,19,0.07760500000000001,58.963750000000005
2023-07-25,Industrials,0.02214613430127042,0.8,56,0.179275,51.107306715063515
2023-07-26,Industrials,-0.06385616666666666,0.8,24,0.02214613430127042,46.80719166666667
2023-07-27,Industrials,0.16081399999999998,0.8,15,-0.06385616666666666,58.0407
2023-07-28,Industrials,-0.005885000000000001,0.8,15,0.16081399999999998,49.70575
2023-07-31,Industrials,0.07198139130434782,0.8,32,-0.005885000000000001,53.59906956521739
2023-08-01,Industrials,0.07085307692307694,0.8,35,0.07198139130434782,53.54265384615384
2023-08-02,Industrials,0.044630176470588236,0.6,26,0.07085307692307694,52.23150882352942
2023-08-03,Industrials,0.07163,0.6,8,0.044630176470588236,53.581500000000005
2023-08-04,Industrials,0.11509666666666667,0.8,13,0.07163,55.75483333333333
2023-08-07,Industrials,0.058730000000000004,0.8,15,0.11509666666666667,52.936499999999995
2023-08-08,Industrials,0.030817499999999998,0.4,17,0.058730000000000004,51.540875
2023-08-09,Industrials,0.09170733333333334,0.6,15,0.030817499999999998,54.585366666666665
2023-08-10,Industrials,-0.02408,0.6,7,0.09170733333333334,48.796
2023-08-11,Industrials,0.059333000000000004,0.8,11,-0.02408,52.96665
2023-08-14,Industrials,0.04755,0.6,5,0.059333000000000004,52.3775
2023-08-15,Industrials,0.12577,0.8,8,0.04755,56.2885
2023-08-16,Industrials,0.17989499999999997,0.8,9,0.12577,58.994749999999996
2023-08-17,Industrials,0.014408571428571432,0.6,10,0.17989499999999997,50.72042857142856
2023-08-18,Industrials,-0.04342,0.8,8,0.014408571428571432,47.829
2023-08-21,Industrials,0.06525600000000001,0.6,9,-0.04342,53.2628
2023-08-22,Industrials,0.16688,0.8,13,0.06525600000000001,58.343999999999994
2023-08-23,Industrials,0.07245399999999999,0.8,12,0.16688,53.6227
2023-08-24,Industrials,0.12956,0.8,9,0.07245399999999999,56.47800000000001
2023-08-25,Industrials,0.027447,0.8,11,0.12956,51.37235
2023-08-28,Industrials,-0.0018515789473684207,0.8,25,0.027447,49.90742105263158
2023-08-29,Industrials,-0.01652476190476191,0.8,20,-0.0018515789473684207,49.1737619047619
2023-08-30,Industrials,0.058374999999999996,0.6,11,-0.01652476190476191,52.91875
2023-08-31,Industrials,0.06198066666666667,0.8,20,0.058374999999999996,53.09903333333333
2023-09-01,Industrials,0.13108666666666666,0.8,16,0.06198066666666667,56.55433333333333
2023-09-05,Industrials,0.12818066666666666,0.8,17,0.13108666666666666,56.40903333333333
2023-09-06,Industrials,0.08367333333333334,0.8,14,0.12818066666666666,54.18366666666666
2023-09-07,Industrials,0.18894,0.8,11,0.08367333333333334,59.447
2023-09-08,Industrials,0.05507666666666666,0.6,9,0.18894,52.75383333333333
2023-09-11,Industrials,0.089769,0.8,16,0.05507666666666666,54.48845
2023-09-12,Industrials,0.11913566666666668,0.8,20,0.089769,55.956783333333334
2023-09-13,Industrials,0.06337085714285715,0.8,15,0.11913566666666668,53.16854285714285
2023-09-14,Industrials,0.09645999999999999,0.8,13,0.06337085714285715,54.823
2023-09-15,Industrials,0.07818666666666665,0.8,13,0.09645999999999999,53.90933333333333
2023-09-18,Industrials,0.09299611111111111,0.8,21,0.07818666666666665,54.64980555555555
2023-09-19,Industrials,0.12225190476190476,0.8,13,0.09299611111111111,56.11259523809524
2023-09-20,Industrials,0.06204888888888889,0.8,13,0.12225190476190476,53.102444444444444
2023-09-21,Industrials,0.12824204761904762,0.8,22,0.06204888888888889,56.412102380952376
2023-09-22,Industrials,0.2089666666666667,0.8,7,0.12824204761904762,60.44833333333334
2023-09-25,Industrials,0.14990333333333333,0.8,17,0.2089666666666667,57.49516666666666
2023-09-26,Industrials,0.12809833333333334,0.8,11,0.14990333333333333,56.40491666666667
2023-09-27,Industrials,0.18887533333333334,0.8,14,0.12809833333333334,59.44376666666666
2023-09-28,Industrials,0.05045142857142857,0.8,14,0.18887533333333334,52.52257142857143
2023-09-29,Industrials,0.13183166666666668,0.6,9,0.05045142857142857,56.59158333333334
2023-10-02,Industrials,0.13857195238095238,0.8,22,0.13183166666666668,56.928597619047615
2023-10-03,Industrials,0.10146866666666665,1.0,26,0.13857195238095238,55.073433333333334
2023-10-04,Industrials,0.05236833333333333,0.8,12,0.10146866666666665,52.61841666666667
2023-10-05,Industrials,0.099449,1.0,16,0.05236833333333333,54.972449999999995
2023-10-06,Industrials,0.005796666666666672,0.8,7,0.099449,50.289833333333334
2023-10-09,Industrials,-0.03181133333333334,1.0,14,0.005796666666666672,48.40943333333333
2023-10-10,Industrials,0.11699650793650793,1.0,23,-0.03181133333333334,55.849825396825395
2023-10-11,Industrials,0.1873086666666667,1.0,20,0.11699650793650793,59.36543333333334
2023-10-12,Industrials,0.14789583333333334,0.8,19,0.1873086666666667,57.39479166666667
2023-10-13,Industrials,0.031509999999999996,0.8,18,0.14789583333333334,51.5755
2023-10-16,Industrials,0.07817066666666667,1.0,18,0.031509999999999996,53.90853333333333
2023-10-17,Industrials,0.029589999999999998,0.6,9,0.07817066666666667,51.4795
2023-10-18,Industrials,0.04653035714285715,1.0,22,0.029589999999999998,52.32651785714286
2023-10-19,Industrials,0.08238035714285716,1.0,26,0.04653035714285715,54.11901785714286
2023-10-20,Industrials,-0.0023103333333333365,1.0,21,0.08238035714285716,49.884483333333336
2023-10-23,Industrials,0.18046871794871794,1.0,27,-0.0023103333333333365,59.023435897435895
2023-10-24,Industrials,0.21054608695652174,1.0,51,0.18046871794871794,60.52730434782608
2023-10-25,Industrials,0.07482166666666666,1.0,41,0.21054608695652174,53.74108333333333
2023-10-26,Industrials,0.0673647619047619,1.0,42,0.07482166666666666,53.3682380952381
2023-10-27,Industrials,-0.08440133333333333,1.0,14,0.0673647619047619,45.77993333333333
2023-10-30,Industrials,0.13820923076923078,0.8,21,-0.08440133333333333,56.91046153846154
2023-10-31,Industrials,0.09792190476190477,1.0,28,0.13820923076923078,54.89609523809524
2023-11-01,Industrials,0.12493000000000001,1.0,14,0.09792190476190477,56.2465
2023-11-02,Industrials,0.18584833333333334,1.0,19,0.12493000000000001,59.29241666666667
2023-11-03,Industrials,-0.016406666666666663,0.6,6,0.18584833333333334,49.17966666666666
2023-11-06,Industrials,0.13376266666666667,1.0,28,-0.016406666666666663,56.68813333333333
2023-11-07,Industrials,0.06663733333333334,0.8,11,0.13376266666666667,53.33186666666667
2023-11-08,Industrials,0.09008666666666668,1.0,13,0.06663733333333334,54.504333333333335
2023-11-09,Industrials,0.18129,0.8,8,0.09008666666666668,59.064499999999995
2023-11-10,Industrials,0.05353,0.8,14,0.18129,52.676500000000004
2023-11-13,Industrials,0.0125175,1.0,37,0.05353,50.625875
2023-11-14,Industrials,0.057953,0.8,19,0.0125175,52.89765
2023-11-15,Industrials,0.10552095238095238,0.8,12,0.057953,55.27604761904762
2023-11-16,Industrials,0.13330599999999998,1.0,14,0.10552095238095238,56.665299999999995
2023-11-17,Industrials,0.21380249999999998,1.0,23,0.13330599999999998,60.690124999999995
2023-11-20,Industrials,-0.0017966666666666686,0.8,19,0.21380249999999998,49.91016666666667
2023-11-21,Industrials,0.08501333333333334,1.0,17,-0.0017966666666666686,54.25066666666667
2023-11-22,Industrials,0.15327833333333332,1.0,24,0.08501333333333334,57.66391666666667
2023-11-24,Industrials,0.15086772727272726,0.8,19,0.15327833333333332,57.54338636363636
2023-11-27,Industrials,0.03903,1.0,19,0.15086772727272726,51.951499999999996
2023-11-28,Industrials,0.021573749999999996,0.8,20,0.03903,51.0786875
2023-11-29,Industrials,0.11957333333333335,1.0,21,0.021573749999999996,55.97866666666667
2023-11-30,Industrials,0.08169,1.0,14,0.11957333333333335,54.084500000000006
2023-12-01,Industrials,0.0364125,1.0,16,0.08169,51.820625
2023-12-04,Industrials,0.1330738095238095,1.0,18,0.0364125,56.65369047619048
2023-12-05,Industrials,-0.06629,1.0,11,0.1330738095238095,46.685500000000005
2023-12-06,Industrials,0.06616533333333334,0.8,24,-0.06629,53.30826666666667
2023-12-07,Industrials,-0.054916666666666655,1.0,18,0.06616533333333334,47.25416666666667
2023-12-08,Industrials,0.022073333333333334,0.8,12,-0.054916666666666655,51.10366666666667
2023-12-11,Industrials,0.08081247619047618,1.0,33,0.022073333333333334,54.040623809523815
2023-12-12,Industrials,0.24736833333333333,1.0,27,0.08081247619047618,62.36841666666667
2023-12-13,Industrials,0.14791819047619048,1.0,24,0.24736833333333333,57.39590952380953
2023-12-14,Industrials,0.067825,0.6,7,0.14791819047619048,53.39125
2023-12-15,Industrials,0.029599999999999998,0.4,3,0.067825,51.480000000000004
2023-12-18,Industrials,0.23579380952380954,1.0,29,0.029599999999999998,61.78969047619047
2023-12-19,Industrials,0.0,0.0,0,0.23579380952380954,50.0
2023-12-20,Industrials,0.0,0.0,0,0.0,50.0
2023-12-21,Industrials,0.0,0.0,0,0.0,50.0
2023-12-22,Industrials,0.0,0.0,0,0.0,50.0
2023-12-26,Industrials,0.0,0.0,0,0.0,50.0
2023-12-27,Industrials,0.0,0.0,0,0.0,50.0
2023-12-28,Industrials,0.0,0.0,0,0.0,50.0
2023-12-29,Industrials,0.0,0.0,0,0.0,50.0
2020-01-03,Materials,-0.028300000000000002,0.4,3,0.0,48.585
2020-01-06,Materials,-0.055811999999999994,0.8,9,-0.028300000000000002,47.2094
2020-01-07,Materials,0.07636,0.6,3,-0.055811999999999994,53.818
2020-01-08,Materials,-0.039839999999999993,0.4,6,0.07636,48.008
2020-01-09,Materials,0.025453333333333335,0.6,6,-0.039839999999999993,51.272666666666666
2020-01-10,Materials,-0.08571999999999999,0.8,4,0.025453333333333335,45.714
2020-01-13,Materials,0.13194,0.4,4,-0.08571999999999999,56.596999999999994
2020-01-14,Materials,0.0168,0.4,4,0.13194,50.839999999999996
2020-01-15,Materials,0.06919333333333334,0.4,4,0.0168,53.45966666666667
2020-01-16,Materials,0.08808,0.8,4,0.06919333333333334,54.403999999999996
2020-01-17,Materials,0.18836,0.6,5,0.08808,59.418000000000006
2020-01-21,Materials,0.010085999999999998,0.8,11,0.18836,50.5043
2020-01-22,Materials,-0.059199999999999996,0.6,4,0.010085999999999998,47.04
2020-01-23,Materials,0.09407,1.0,9,-0.059199999999999996,54.703500000000005
2020-01-24,Materials,0.089688,0.6,11,0.09407,54.4844
2020-01-27,Materials,-0.0014733333333333321,0.8,14,0.089688,49.92633333333333
2020-01-28,Materials,0.167525,1.0,16,-0.0014733333333333321,58.37625
2020-01-29,Materials,0.06312428571428572,0.6,20,0.167525,53.156214285714285
2020-01-30,Materials,-0.026406410256410263,0.8,32,0.06312428571428572,48.67967948717949
2020-01-31,Materials,-0.0033346666666666663,0.8,15,-0.026406410256410263,49.83326666666667
2020-02-03,Materials,0.14187,0.8,12,-0.0033346666666666663,57.0935
2020-02-04,Materials,0.054110000000000005,0.8,7,0.14187,52.70550000000001
2020-02-05,Materials,0.06436,0.8,9,0.054110000000000005,53.217999999999996
2020-02-06,Materials,0.05132111111111111,0.8,14,0.06436,52.56605555555556
2020-02-07,Materials,0.007373333333333332,0.6,9,0.05132111111111111,50.36866666666666
2020-02-10,Materials,0.23231333333333332,1.0,7,0.007373333333333332,61.61566666666667
2020-02-11,Materials,0.11732800000000002,1.0,14,0.23231333333333332,55.866400000000006
2020-02-12,Materials,0.059199999999999996,0.8,4,0.11732800000000002,52.959999999999994
2020-02-13,Materials,0.027482857142857142,0.6,13,0.059199999999999996,51.37414285714286
2020-02-14,Materials,-0.016395,0.6,10,0.027482857142857142,49.18025
2020-02-18,Materials,0.12242444444444445,1.0,24,-0.016395,56.12122222222222
2020-02-19,Materials,0.014799999999999999,0.6,8,0.12242444444444445,50.739999999999995
2020-02-20,Materials,0.046012727272727275,0.6,18,0.014799999999999999,52.300636363636364
2020-02-21,Materials,0.08449999999999999,0.6,9,0.046012727272727275,54.225
2020-02-24,Materials,0.06621083333333333,1.0,22,0.08449999999999999,53.310541666666666
2020-02-25,Materials,0.02866333333333333,0.6,6,0.06621083333333333,51.433166666666665
2020-02-26,Materials,0.04302,0.6,4,0.02866333333333333,52.151
2020-02-27,Materials,0.054144285714285714,0.8,12,0.04302,52.70721428571429
2020-02-28,Materials,0.07426166666666667,0.6,8,0.054144285714285714,53.71308333333333
2020-03-02,Materials,0.031938333333333326,1.0,12,0.07426166666666667,51.59691666666667
2020-03-03,Materials,0.099858,0.6,8,0.031938333333333326,54.9929
2020-03-04,Materials,0.17617,0.6,4,0.099858,58.808499999999995
2020-03-05,Materials,0.04321333333333334,0.6,8,0.17617,52.160666666666664
2020-03-06,Materials,-0.014880000000000004,0.8,7,0.04321333333333334,49.256
2020-03-09,Materials,0.05474333333333333,0.8,17,-0.014880000000000004,52.73716666666667
2020-03-10,Materials,0.05930833333333333,0.8,10,0.05474333333333333,52.96541666666666
2020-03-11,Materials,0.07129666666666667,0.6,21,0.05930833333333333,53.564833333333326
2020-03-12,Materials,-0.052716000000000006,0.6,11,0.07129666666666667,47.364200000000004
2020-03-13,Materials,0.08424666666666666,0.6,6,-0.052716000000000006,54.212333333333326
2020-03-16,Materials,-0.0032400000000000094,0.8,13,0.08424666666666666,49.838
2020-03-17,Materials,0.10550833333333334,0.6,11,-0.0032400000000000094,55.275416666666665
2020-03-18,Materials,-0.023740000000000004,0.6,7,0.10550833333333334,48.813
2020-03-19,Materials,0.11279466666666667,0.8,13,-0.023740000000000004,55.63973333333333
2020-03-20,Materials,0.06369,0.6,5,0.11279466666666667,53.1845
2020-03-23,Materials,0.17433285714285712,1.0,15,0.06369,58.71664285714285
2020-03-24,Materials,0.31854,1.0,7,0.17433285714285712,65.927
2020-03-25,Materials,0.09878,0.8,5,0.31854,54.93900000000001
2020-03-26,Materials,0.09659066666666666,0.8,14,0.09878,54.82953333333334
2020-03-27,Materials,0.12936999999999999,0.4,3,0.09659066666666666,56.4685
2020-03-30,Materials,0.020159000000000003,0.6,10,0.12936999999999999,51.00795
2020-03-31,Materials,0.224695,1.0,13,0.020159000000000003,61.234750000000005
2020-04-01,Materials,0.04751466666666666,0.8,14,0.224695,52.37573333333333
2020-04-02,Materials,0.03793666666666666,0.6,12,0.04751466666666666,51.89683333333333
2020-04-03,Materials,0.051539999999999996,0.6,4,0.03793666666666666,52.577
2020-04-06,Materials,0.074848,0.8,10,0.051539999999999996,53.7424
2020-04-07,Materials,0.37297,0.8,7,0.074848,68.6485
2020-04-08,Materials,0.18038133333333334,0.8,14,0.37297,59.01906666666667
2020-04-09,Materials,0.1181393650793651,1.0,23,0.18038133333333334,55.90696825396826
2020-04-13,Materials,0.06534738095238095,1.0,24,0.1181393650793651,53.26736904761905
2020-04-14,Materials,-0.008499999999999999,0.6,12,0.06534738095238095,49.575
2020-04-15,Materials,-0.03911595238095238,0.6,17,-0.008499999999999999,48.044202380952385
2020-04-16,Materials,0.08621000000000001,1.0,13,-0.03911595238095238,54.3105
2020-04-17,Materials,0.24444,0.6,5,0.08621000000000001,62.222
2020-04-20,Materials,0.21026666666666666,1.0,21,0.24444,60.51333333333333
2020-04-21,Materials,-0.06233333333333334,0.6,10,0.21026666666666666,46.88333333333333
2020-04-22,Materials,0.13911500000000002,0.8,10,-0.06233333333333334,56.95575
2020-04-23,Materials,0.14747485714285716,1.0,17,0.13911500000000002,57.373742857142865
2020-04-24,Materials,-0.05186666666666667,0.6,7,0.14747485714285716,47.406666666666666
2020-04-27,Materials,0.2466066666666667,1.0,11,-0.05186666666666667,62.33033333333333
2020-04-28,Materials,0.053927666666666665,1.0,17,0.2466066666666667,52.69638333333333
2020-04-29,Materials,0.29078,1.0,19,0.053927666666666665,64.539
2020-04-30,Materials,0.088055,1.0,36,0.29078,54.40275
2020-05-01,Materials,0.103285,0.6,17,0.088055,55.16425
2020-05-04,Materials,0.029556666666666665,1.0,13,0.103285,51.477833333333336
2020-05-05,Materials,0.15791498039215685,0.8,38,0.029556666666666665,57.89574901960785
2020-05-06,Materials,-0.021528571428571435,0.8,22,0.15791498039215685,48.92357142857143
2020-05-07,Materials,0.09727200000000001,0.6,8,-0.021528571428571435,54.8636
2020-05-08,Materials,0.06367916666666666,0.6,18,0.09727200000000001,53.18395833333334
2020-05-11,Materials,0.05690200000000001,0.8,13,0.06367916666666666,52.8451
2020-05-12,Materials,0.05597266666666667,0.6,13,0.05690200000000001,52.798633333333335
2020-05-13,Materials,0.12836466666666665,1.0,18,0.05597266666666667,56.41823333333333
2020-05-14,Materials,0.114235,1.0,16,0.12836466666666665,55.71175
2020-05-15,Materials,0.1926277777777778,0.8,17,0.114235,59.63138888888889
2020-05-18,Materials,0.08103,0.8,12,0.1926277777777778,54.0515
2020-05-19,Materials,0.02493666666666667,0.6,10,0.08103,51.24683333333333
2020-05-20,Materials,0.11316,0.6,15,0.02493666666666667,55.657999999999994
2020-05-21,Materials,0.15098333333333333,1.0,9,0.11316,57.549166666666665
2020-05-22,Materials,0.05464,0.8,7,0.15098333333333333,52.732
2020-05-26,Materials,0.11875833333333334,0.6,9,0.05464,55.937916666666666
2020-05-27,Materials,0.0,0.4,5,0.11875833333333334,50.0
2020-05-28,Materials,0.127,0.8,8,0.0,56.35
2020-05-29,Materials,0.003600000000000001,0.4,7,0.127,50.18
2020-06-01,Materials,0.05464,0.6,7,0.003600000000000001,52.732
2020-06-02,Materials,0.219765,0.8,8,0.05464,60.98825
2020-06-03,Materials,0.12638,0.8,11,0.219765,56.318999999999996
2020-06-04,Materials,-0.0256,0.8,4,0.12638,48.72
2020-06-05,Materials,0.15984500000000001,0.8,7,-0.0256,57.99225
2020-06-08,Materials,0.08176,0.4,3,0.15984500000000001,54.088
2020-06-09,Materials,0.15012,0.4,2,0.08176,57.506
2020-06-10,Materials,0.0,0.0,0,0.15012,50.0
2020-06-11,Materials,0.14028000000000002,0.6,4,0.0,57.013999999999996
2020-06-12,Materials,0.006530000000000003,0.6,4,0.14028000000000002,50.326499999999996
2020-06-15,Materials,0.05464,0.2,1,0.006530000000000003,52.732
2020-06-16,Materials,0.0,0.2,1,0.05464,50.0
2020-06-17,Materials,-0.12248,0.2,1,0.0,43.876
2020-06-18,Materials,0.0,0.6,3,-0.12248,50.0
2020-06-19,Materials,-0.04526,0.4,2,0.0,47.737
2020-06-22,Materials,0.04194,0.4,6,-0.04526,52.097
2020-06-23,Materials,0.04588,0.6,5,0.04194,52.294
2020-06-24,Materials,0.0,0.2,1,0.04588,50.0
2020-06-25,Materials,0.08038,0.2,1,0.0,54.01899999999999
2020-06-26,Materials,0.068,0.2,1,0.08038,53.400000000000006
2020-06-29,Materials,0.04526,0.4,2,0.068,52.263000000000005
2020-06-30,Materials,0.04046,0.6,3,0.04526,52.022999999999996
2020-07-01,Materials,0.04046,0.4,2,0.04046,52.022999999999996
2020-07-02,Materials,0.0,0.2,1,0.04046,50.0
2020-07-06,Materials,-0.045770000000000005,0.4,5,0.0,47.7115
2020-07-07,Materials,0.0,0.2,1,-0.045770000000000005,50.0
2020-07-08,Materials,0.11438,0.2,1,0.0,55.718999999999994
2020-07-09,Materials,0.0,0.4,2,0.11438,50.0
2020-07-10,Materials,0.0,0.2,1,0.0,50.0
2020-07-13,Materials,0.0,0.4,2,0.0,50.0
2020-07-14,Materials,0.0,0.0,0,0.0,50.0
2020-07-15,Materials,0.0,0.0,0,0.0,50.0
2020-07-16,Materials,0.01032,0.6,3,0.0,50.516000000000005
2020-07-17,Materials,0.0,0.4,2,0.01032,50.0
2020-07-20,Materials,0.0,0.2,1,0.0,50.0
2020-07-21,Materials,0.0,0.0,0,0.0,50.0
2020-07-22,Materials,0.05464,0.4,2,0.0,52.732
2020-07-23,Materials,0.0074540000000000075,0.8,11,0.05464,50.3727
2020-07-24,Materials,0.08379,0.6,5,0.0074540000000000075,54.1895
2020-07-27,Materials,0.019756000000000003,0.8,9,0.08379,50.98780000000001
2020-07-28,Materials,0.11329499999999999,0.4,9,0.019756000000000003,55.66475
2020-07-29,Materials,0.03818,0.6,4,0.11329499999999999,51.909000000000006
2020-07-30,Materials,0.0039000000000000033,1.0,12,0.03818,50.195
2020-07-31,Materials,0.05464,0.2,1,0.0039000000000000033,52.732
2020-08-03,Materials,0.2535,0.4,2,0.05464,62.675000000000004
2020-08-04,Materials,0.11839999999999999,0.8,4,0.2535,55.92
2020-08-05,Materials,-0.01027,0.6,4,0.11839999999999999,49.4865
2020-08-06,Materials,0.20776,0.6,3,-0.01027,60.388
2020-08-07,Materials,0.0,0.0,0,0.20776,50.0
2020-08-10,Materials,0.09034666666666666,0.6,5,0.0,54.517333333333326
2020-08-11,Materials,0.0,0.2,4,0.09034666666666666,50.0
2020-08-12,Materials,0.0,0.0,0,0.0,50.0
2020-08-13,Materials,0.0,0.2,1,0.0,50.0
2020-08-14,Materials,0.0,0.6,3,0.0,50.0
2020-08-17,Materials,0.1865,0.6,6,0.0,59.325
2020-08-18,Materials,0.059199999999999996,0.6,3,0.1865,52.959999999999994
2020-08-19,Materials,0.0,0.2,2,0.059199999999999996,50.0
2020-08-20,Materials,0.0,0.6,5,0.0,50.0
2020-08-21,Materials,-0.0256,0.2,1,0.0,48.72
2020-08-24,Materials,0.04046,0.6,3,-0.0256,52.022999999999996
2020-08-25,Materials,-0.03558,0.2,1,0.04046,48.221000000000004
2020-08-26,Materials,0.059199999999999996,0.2,1,-0.03558,52.959999999999994
2020-08-27,Materials,0.0,0.4,3,0.059199999999999996,50.0
2020-08-28,Materials,-0.015086666666666668,0.4,4,0.0,49.245666666666665
2020-08-31,Materials,0.0,0.4,2,-0.015086666666666668,50.0
2020-09-01,Materials,0.0,0.0,0,0.0,50.0
2020-09-02,Materials,0.0,0.6,3,0.0,50.0
2020-09-03,Materials,0.02294,0.4,5,0.0,51.147
2020-09-04,Materials,0.029599999999999998,0.6,5,0.02294,51.480000000000004
2020-09-08,Materials,0.05,0.4,2,0.029599999999999998,52.5
2020-09-09,Materials,0.0,0.0,0,0.05,50.0
2020-09-10,Materials,0.06582,0.4,2,0.0,53.291
2020-09-11,Materials,-0.059199999999999996,0.2,1,0.06582,47.04
2020-09-14,Materials,0.021075,0.4,6,-0.059199999999999996,51.05375
2020-09-15,Materials,0.0,0.0,0,0.021075,50.0
2020-09-16,Materials,0.0,0.4,2,0.0,50.0
2020-09-17,Materials,0.097435,0.6,7,0.0,54.87175
2020-09-18,Materials,0.0,0.0,0,0.097435,50.0
2020-09-21,Materials,0.13141,0.6,5,0.0,56.5705
2020-09-22,Materials,0.0,0.0,0,0.13141,50.0
2020-09-23,Materials,0.0,0.2,1,0.0,50.0
2020-09-24,Materials,0.12738,0.2,1,0.0,56.369
2020-09-25,Materials,0.0,0.2,1,0.12738,50.0
2020-09-28,Materials,-0.01996,0.8,6,0.0,49.002
2020-09-29,Materials,0.0,0.0,0,-0.01996,50.0
2020-09-30,Materials,0.0,0.4,2,0.0,50.0
2020-10-01,Materials,0.0,0.0,0,0.0,50.0
2020-10-02,Materials,0.0,0.0,0,0.0,50.0
2020-10-05,Materials,0.05786,0.4,5,0.0,52.893
2020-10-06,Materials,0.0,0.0,0,0.05786,50.0
2020-10-07,Materials,0.0,0.2,1,0.0,50.0
2020-10-08,Materials,0.0,0.2,1,0.0,50.0
2020-10-09,Materials,0.0,0.2,2,0.0,50.0
2020-10-12,Materials,0.04046,0.4,4,0.0,52.022999999999996
2020-10-13,Materials,0.0,0.2,1,0.04046,50.0
2020-10-14,Materials,0.11717999999999999,0.2,1,0.0,55.859
2020-10-15,Materials,0.11988000000000001,0.4,2,0.11717999999999999,55.994
2020-10-16,Materials,0.11124,0.2,2,0.11988000000000001,55.562
2020-10-19,Materials,0.24242,0.4,2,0.11124,62.121
2020-10-20,Materials,0.0,0.0,0,0.24242,50.0
2020-10-21,Materials,0.068,0.4,4,0.0,53.400000000000006
2020-10-22,Materials,0.058653333333333335,0.4,15,0.068,52.93266666666667
2020-10-23,Materials,0.0,0.2,2,0.058653333333333335,50.0
2020-10-26,Materials,0.0,0.4,2,0.0,50.0
2020-10-27,Materials,0.0,0.4,5,0.0,50.0
2020-10-28,Materials,0.0,0.0,0,0.0,50.0
2020-10-29,Materials,0.04040200000000001,0.6,10,0.0,52.0201
2020-10-30,Materials,0.0,0.0,0,0.04040200000000001,50.0
2020-11-02,Materials,0.1041,0.4,2,0.0,55.205000000000005
2020-11-03,Materials,0.09152,0.2,1,0.1041,54.576
2020-11-04,Materials,0.0,0.2,2,0.09152,50.0
2020-11-05,Materials,0.0,0.0,0,0.0,50.0
2020-11-06,Materials,0.07832,0.6,3,0.0,53.916
2020-11-09,Materials,0.0,0.0,0,0.07832,50.0
2020-11-10,Materials,-0.068,0.4,2,0.0,46.599999999999994
2020-11-11,Materials,0.049333333333333326,0.4,5,-0.068,52.46666666666666
2020-11-12,Materials,0.04404,0.8,5,0.049333333333333326,52.202000000000005
2020-11-13,Materials,0.14838,0.8,5,0.04404,57.419
2020-11-16,Materials,0.14817,0.6,4,0.14838,57.4085
2020-11-17,Materials,0.08808,0.4,2,0.14817,54.403999999999996
2020-11-18,Materials,0.0,0.0,0,0.08808,50.0
2020-11-19,Materials,0.08252000000000001,0.6,3,0.0,54.126
2020-11-20,Materials,0.0,0.0,0,0.08252000000000001,50.0
2020-11-23,Materials,0.04046,1.0,9,0.0,52.022999999999996
2020-11-24,Materials,0.08808,0.2,1,0.04046,54.403999999999996
2020-11-25,Materials,0.10717333333333331,0.4,4,0.08808,55.358666666666664
2020-11-27,Materials,0.0,0.2,1,0.10717333333333331,50.0
2020-11-30,Materials,0.04046,0.4,2,0.0,52.022999999999996
2020-12-01,Materials,0.12248,0.4,2,0.04046,56.123999999999995
2020-12-02,Materials,0.09152,0.6,4,0.12248,54.576
2020-12-03,Materials,0.0,0.2,1,0.09152,50.0
2020-12-04,Materials,0.0,0.0,0,0.0,50.0
2020-12-07,Materials,0.0,0.2,2,0.0,50.0
2020-12-08,Materials,-0.008533333333333334,0.2,3,0.0,49.57333333333334
2020-12-09,Materials,0.05037333333333334,0.4,4,-0.008533333333333334,52.51866666666667
2020-12-10,Materials,0.059199999999999996,0.2,1,0.05037333333333334,52.959999999999994
2020-12-11,Materials,0.0,0.2,1,0.059199999999999996,50.0
2020-12-14,Materials,0.0,0.0,0,0.0,50.0
2020-12-15,Materials,0.0,0.4,3,0.0,50.0
2020-12-16,Materials,0.0,0.4,2,0.0,50.0
2020-12-17,Materials,0.08808,0.6,3,0.0,54.403999999999996
2020-12-18,Materials,0.09069999999999999,0.8,7,0.08808,54.535
2020-12-21,Materials,0.15333000000000002,0.8,5,0.09069999999999999,57.6665
2020-12-22,Materials,0.0,0.4,2,0.15333000000000002,50.0
2020-12-23,Materials,0.0,0.0,0,0.0,50.0
2020-12-24,Materials,0.0,0.0,0,0.0,50.0
2020-12-28,Materials,0.0,0.4,2,0.0,50.0
2020-12-29,Materials,0.09534000000000001,0.4,3,0.0,54.766999999999996
2020-12-30,Materials,0.06364,0.2,1,0.09534000000000001,53.181999999999995
2020-12-31,Materials,0.08038,0.2,1,0.06364,54.01899999999999
2021-01-04,Materials,0.04404,0.6,6,0.08038,52.202000000000005
2021-01-05,Materials,0.12264,0.6,3,0.04404,56.132000000000005
2021-01-06,Materials,0.0843,0.2,1,0.12264,54.215
2021-01-07,Materials,-0.06824,0.4,2,0.0843,46.588
2021-01-08,Materials,0.010928,0.4,6,-0.06824,50.546400000000006
2021-01-11,Materials,0.13232,0.8,6,0.010928,56.616
2021-01-12,Materials,0.0,0.4,2,0.13232,50.0
2021-01-13,Materials,0.0,0.4,2,0.0,50.0
2021-01-14,Materials,0.0,0.2,1,0.0,50.0
2021-01-15,Materials,0.0,0.6,6,0.0,50.0
2021-01-19,Materials,-0.17012000000000002,0.4,2,0.0,41.494
2021-01-20,Materials,0.0,0.2,1,-0.17012000000000002,50.0
2021-01-21,Materials,0.050780000000000006,0.8,4,0.0,52.539
2021-01-22,Materials,0.07224,0.2,1,0.050780000000000006,53.612
2021-01-25,Materials,-0.0448,0.6,3,0.07224,47.760000000000005
2021-01-26,Materials,-0.008533333333333334,0.2,3,-0.0448,49.57333333333334
2021-01-27,Materials,0.0,0.4,3,-0.008533333333333334,50.0
2021-01-28,Materials,0.10082499999999998,0.8,14,0.0,55.04125
2021-01-29,Materials,0.04046,0.4,2,0.10082499999999998,52.022999999999996
2021-02-01,Materials,0.016076,0.8,10,0.04046,50.803799999999995
2021-02-02,Materials,0.0,0.2,1,0.016076,50.0
2021-02-03,Materials,0.02064,0.6,3,0.0,51.032
2021-02-04,Materials,0.0,0.0,0,0.02064,50.0
2021-02-05,Materials,0.0,0.4,3,0.0,50.0
2021-02-08,Materials,0.08928,0.4,3,0.0,54.464
2021-02-09,Materials,0.09921333333333332,0.4,8,0.08928,54.96066666666667
2021-02-10,Materials,0.04588,0.4,3,0.09921333333333332,52.294
2021-02-11,Materials,0.0,0.0,0,0.04588,50.0
2021-02-12,Materials,0.0,0.0,0,0.0,50.0
2021-02-16,Materials,0.08116000000000001,0.6,3,0.0,54.05800000000001
2021-02-17,Materials,0.11369,0.6,4,0.08116000000000001,55.6845
2021-02-18,Materials,0.06926,0.4,10,0.11369,53.46300000000001
2021-02-19,Materials,0.061309999999999996,0.6,4,0.06926,53.0655
2021-02-22,Materials,0.010286666666666666,0.8,8,0.061309999999999996,50.514333333333326
2021-02-23,Materials,0.009569999999999995,0.8,5,0.010286666666666666,50.478500000000004
2021-02-24,Materials,0.0,0.4,3,0.009569999999999995,50.0
2021-02-25,Materials,0.0,0.6,4,0.0,50.0
2021-02-26,Materials,0.029599999999999998,0.6,4,0.0,51.480000000000004
2021-03-01,Materials,0.0026699999999999944,0.8,5,0.029599999999999998,50.1335
2021-03-02,Materials,0.0,0.4,4,0.0026699999999999944,50.0
2021-03-03,Materials,0.0,0.0,0,0.0,50.0
2021-03-04,Materials,0.059199999999999996,0.2,1,0.0,52.959999999999994
2021-03-05,Materials,0.068,0.4,2,0.059199999999999996,53.400000000000006
2021-03-08,Materials,0.059693333333333334,0.6,7,0.068,52.98466666666667
2021-03-09,Materials,0.0,0.2,1,0.059693333333333334,50.0
2021-03-10,Materials,0.04278,0.2,2,0.0,52.139
2021-03-11,Materials,0.12827,0.4,3,0.04278,56.413500000000006
2021-03-12,Materials,0.059199999999999996,0.4,2,0.12827,52.959999999999994
2021-03-15,Materials,0.0,0.4,3,0.059199999999999996,50.0
2021-03-16,Materials,0.0,0.2,1,0.0,50.0
2021-03-17,Materials,0.02732,0.2,2,0.0,51.366
2021-03-18,Materials,0.0,0.0,0,0.02732,50.0
2021-03-19,Materials,0.068,0.4,2,0.0,53.400000000000006
2021-03-22,Materials,0.04046,0.4,3,0.068,52.022999999999996
2021-03-23,Materials,-0.05,0.4,3,0.04046,47.5
2021-03-24,Materials,0.05464,0.4,2,-0.05,52.732
2021-03-25,Materials,0.10568999999999999,0.4,4,0.05464,55.2845
2021-03-26,Materials,-0.11839999999999999,0.6,5,0.10568999999999999,44.080000000000005
2021-03-29,Materials,0.0,0.0,0,-0.11839999999999999,50.0
2021-03-30,Materials,0.0,0.0,0,0.0,50.0
2021-03-31,Materials,0.059199999999999996,0.4,2,0.0,52.959999999999994
2021-04-01,Materials,0.0,0.6,5,0.059199999999999996,50.0
2021-04-05,Materials,0.12109,0.4,3,0.0,56.0545
2021-04-06,Materials,0.03558,0.2,1,0.12109,51.778999999999996
2021-04-07,Materials,-0.06364,0.4,2,0.03558,46.818
2021-04-08,Materials,0.13013999999999998,0.8,5,-0.06364,56.507
2021-04-09,Materials,0.0,0.0,0,0.13013999999999998,50.0
2021-04-12,Materials,0.04046,0.6,4,0.0,52.022999999999996
2021-04-13,Materials,0.0,0.0,0,0.04046,50.0
2021-04-14,Materials,0.11750000000000001,0.8,4,0.0,55.875
2021-04-15,Materials,0.0,0.0,0,0.11750000000000001,50.0
2021-04-16,Materials,0.0,0.4,2,0.0,50.0
2021-04-19,Materials,0.20092,0.6,3,0.0,60.046
2021-04-20,Materials,-0.00516,0.2,1,0.20092,49.742
2021-04-21,Materials,0.19538000000000003,0.8,5,-0.00516,59.769000000000005
2021-04-22,Materials,0.041075714285714285,0.4,11,0.19538000000000003,52.053785714285716
2021-04-23,Materials,0.04404,0.4,3,0.041075714285714285,52.202000000000005
2021-04-26,Materials,0.0,0.2,1,0.04404,50.0
2021-04-27,Materials,0.0684,0.4,5,0.0,53.42
2021-04-28,Materials,0.11148,0.2,1,0.0684,55.574
2021-04-29,Materials,0.019733333333333332,0.4,4,0.11148,50.98666666666667
2021-04-30,Materials,-0.04526,0.2,1,0.019733333333333332,47.737
2021-05-03,Materials,0.02732,0.6,5,-0.04526,51.366
2021-05-04,Materials,-0.012937500000000001,0.8,11,0.02732,49.353125
2021-05-05,Materials,0.17182,0.2,1,-0.012937500000000001,58.591
2021-05-06,Materials,0.04404,0.8,5,0.17182,52.202000000000005
2021-05-07,Materials,0.0,0.0,0,0.04404,50.0
2021-05-10,Materials,0.15298,0.8,5,0.0,57.648999999999994
2021-05-11,Materials,0.06808,0.2,2,0.15298,53.403999999999996
2021-05-12,Materials,0.09878,0.2,1,0.06808,54.93900000000001
2021-05-13,Materials,0.0,0.2,2,0.09878,50.0
2021-05-14,Materials,0.059199999999999996,0.4,2,0.0,52.959999999999994
2021-05-17,Materials,0.11369599999999999,0.4,6,0.059199999999999996,55.6848
2021-05-18,Materials,0.05904,0.6,5,0.11369599999999999,52.952
2021-05-19,Materials,-0.08038,0.4,2,0.05904,45.981
2021-05-20,Materials,0.0,0.4,3,-0.08038,50.0
2021-05-21,Materials,0.03182,0.2,2,0.0,51.591
2021-05-24,Materials,0.08449999999999999,0.8,5,0.03182,54.225
2021-05-25,Materials,0.08038,0.6,3,0.08449999999999999,54.01899999999999
2021-05-26,Materials,0.0,0.4,2,0.08038,50.0
2021-05-27,Materials,0.14282,0.6,3,0.0,57.141
2021-05-28,Materials,0.08954,0.6,5,0.14282,54.477
2021-06-01,Materials,0.07872,0.4,4,0.08954,53.93599999999999
2021-06-02,Materials,0.0,0.2,2,0.07872,50.0
2021-06-03,Materials,0.16076,0.8,5,0.0,58.038000000000004
2021-06-04,Materials,0.0,0.2,2,0.16076,50.0
2021-06-07,Materials,0.088285,0.8,9,0.0,54.414249999999996
2021-06-08,Materials,0.07224,0.6,5,0.088285,53.612
2021-06-09,Materials,0.0,0.2,1,0.07224,50.0
2021-06-10,Materials,0.0,0.2,1,0.0,50.0
2021-06-11,Materials,0.0,0.4,2,0.0,50.0
2021-06-14,Materials,0.20373999999999998,0.6,4,0.0,60.187000000000005
2021-06-15,Materials,0.0,0.2,1,0.20373999999999998,50.0
2021-06-16,Materials,0.0,0.4,2,0.0,50.0
2021-06-17,Materials,0.035412,0.8,9,0.0,51.7706
2021-06-18,Materials,0.08879999999999999,0.6,4,0.035412,54.44
2021-06-21,Materials,0.026973333333333332,0.6,5,0.08879999999999999,51.34866666666667
2021-06-22,Materials,0.04215,0.4,3,0.026973333333333332,52.107499999999995
2021-06-23,Materials,0.0,0.0,0,0.04215,50.0
2021-06-24,Materials,0.07894,0.8,4,0.0,53.947
2021-06-25,Materials,0.030153333333333338,0.4,4,0.07894,51.507666666666665
2021-06-28,Materials,0.0,0.4,2,0.030153333333333338,50.0
2021-06-29,Materials,0.00516,0.2,1,0.0,50.258
2021-06-30,Materials,0.0,0.0,0,0.00516,50.0
2021-07-01,Materials,0.04046,0.6,3,0.0,52.022999999999996
2021-07-02,Materials,0.059199999999999996,0.2,1,0.04046,52.959999999999994
2021-07-06,Materials,0.06361,0.8,5,0.059199999999999996,53.180499999999995
2021-07-07,Materials,0.0,0.2,1,0.06361,50.0
2021-07-08,Materials,-0.04887999999999999,0.8,5,0.0,47.556
2021-07-09,Materials,0.0,0.0,0,-0.04887999999999999,50.0
2021-07-12,Materials,0.07636,0.2,1,0.0,53.818
2021-07-13,Materials,0.0,0.4,2,0.07636,50.0
2021-07-14,Materials,0.0,0.2,1,0.0,50.0
2021-07-15,Materials,0.08038,0.4,2,0.0,54.01899999999999
2021-07-16,Materials,0.068,0.6,4,0.08038,53.400000000000006
2021-07-19,Materials,-0.013630000000000003,0.6,6,0.068,49.3185
2021-07-20,Materials,0.08084,0.6,3,-0.013630000000000003,54.042
2021-07-21,Materials,-0.03292666666666667,0.6,8,0.08084,48.35366666666667
2021-07-22,Materials,0.095724,0.8,10,-0.03292666666666667,54.786199999999994
2021-07-23,Materials,0.0,0.4,2,0.095724,50.0
2021-07-26,Materials,0.06344000000000001,0.6,5,0.0,53.172
2021-07-27,Materials,0.11778,0.6,5,0.06344000000000001,55.889
2021-07-28,Materials,0.0,0.0,0,0.11778,50.0
2021-07-29,Materials,0.20673,0.8,5,0.0,60.3365
2021-07-30,Materials,0.059199999999999996,0.2,1,0.20673,52.959999999999994
2021-08-02,Materials,0.0,0.4,2,0.059199999999999996,50.0
2021-08-03,Materials,0.11262499999999998,0.6,16,0.0,55.63125
2021-08-04,Materials,0.0,0.8,4,0.11262499999999998,50.0
2021-08-05,Materials,0.0,0.4,2,0.0,50.0
2021-08-06,Materials,0.0,0.2,1,0.0,50.0
2021-08-09,Materials,0.018213333333333335,0.2,3,0.0,50.91066666666667
2021-08-10,Materials,0.01366,0.2,4,0.018213333333333335,50.683
2021-08-11,Materials,-0.08430444444444445,0.4,10,0.01366,45.78477777777778
2021-08-12,Materials,0.08038,0.6,3,-0.08430444444444445,54.01899999999999
2021-08-13,Materials,0.0,0.4,2,0.08038,50.0
2021-08-16,Materials,0.04046,1.0,6,0.0,52.022999999999996
2021-08-17,Materials,0.14350000000000002,0.4,2,0.04046,57.175
2021-08-18,Materials,0.12294000000000001,0.6,3,0.14350000000000002,56.147000000000006
2021-08-19,Materials,-0.01531,0.6,5,0.12294000000000001,49.2345
2021-08-20,Materials,0.008139999999999991,0.4,2,-0.01531,50.407000000000004
2021-08-23,Materials,0.08906,0.8,6,0.008139999999999991,54.452999999999996
2021-08-24,Materials,0.0,0.2,1,0.08906,50.0
2021-08-25,Materials,0.0,0.2,2,0.0,50.0
2021-08-26,Materials,0.059199999999999996,0.2,1,0.0,52.959999999999994
2021-08-27,Materials,0.09878,0.4,3,0.059199999999999996,54.93900000000001
2021-08-30,Materials,0.11148,0.8,4,0.09878,55.574
2021-08-31,Materials,0.02266666666666667,0.4,4,0.11148,51.13333333333333
2021-09-01,Materials,0.0,0.2,1,0.02266666666666667,50.0
2021-09-02,Materials,0.0,0.4,2,0.0,50.0
2021-09-03,Materials,0.0,0.0,0,0.0,50.0
2021-09-07,Materials,0.02679333333333333,0.2,3,0.0,51.33966666666666
2021-09-08,Materials,-0.10744000000000001,0.6,6,0.02679333333333333,44.628
2021-09-09,Materials,-0.030779999999999995,0.4,2,-0.10744000000000001,48.461
2021-09-10,Materials,0.0,0.4,2,-0.030779999999999995,50.0
2021-09-13,Materials,0.07007333333333333,1.0,8,0.0,53.503666666666675
2021-09-14,Materials,0.07636,0.6,3,0.07007333333333333,53.818
2021-09-15,Materials,0.0,0.0,0,0.07636,50.0
2021-09-16,Materials,0.059199999999999996,0.4,3,0.0,52.959999999999994
2021-09-17,Materials,0.12798,0.6,6,0.059199999999999996,56.399
2021-09-20,Materials,0.12561,0.8,11,0.12798,56.2805
2021-09-21,Materials,0.0,0.2,1,0.12561,50.0
2021-09-22,Materials,0.03682,1.0,8,0.0,51.841
2021-09-23,Materials,0.0,0.2,1,0.03682,50.0
2021-09-24,Materials,0.0,0.4,3,0.0,50.0
2021-09-27,Materials,0.04019,0.4,3,0.0,52.009499999999996
2021-09-28,Materials,0.0,0.4,2,0.04019,50.0
2021-09-29,Materials,0.0,0.4,2,0.0,50.0
2021-09-30,Materials,0.12498000000000001,0.6,5,0.0,56.249
2021-10-01,Materials,0.0,0.2,1,0.12498000000000001,50.0
2021-10-04,Materials,0.0,0.0,0,0.0,50.0
2021-10-05,Materials,-0.00411999999999999,0.6,4,0.0,49.794
2021-10-06,Materials,0.10254095238095237,0.6,14,-0.00411999999999999,55.12704761904762
2021-10-07,Materials,0.12738,0.6,3,0.10254095238095237,56.369
2021-10-08,Materials,0.148,0.8,5,0.12738,57.4
2021-10-11,Materials,0.1889,1.0,6,0.148,59.445
2021-10-12,Materials,-0.08155,0.2,2,0.1889,45.9225
2021-10-13,Materials,-0.008615000000000001,0.6,6,-0.08155,49.56925
2021-10-14,Materials,-0.05106000000000001,0.4,3,-0.008615000000000001,47.447
2021-10-15,Materials,0.059199999999999996,0.4,2,-0.05106000000000001,52.959999999999994
2021-10-18,Materials,0.12498000000000001,0.4,3,0.059199999999999996,56.249
2021-10-19,Materials,0.0,0.2,1,0.12498000000000001,50.0
2021-10-20,Materials,-0.01779,0.8,5,0.0,49.1105
2021-10-21,Materials,0.08891833333333335,0.8,13,-0.01779,54.44591666666667
2021-10-22,Materials,0.08038,0.6,3,0.08891833333333335,54.01899999999999
2021-10-25,Materials,0.07487,0.6,4,0.08038,53.7435
2021-10-26,Materials,-0.01531,0.4,3,0.07487,49.2345
2021-10-27,Materials,0.10533999999999999,0.4,2,-0.01531,55.266999999999996
2021-10-28,Materials,0.009626666666666669,0.4,5,0.10533999999999999,50.48133333333333
2021-10-29,Materials,0.0,0.2,1,0.009626666666666669,50.0
2021-11-01,Materials,0.0,0.6,4,0.0,50.0
2021-11-02,Materials,-0.11845363636363634,0.8,15,0.0,44.07731818181818
2021-11-03,Materials,0.0,0.0,0,-0.11845363636363634,50.0
2021-11-04,Materials,0.0,0.4,2,0.0,50.0
2021-11-05,Materials,0.04215,0.6,4,0.0,52.107499999999995
2021-11-08,Materials,0.094256,0.4,6,0.04215,54.71280000000001
2021-11-09,Materials,0.059199999999999996,0.2,1,0.094256,52.959999999999994
2021-11-10,Materials,0.09029333333333334,0.2,3,0.059199999999999996,54.51466666666667
2021-11-11,Materials,-0.02023,0.2,2,0.09029333333333334,48.9885
2021-11-12,Materials,0.08158666666666667,0.6,5,-0.02023,54.07933333333334
2021-11-15,Materials,0.12738,0.4,2,0.08158666666666667,56.369
2021-11-16,Materials,0.07368,0.8,6,0.12738,53.684
2021-11-17,Materials,-0.02044,0.4,3,0.07368,48.978
2021-11-18,Materials,0.0,0.2,1,-0.02044,50.0
2021-11-19,Materials,0.0,0.2,2,0.0,50.0
2021-11-22,Materials,0.25709499999999996,1.0,9,0.0,62.85475
2021-11-23,Materials,0.050780000000000006,0.4,2,0.25709499999999996,52.539
2021-11-24,Materials,0.0,0.6,3,0.050780000000000006,50.0
2021-11-26,Materials,0.0,0.4,2,0.0,50.0
2021-11-29,Materials,0.0,0.4,3,0.0,50.0
2021-11-30,Materials,0.08065,0.4,3,0.0,54.03249999999999
2021-12-01,Materials,-0.03996,0.2,3,0.08065,48.002
2021-12-02,Materials,-0.14220666666666668,0.6,5,-0.03996,42.88966666666666
2021-12-03,Materials,-0.006443333333333333,0.4,7,-0.14220666666666668,49.67783333333333
2021-12-06,Materials,0.047670000000000004,0.4,3,-0.006443333333333333,52.383500000000005
2021-12-07,Materials,0.0,0.2,2,0.047670000000000004,50.0
2021-12-08,Materials,0.08808,0.4,2,0.0,54.403999999999996
2021-12-09,Materials,0.19453,1.0,7,0.08808,59.7265
2021-12-10,Materials,0.068,0.2,1,0.19453,53.400000000000006
2021-12-13,Materials,0.0,0.2,2,0.068,50.0
2021-12-14,Materials,0.14552,0.6,6,0.0,57.276
2021-12-15,Materials,0.13557999999999998,0.6,6,0.14552,56.779
2021-12-16,Materials,0.02145333333333333,0.4,5,0.13557999999999998,51.07266666666666
2021-12-17,Materials,0.0,0.2,1,0.02145333333333333,50.0
2021-12-20,Materials,0.03256,0.6,3,0.0,51.62799999999999
2021-12-21,Materials,0.0,0.0,0,0.03256,50.0
2021-12-22,Materials,0.0,0.0,0,0.0,50.0
2021-12-23,Materials,0.16787000000000002,1.0,7,0.0,58.393499999999996
2021-12-27,Materials,-0.02054,0.2,1,0.16787000000000002,48.973
2021-12-28,Materials,0.10881,0.8,10,-0.02054,55.4405
2021-12-29,Materials,0.12738,0.2,1,0.10881,56.369
2021-12-30,Materials,0.04019,0.4,3,0.12738,52.009499999999996
2021-12-31,Materials,0.0,0.0,0,0.04019,50.0
2022-01-03,Materials,0.04046,0.4,2,0.0,52.022999999999996
2022-01-04,Materials,0.0,0.4,3,0.04046,50.0
2022-01-05,Materials,0.018213333333333335,0.2,3,0.0,50.91066666666667
2022-01-06,Materials,0.14086666666666667,0.6,5,0.018213333333333335,57.04333333333334
2022-01-07,Materials,0.04019,0.2,2,0.14086666666666667,52.009499999999996
2022-01-10,Materials,0.059199999999999996,0.4,2,0.04019,52.959999999999994
2022-01-11,Materials,0.0,0.2,1,0.059199999999999996,50.0
2022-01-12,Materials,0.0,0.4,2,0.0,50.0
2022-01-13,Materials,0.11046,0.4,4,0.0,55.523
2022-01-14,Materials,0.08186666666666667,0.4,4,0.11046,54.09333333333334
2022-01-18,Materials,0.011025333333333333,0.6,9,0.08186666666666667,50.55126666666667
2022-01-19,Materials,0.08371333333333333,0.6,7,0.011025333333333333,54.18566666666666
2022-01-20,Materials,0.0354,0.8,8,0.08371333333333333,51.77
2022-01-21,Materials,0.018213333333333335,0.8,7,0.0354,50.91066666666667
2022-01-24,Materials,0.13701999999999998,1.0,15,0.018213333333333335,56.851
2022-01-25,Materials,0.04019,0.8,5,0.13701999999999998,52.009499999999996
2022-01-26,Materials,0.02023,0.6,4,0.04019,51.0115
2022-01-27,Materials,0.11991749999999998,1.0,19,0.02023,55.995875
2022-01-28,Materials,0.0,0.2,1,0.11991749999999998,50.0
2022-01-31,Materials,-0.033859999999999994,0.6,3,0.0,48.307
2022-02-01,Materials,0.060833333333333336,0.6,5,-0.033859999999999994,53.041666666666664
2022-02-02,Materials,0.06841,0.6,5,0.060833333333333336,53.420500000000004
2022-02-03,Materials,-0.08808,0.6,3,0.06841,45.596
2022-02-04,Materials,0.034,0.4,4,-0.08808,51.7
2022-02-07,Materials,0.06364,0.4,3,0.034,53.181999999999995
2022-02-08,Materials,0.012630000000000002,0.8,15,0.06364,50.631499999999996
2022-02-09,Materials,0.08038,0.4,2,0.012630000000000002,54.01899999999999
2022-02-10,Materials,-0.03612,0.6,4,0.08038,48.193999999999996
2022-02-11,Materials,0.15433999999999998,0.4,3,-0.03612,57.717
2022-02-14,Materials,0.068,0.4,2,0.15433999999999998,53.400000000000006
2022-02-15,Materials,0.0,0.4,3,0.068,50.0
2022-02-16,Materials,-0.003920000000000002,0.6,3,0.0,49.803999999999995
2022-02-17,Materials,0.0,0.8,6,-0.003920000000000002,50.0
2022-02-18,Materials,-0.15641599999999997,1.0,10,0.0,42.1792
2022-02-22,Materials,0.2171966666666667,0.8,10,-0.15641599999999997,60.859833333333334
2022-02-23,Materials,0.13616,0.8,4,0.2171966666666667,56.808
2022-02-24,Materials,-0.014799999999999999,0.2,4,0.13616,49.26
2022-02-25,Materials,0.0,0.6,4,-0.014799999999999999,50.0
2022-02-28,Materials,0.0,0.6,3,0.0,50.0
2022-03-01,Materials,0.10212000000000002,0.6,3,0.0,55.106
2022-03-02,Materials,0.07998999999999999,0.2,2,0.10212000000000002,53.9995
2022-03-03,Materials,0.0,0.2,1,0.07998999999999999,50.0
2022-03-04,Materials,-0.0041799999999999945,0.8,6,0.0,49.791000000000004
2022-03-07,Materials,0.04526,0.8,4,-0.0041799999999999945,52.263000000000005
2022-03-08,Materials,0.078325,0.6,6,0.04526,53.91625
2022-03-09,Materials,0.05589999999999999,0.6,3,0.078325,52.795
2022-03-10,Materials,0.09483,1.0,8,0.05589999999999999,54.7415
2022-03-11,Materials,0.10415333333333335,0.6,5,0.09483,55.20766666666667
2022-03-14,Materials,0.05,0.4,3,0.10415333333333335,52.5
2022-03-15,Materials,0.11204,0.4,3,0.05,55.602
2022-03-16,Materials,0.14148999999999998,0.4,3,0.11204,57.07449999999999
2022-03-17,Materials,0.017,0.4,6,0.14148999999999998,50.849999999999994
2022-03-18,Materials,0.010940000000000016,0.8,6,0.017,50.547
2022-03-21,Materials,0.12897333333333333,0.8,10,0.010940000000000016,56.44866666666667
2022-03-22,Materials,0.0843,0.6,3,0.12897333333333333,54.215
2022-03-23,Materials,0.0,0.2,1,0.0843,50.0
2022-03-24,Materials,0.06637000000000001,0.4,4,0.0,53.3185
2022-03-25,Materials,0.12554666666666667,0.4,4,0.06637000000000001,56.27733333333333
2022-03-28,Materials,0.03615333333333333,0.2,3,0.12554666666666667,51.80766666666666
2022-03-29,Materials,-0.03716,0.6,4,0.03615333333333333,48.142
2022-03-30,Materials,0.068,0.6,4,-0.03716,53.400000000000006
2022-03-31,Materials,0.23979,0.6,4,0.068,61.9895
2022-04-01,Materials,0.19083999999999998,0.6,3,0.23979,59.541999999999994
2022-04-04,Materials,-0.02515,0.6,4,0.19083999999999998,48.7425
2022-04-05,Materials,0.12086999999999999,0.8,8,-0.02515,56.0435
2022-04-06,Materials,0.16645333333333334,0.8,7,0.12086999999999999,58.32266666666667
2022-04-07,Materials,0.059199999999999996,0.4,2,0.16645333333333334,52.959999999999994
2022-04-08,Materials,0.01779,0.6,5,0.059199999999999996,50.8895
2022-04-11,Materials,0.17826,0.4,4,0.01779,58.913000000000004
2022-04-12,Materials,0.15298099999999998,0.8,14,0.17826,57.64905
2022-04-13,Materials,0.2803916666666667,0.8,9,0.15298099999999998,64.01958333333333
2022-04-14,Materials,0.071135,1.0,11,0.2803916666666667,53.556749999999994
2022-04-18,Materials,0.12001500000000001,1.0,8,0.071135,56.00075
2022-04-19,Materials,0.051439999999999986,0.8,12,0.12001500000000001,52.571999999999996
2022-04-20,Materials,0.06941133333333334,0.6,15,0.051439999999999986,53.47056666666666
2022-04-21,Materials,0.06708044444444446,1.0,20,0.06941133333333334,53.35402222222222
2022-04-22,Materials,0.00656888888888889,0.8,20,0.06708044444444446,50.32844444444444
2022-04-25,Materials,0.19062083333333335,1.0,15,0.00656888888888889,59.531041666666674
2022-04-26,Materials,0.11145000000000001,0.8,13,0.19062083333333335,55.572500000000005
2022-04-27,Materials,0.0,0.4,3,0.11145000000000001,50.0
2022-04-28,Materials,-0.018213333333333335,0.6,6,0.0,49.089333333333336
2022-04-29,Materials,0.0,0.2,1,-0.018213333333333335,50.0
2022-05-02,Materials,0.0,0.6,3,0.0,50.0
2022-05-03,Materials,-0.014173333333333333,0.2,9,0.0,49.291333333333334
2022-05-04,Materials,0.08664000000000001,0.4,3,-0.014173333333333333,54.332
2022-05-05,Materials,0.12494000000000001,0.4,3,0.08664000000000001,56.247
2022-05-06,Materials,0.0012199999999999989,0.6,5,0.12494000000000001,50.061
2022-05-09,Materials,0.0,0.4,2,0.0012199999999999989,50.0
2022-05-10,Materials,0.2419,0.8,8,0.0,62.095
2022-05-11,Materials,0.0,0.2,1,0.2419,50.0
2022-05-12,Materials,0.26960666666666666,0.8,8,0.0,63.48033333333334
2022-05-13,Materials,0.06369,0.4,3,0.26960666666666666,53.1845
2022-05-16,Materials,0.01806,0.2,4,0.06369,50.903
2022-05-17,Materials,0.07167166666666666,0.8,10,0.01806,53.58358333333333
2022-05-18,Materials,0.059199999999999996,0.2,1,0.07167166666666666,52.959999999999994
2022-05-19,Materials,0.13044666666666666,0.6,5,0.059199999999999996,56.52233333333333
2022-05-20,Materials,0.11655,0.6,4,0.13044666666666666,55.82749999999999
2022-05-23,Materials,0.169035,0.6,6,0.11655,58.451750000000004
2022-05-24,Materials,-0.0568,0.4,2,0.169035,47.160000000000004
2022-05-25,Materials,0.09712666666666667,0.6,5,-0.0568,54.85633333333333
2022-05-26,Materials,0.035645,0.8,7,0.09712666666666667,51.78225
2022-05-27,Materials,-0.07432,0.4,2,0.035645,46.284000000000006
2022-05-31,Materials,0.07277,0.6,4,-0.07432,53.6385
2022-06-01,Materials,0.0791,0.8,8,0.07277,53.955
2022-06-02,Materials,0.00516,0.6,3,0.0791,50.258
2022-06-03,Materials,0.04046,0.4,2,0.00516,52.022999999999996
2022-06-06,Materials,0.05872999999999999,0.8,5,0.04046,52.936499999999995
2022-06-07,Materials,0.031019999999999992,0.8,5,0.05872999999999999,51.551
2022-06-08,Materials,0.04939,0.4,3,0.031019999999999992,52.469500000000004
2022-06-09,Materials,0.023219999999999998,0.8,5,0.04939,51.161
2022-06-10,Materials,-0.09534000000000001,0.6,5,0.023219999999999998,45.233000000000004
2022-06-13,Materials,0.03481,0.6,10,-0.09534000000000001,51.7405
2022-06-14,Materials,0.12944,0.8,7,0.03481,56.472
2022-06-15,Materials,0.17692000000000002,0.8,10,0.12944,58.846
2022-06-16,Materials,0.086484,0.4,6,0.17692000000000002,54.3242
2022-06-17,Materials,-0.010889999999999997,0.4,6,0.086484,49.4555
2022-06-21,Materials,0.08520000000000001,0.8,5,-0.010889999999999997,54.26
2022-06-22,Materials,0.05897333333333332,0.6,9,0.08520000000000001,52.94866666666667
2022-06-23,Materials,0.11695666666666667,1.0,12,0.05897333333333332,55.84783333333333
2022-06-24,Materials,0.059199999999999996,0.4,2,0.11695666666666667,52.959999999999994
2022-06-27,Materials,0.21814666666666666,0.8,10,0.059199999999999996,60.907333333333334
2022-06-28,Materials,0.24530000000000002,0.6,4,0.21814666666666666,62.265
2022-06-29,Materials,0.034,0.4,3,0.24530000000000002,51.7
2022-06-30,Materials,0.04427,0.4,3,0.034,52.2135
2022-07-01,Materials,0.08038,0.4,2,0.04427,54.01899999999999
2022-07-05,Materials,0.15793000000000001,0.8,11,0.08038,57.896499999999996
2022-07-06,Materials,0.18658000000000002,0.8,4,0.15793000000000001,59.329
2022-07-07,Materials,-0.040319999999999995,0.8,6,0.18658000000000002,47.984
2022-07-08,Materials,0.06597,0.4,3,-0.040319999999999995,53.298500000000004
2022-07-11,Materials,-0.018499999999999996,1.0,6,0.06597,49.075
2022-07-12,Materials,0.0,0.2,1,-0.018499999999999996,50.0
2022-07-13,Materials,0.03658,0.4,4,0.0,51.829
2022-07-14,Materials,0.08671666666666666,0.8,7,0.03658,54.33583333333334
2022-07-15,Materials,-0.0843,0.2,1,0.08671666666666666,45.785
2022-07-18,Materials,0.0765,0.4,5,-0.0843,53.825
2022-07-19,Materials,0.07422,0.8,6,0.0765,53.711
2022-07-20,Materials,0.03966,0.8,11,0.07422,51.983000000000004
2022-07-21,Materials,0.04207333333333334,0.8,15,0.03966,52.10366666666667
2022-07-22,Materials,-0.010069999999999999,0.6,5,0.04207333333333334,49.4965
2022-07-25,Materials,0.16135803921568628,1.0,25,-0.010069999999999999,58.06790196078432
2022-07-26,Materials,-0.03182,0.8,7,0.16135803921568628,48.409
2022-07-27,Materials,0.08985714285714284,0.4,8,-0.03182,54.49285714285714
2022-07-28,Materials,0.09617,0.6,5,0.08985714285714284,54.8085
2022-07-29,Materials,0.0,0.2,2,0.09617,50.0
2022-08-01,Materials,0.0,0.2,1,0.0,50.0
2022-08-02,Materials,0.06611399999999999,0.6,13,0.0,53.3057
2022-08-03,Materials,0.10557999999999998,0.6,3,0.06611399999999999,55.279
2022-08-04,Materials,0.04609,1.0,6,0.10557999999999998,52.3045
2022-08-05,Materials,0.09534000000000001,0.4,2,0.04609,54.766999999999996
2022-08-08,Materials,0.16576000000000002,0.4,2,0.09534000000000001,58.288000000000004
2022-08-09,Materials,0.0,0.2,1,0.16576000000000002,50.0
2022-08-10,Materials,0.08038,0.4,2,0.0,54.01899999999999
2022-08-11,Materials,0.0,0.0,0,0.08038,50.0
2022-08-12,Materials,0.0,0.0,0,0.0,50.0
2022-08-15,Materials,0.03615333333333333,0.4,4,0.0,51.80766666666666
2022-08-16,Materials,0.03612,0.8,5,0.03615333333333333,51.806
2022-08-17,Materials,0.04404,0.4,3,0.03612,52.202000000000005
2022-08-18,Materials,0.02263,0.8,6,0.04404,51.131499999999996
2022-08-19,Materials,0.0,0.0,0,0.02263,50.0
2022-08-22,Materials,0.05423,0.8,5,0.0,52.7115
2022-08-23,Materials,0.00664,0.6,7,0.05423,50.332
2022-08-24,Materials,0.0,0.4,2,0.00664,50.0
2022-08-25,Materials,0.00258,0.8,5,0.0,50.129000000000005
2022-08-26,Materials,0.057730000000000004,0.6,4,0.00258,52.886500000000005
2022-08-29,Materials,0.001809999999999995,0.6,7,0.057730000000000004,50.090500000000006
2022-08-30,Materials,0.02278,0.6,4,0.001809999999999995,51.139
2022-08-31,Materials,0.00516,0.6,4,0.02278,50.258
2022-09-01,Materials,0.08595,0.4,3,0.00516,54.2975
2022-09-02,Materials,0.09152,0.4,2,0.08595,54.576
2022-09-06,Materials,0.0,0.6,3,0.09152,50.0
2022-09-07,Materials,0.026530000000000005,0.4,4,0.0,51.326499999999996
2022-09-08,Materials,0.18839,0.8,6,0.026530000000000005,59.4195
2022-09-09,Materials,0.10533999999999999,0.4,2,0.18839,55.266999999999996
2022-09-12,Materials,-0.05408999999999999,0.8,6,0.10533999999999999,47.295500000000004
2022-09-13,Materials,0.0256,0.2,1,-0.05408999999999999,51.28
2022-09-14,Materials,0.10938666666666667,0.6,12,0.0256,55.46933333333334
2022-09-15,Materials,0.026026666666666663,0.6,6,0.10938666666666667,51.30133333333333
2022-09-16,Materials,0.0,0.4,2,0.026026666666666663,50.0
2022-09-19,Materials,-0.08276,0.8,6,0.0,45.862
2022-09-20,Materials,0.0,0.0,0,-0.08276,50.0
2022-09-21,Materials,0.034,0.8,6,0.0,51.7
2022-09-22,Materials,0.17044666666666666,0.8,7,0.034,58.52233333333333
2022-09-23,Materials,0.14150666666666667,0.8,8,0.17044666666666666,57.07533333333333
2022-09-26,Materials,0.09908000000000002,0.6,5,0.14150666666666667,54.954
2022-09-27,Materials,0.0,0.2,2,0.09908000000000002,50.0
2022-09-28,Materials,-0.013426666666666661,0.8,6,0.0,49.32866666666666
2022-09-29,Materials,0.0,0.2,1,-0.013426666666666661,50.0
2022-09-30,Materials,0.0,0.6,6,0.0,50.0
2022-10-03,Materials,0.07085,0.6,5,0.0,53.542500000000004
2022-10-04,Materials,0.153,0.4,2,0.07085,57.65
2022-10-05,Materials,0.055900000000000005,0.6,4,0.153,52.795
2022-10-06,Materials,-0.11454,0.6,5,0.055900000000000005,44.273
2022-10-07,Materials,-0.04526,0.4,2,-0.11454,47.737
2022-10-10,Materials,0.09469000000000001,1.0,6,-0.04526,54.7345
2022-10-11,Materials,0.0,0.6,4,0.09469000000000001,50.0
2022-10-12,Materials,0.068,0.2,1,0.0,53.400000000000006
2022-10-13,Materials,0.04019,0.8,5,0.068,52.009499999999996
2022-10-14,Materials,0.0,0.4,2,0.04019,50.0
2022-10-17,Materials,-0.05229999999999999,0.4,5,0.0,47.385
2022-10-18,Materials,0.06652,0.6,6,-0.05229999999999999,53.32599999999999
2022-10-19,Materials,0.0,0.6,4,0.06652,50.0
2022-10-20,Materials,0.022308333333333336,1.0,14,0.0,51.11541666666667
2022-10-21,Materials,0.08782,0.4,3,0.022308333333333336,54.391
2022-10-24,Materials,0.11548666666666667,0.8,8,0.08782,55.77433333333334
2022-10-25,Materials,0.11560666666666668,0.6,5,0.11548666666666667,55.78033333333333
2022-10-26,Materials,0.0,0.4,2,0.11560666666666668,50.0
2022-10-27,Materials,0.08038,0.6,5,0.0,54.01899999999999
2022-10-28,Materials,0.0,0.4,2,0.08038,50.0
2022-10-31,Materials,0.0,0.2,1,0.0,50.0
2022-11-01,Materials,-0.015815000000000003,0.4,6,0.0,49.20925
2022-11-02,Materials,-0.03494666666666667,0.4,4,-0.015815000000000003,48.25266666666666
2022-11-03,Materials,0.03182,0.6,4,-0.03494666666666667,51.591
2022-11-04,Materials,0.0,0.0,0,0.03182,50.0
2022-11-07,Materials,0.0,0.8,5,0.0,50.0
2022-11-08,Materials,0.027465714285714295,0.8,12,0.0,51.37328571428571
2022-11-09,Materials,0.0,0.4,3,0.027465714285714295,50.0
2022-11-10,Materials,0.0,0.4,3,0.0,50.0
2022-11-11,Materials,0.0765,0.4,5,0.0,53.825
2022-11-14,Materials,0.06600000000000002,0.6,4,0.0765,53.300000000000004
2022-11-15,Materials,0.23030999999999996,0.8,5,0.06600000000000002,61.5155
2022-11-16,Materials,0.0,0.0,0,0.23030999999999996,50.0
2022-11-17,Materials,0.14192,0.2,1,0.0,57.096000000000004
2022-11-18,Materials,0.13480666666666669,0.6,5,0.14192,56.74033333333334
2022-11-21,Materials,0.07450000000000001,0.6,6,0.13480666666666669,53.725
2022-11-22,Materials,0.0,0.2,1,0.07450000000000001,50.0
2022-11-23,Materials,0.029599999999999998,0.2,2,0.0,51.480000000000004
2022-11-25,Materials,0.0,0.4,2,0.029599999999999998,50.0
2022-11-28,Materials,0.04046,0.2,1,0.0,52.022999999999996
2022-11-29,Materials,0.0,0.6,7,0.04046,50.0
2022-11-30,Materials,0.22732000000000002,1.0,5,0.0,61.366
2022-12-01,Materials,0.07364666666666667,0.8,7,0.22732000000000002,53.68233333333333
2022-12-02,Materials,-0.068,0.4,2,0.07364666666666667,46.599999999999994
2022-12-05,Materials,0.0,0.4,2,-0.068,50.0
2022-12-06,Materials,0.07366666666666667,0.4,4,0.0,53.68333333333334
2022-12-07,Materials,0.0,0.0,0,0.07366666666666667,50.0
2022-12-08,Materials,0.068,0.4,2,0.0,53.400000000000006
2022-12-09,Materials,0.06369,0.4,3,0.068,53.1845
2022-12-12,Materials,-0.07432,0.4,2,0.06369,46.284000000000006
2022-12-13,Materials,0.09251000000000001,0.4,3,-0.07432,54.6255
2022-12-14,Materials,0.03818,0.6,4,0.09251000000000001,51.909000000000006
2022-12-15,Materials,0.0,0.4,3,0.03818,50.0
2022-12-16,Materials,-0.12498000000000001,0.2,1,0.0,43.751
2022-12-19,Materials,0.03292666666666667,0.4,4,-0.12498000000000001,51.64633333333334
2022-12-20,Materials,0.15791333333333335,0.8,7,0.03292666666666667,57.89566666666667
2022-12-21,Materials,0.10184,0.6,3,0.15791333333333335,55.092
2022-12-22,Materials,0.0,0.4,2,0.10184,50.0
2022-12-23,Materials,0.0,0.2,1,0.0,50.0
2022-12-27,Materials,0.17012000000000002,0.4,2,0.0,58.506
2022-12-28,Materials,0.02732,0.6,4,0.17012000000000002,51.366
2022-12-29,Materials,0.02326,0.4,4,0.02732,51.163000000000004
2022-12-30,Materials,-0.03182,0.2,2,0.02326,48.409
2023-01-03,Materials,0.10212000000000002,0.8,4,-0.03182,55.106
2023-01-04,Materials,0.04404,0.4,4,0.10212000000000002,52.202000000000005
2023-01-05,Materials,0.12264,1.0,7,0.04404,56.132000000000005
2023-01-06,Materials,0.0,0.4,5,0.12264,50.0
2023-01-09,Materials,0.08038,1.0,10,0.0,54.01899999999999
2023-01-10,Materials,0.08038,0.6,3,0.08038,54.01899999999999
2023-01-11,Materials,0.15686166666666668,0.8,10,0.08038,57.84308333333333
2023-01-12,Materials,0.12682,0.8,5,0.15686166666666668,56.340999999999994
2023-01-13,Materials,0.28611,1.0,10,0.12682,64.3055
2023-01-17,Materials,0.10938,0.6,7,0.28611,55.469
2023-01-18,Materials,0.10169500000000001,0.6,7,0.10938,55.08475000000001
2023-01-19,Materials,0.10330666666666669,0.8,11,0.10169500000000001,55.165333333333336
2023-01-20,Materials,0.10002666666666667,0.6,5,0.10330666666666669,55.001333333333335
2023-01-23,Materials,0.05495833333333333,0.6,9,0.10002666666666667,52.74791666666667
2023-01-24,Materials,0.056065,0.6,7,0.05495833333333333,52.80325
2023-01-25,Materials,-0.09030399999999998,1.0,11,0.056065,45.4848
2023-01-26,Materials,0.075,1.0,26,-0.09030399999999998,53.75
2023-01-27,Materials,0.059199999999999996,0.4,3,0.075,52.959999999999994
2023-01-30,Materials,0.09517499999999998,0.4,6,0.059199999999999996,54.75875
2023-01-31,Materials,0.04391,0.6,4,0.09517499999999998,52.195499999999996
2023-02-01,Materials,0.0,0.2,1,0.04391,50.0
2023-02-02,Materials,0.014215000000000002,0.6,6,0.0,50.710750000000004
2023-02-03,Materials,-0.013783999999999996,0.8,9,0.014215000000000002,49.3108
2023-02-06,Materials,0.06872999999999999,0.8,17,-0.013783999999999996,53.436499999999995
2023-02-07,Materials,-0.06531833333333334,1.0,19,0.06872999999999999,46.73408333333333
2023-02-08,Materials,0.08038,0.6,3,-0.06531833333333334,54.01899999999999
2023-02-09,Materials,-0.04826999999999999,0.8,8,0.08038,47.5865
2023-02-10,Materials,0.04404,0.4,3,-0.04826999999999999,52.202000000000005
2023-02-13,Materials,-0.00258,0.8,8,0.04404,49.870999999999995
2023-02-14,Materials,0.04526,0.6,3,-0.00258,52.263000000000005
2023-02-15,Materials,0.033557142857142855,0.4,10,0.04526,51.67785714285714
2023-02-16,Materials,0.07597999999999999,0.8,7,0.033557142857142855,53.799
2023-02-17,Materials,-0.014540000000000003,0.6,6,0.07597999999999999,49.273
2023-02-21,Materials,-0.026625,0.6,10,-0.014540000000000003,48.66875
2023-02-22,Materials,0.06795999999999999,0.6,8,-0.026625,53.398
2023-02-23,Materials,-0.0027966666666666713,0.8,13,0.06795999999999999,49.860166666666665
2023-02-24,Materials,0.08332333333333333,0.8,7,-0.0027966666666666713,54.16616666666667
2023-02-27,Materials,0.2454,0.8,6,0.08332333333333333,62.27
2023-02-28,Materials,0.10212000000000002,0.2,1,0.2454,55.106
2023-03-01,Materials,0.095332,0.6,8,0.10212000000000002,54.7666
2023-03-02,Materials,-0.03498,0.8,8,0.095332,48.251
2023-03-03,Materials,0.00024799999999999936,0.8,8,-0.03498,50.0124
2023-03-06,Materials,0.034,0.8,6,0.00024799999999999936,51.7
2023-03-07,Materials,0.047670000000000004,0.8,6,0.034,52.383500000000005
2023-03-08,Materials,0.0991,0.8,7,0.047670000000000004,54.955
2023-03-09,Materials,-0.01531,0.6,7,0.0991,49.2345
2023-03-10,Materials,0.084,0.8,5,-0.01531,54.2
2023-03-13,Materials,0.13992,1.0,8,0.084,56.996
2023-03-14,Materials,0.06376000000000001,0.8,13,0.13992,53.188
2023-03-15,Materials,0.08374181818181818,1.0,15,0.06376000000000001,54.187090909090905
2023-03-16,Materials,0.07726666666666668,0.6,7,0.08374181818181818,53.86333333333333
2023-03-17,Materials,0.01797714285714286,0.6,12,0.07726666666666668,50.898857142857146
2023-03-20,Materials,0.14259666666666668,0.6,8,0.01797714285714286,57.12983333333334
2023-03-21,Materials,0.021875,0.8,12,0.14259666666666668,51.09375000000001
2023-03-22,Materials,0.07820666666666667,0.8,6,0.021875,53.91033333333334
2023-03-23,Materials,0.046794999999999996,0.8,9,0.07820666666666667,52.339749999999995
2023-03-24,Materials,0.0,0.2,1,0.046794999999999996,50.0
2023-03-27,Materials,0.01146666666666667,0.4,5,0.0,50.57333333333334
2023-03-28,Materials,0.14841,0.4,4,0.01146666666666667,57.4205
2023-03-29,Materials,0.08631333333333333,0.6,8,0.14841,54.315666666666665
2023-03-30,Materials,0.09992999999999999,0.6,6,0.08631333333333333,54.996500000000005
2023-03-31,Materials,0.023930000000000007,0.6,5,0.09992999999999999,51.1965
2023-04-03,Materials,-0.052669999999999995,0.8,5,0.023930000000000007,47.3665
2023-04-04,Materials,0.06972666666666667,0.6,6,-0.052669999999999995,53.486333333333334
2023-04-05,Materials,0.17040000000000002,0.6,4,0.06972666666666667,58.52
2023-04-06,Materials,0.14561,0.8,6,0.17040000000000002,57.2805
2023-04-10,Materials,0.12084285714285714,0.8,11,0.14561,56.04214285714286
2023-04-11,Materials,0.05121428571428571,0.8,12,0.12084285714285714,52.56071428571428
2023-04-12,Materials,0.0,0.2,2,0.05121428571428571,50.0
2023-04-13,Materials,-0.008149999999999996,0.8,5,0.0,49.5925
2023-04-14,Materials,0.01591,0.2,4,-0.008149999999999996,50.795500000000004
2023-04-17,Materials,0.10533999999999999,0.4,2,0.01591,55.266999999999996
2023-04-18,Materials,0.14026,0.8,8,0.10533999999999999,57.013000000000005
2023-04-19,Materials,0.015786666666666668,0.6,8,0.14026,50.78933333333333
2023-04-20,Materials,0.10787242857142858,1.0,20,0.015786666666666668,55.39362142857143
2023-04-21,Materials,0.02732,0.8,8,0.10787242857142858,51.366
2023-04-24,Materials,0.06069,1.0,6,0.02732,53.034499999999994
2023-04-25,Materials,0.022217142857142862,1.0,16,0.06069,51.11085714285715
2023-04-26,Materials,-0.004533999999999999,0.8,13,0.022217142857142862,49.7733
2023-04-27,Materials,0.06399333333333332,1.0,12,-0.004533999999999999,53.199666666666666
2023-04-28,Materials,0.07992,0.8,8,0.06399333333333332,53.996
2023-05-01,Materials,0.07615000000000001,0.6,6,0.07992,53.8075
2023-05-02,Materials,0.0,0.6,7,0.07615000000000001,50.0
2023-05-03,Materials,-0.1301,0.4,6,0.0,43.495
2023-05-04,Materials,-0.02263,0.8,11,-0.1301,48.8685
2023-05-05,Materials,0.0,0.4,2,-0.02263,50.0
2023-05-08,Materials,0.120255,0.4,5,0.0,56.01275
2023-05-09,Materials,0.0,0.2,1,0.120255,50.0
2023-05-10,Materials,0.04046,0.2,1,0.0,52.022999999999996
2023-05-11,Materials,0.19445666666666667,1.0,11,0.04046,59.722833333333334
2023-05-12,Materials,0.08879999999999999,0.6,4,0.19445666666666667,54.44
2023-05-15,Materials,0.0838957142857143,0.8,12,0.08879999999999999,54.19478571428571
2023-05-16,Materials,0.09106666666666667,0.6,5,0.0838957142857143,54.553333333333335
2023-05-17,Materials,0.029599999999999998,0.2,2,0.09106666666666667,51.480000000000004
2023-05-18,Materials,0.03275,0.8,11,0.029599999999999998,51.6375
2023-05-19,Materials,0.0,0.2,3,0.03275,50.0
2023-05-22,Materials,0.09043399999999999,0.6,8,0.0,54.521699999999996
2023-05-23,Materials,0.087584,0.6,7,0.09043399999999999,54.379200000000004
2023-05-24,Materials,-0.059199999999999996,0.8,4,0.087584,47.04
2023-05-25,Materials,0.05147466666666667,1.0,13,-0.059199999999999996,52.57373333333333
2023-05-26,Materials,0.03947333333333334,0.6,8,0.05147466666666667,51.97366666666666
2023-05-30,Materials,0.13396266666666667,0.6,9,0.03947333333333334,56.69813333333333
2023-05-31,Materials,0.09281999999999999,0.6,5,0.13396266666666667,54.641
2023-06-01,Materials,-0.026754999999999994,1.0,14,0.09281999999999999,48.66225
2023-06-02,Materials,0.10218714285714285,0.4,9,-0.026754999999999994,55.10935714285714
2023-06-05,Materials,0.10788,0.6,6,0.10218714285714285,55.394
2023-06-06,Materials,0.08532000000000002,0.6,4,0.10788,54.266000000000005
2023-06-07,Materials,0.06437999999999999,0.4,2,0.08532000000000002,53.218999999999994
2023-06-08,Materials,0.017,0.6,10,0.06437999999999999,50.849999999999994
2023-06-09,Materials,0.068,0.4,2,0.017,53.400000000000006
2023-06-12,Materials,0.006680000000000003,0.4,4,0.068,50.334
2023-06-13,Materials,0.22902,0.8,8,0.006680000000000003,61.451
2023-06-14,Materials,0.22366000000000003,0.6,3,0.22902,61.183
2023-06-15,Materials,0.09620999999999999,1.0,11,0.22366000000000003,54.8105
2023-06-16,Materials,0.14135999999999999,0.6,4,0.09620999999999999,57.068
2023-06-20,Materials,0.042600000000000006,0.6,6,0.14135999999999999,52.129999999999995
2023-06-21,Materials,0.13445000000000001,0.8,6,0.042600000000000006,56.7225
2023-06-22,Materials,0.045349999999999994,0.6,4,0.13445000000000001,52.2675
2023-06-23,Materials,0.014799999999999999,0.6,7,0.045349999999999994,50.739999999999995
2023-06-26,Materials,0.03612,0.4,3,0.014799999999999999,51.806
2023-06-27,Materials,0.12264,1.0,7,0.03612,56.132000000000005
2023-06-28,Materials,0.20529000000000003,0.8,6,0.12264,60.2645
2023-06-29,Materials,0.03507333333333334,1.0,10,0.20529000000000003,51.75366666666667
2023-06-30,Materials,-0.07432,0.4,2,0.03507333333333334,46.284000000000006
2023-07-03,Materials,0.02266666666666667,0.6,7,-0.07432,51.13333333333333
2023-07-05,Materials,0.09392,0.6,5,0.02266666666666667,54.696
2023-07-06,Materials,0.059199999999999996,0.8,9,0.09392,52.959999999999994
2023-07-07,Materials,0.042336,0.6,7,0.059199999999999996,52.1168
2023-07-10,Materials,0.19685999999999998,0.6,3,0.042336,59.843
2023-07-11,Materials,0.057440000000000005,1.0,9,0.19685999999999998,52.872
2023-07-12,Materials,0.10863,1.0,8,0.057440000000000005,55.4315
2023-07-13,Materials,0.0,0.8,6,0.10863,50.0
2023-07-14,Materials,0.0,0.2,1,0.0,50.0
2023-07-17,Materials,0.02976000000000001,0.8,5,0.0,51.488
2023-07-18,Materials,0.025460000000000003,1.0,7,0.02976000000000001,51.273
2023-07-19,Materials,0.0,0.8,6,0.025460000000000003,50.0
2023-07-20,Materials,0.10703499999999999,0.6,11,0.0,55.35175
2023-07-21,Materials,-0.04404,1.0,7,0.10703499999999999,47.798
2023-07-24,Materials,0.11122785714285714,1.0,15,-0.04404,55.561392857142856
2023-07-25,Materials,0.0782151515151515,0.8,23,0.11122785714285714,53.91075757575757
2023-07-26,Materials,0.0011080000000000007,0.8,16,0.0782151515151515,50.055400000000006
2023-07-27,Materials,0.020095,0.8,10,0.0011080000000000007,51.00475
2023-07-28,Materials,0.05464,0.2,1,0.020095,52.732
2023-07-31,Materials,0.0,0.0,0,0.05464,50.0
2023-08-01,Materials,0.16848000000000002,0.8,5,0.0,58.424
2023-08-02,Materials,0.043514666666666674,0.8,15,0.16848000000000002,52.175733333333326
2023-08-03,Materials,0.03558,0.8,7,0.043514666666666674,51.778999999999996
2023-08-04,Materials,0.0,0.0,0,0.03558,50.0
2023-08-07,Materials,0.0,0.2,1,0.0,50.0
2023-08-08,Materials,0.01032,0.4,3,0.0,50.516000000000005
2023-08-09,Materials,0.12886,0.6,4,0.01032,56.443
2023-08-10,Materials,0.04404,1.0,6,0.12886,52.202000000000005
2023-08-11,Materials,0.05994666666666667,0.2,3,0.04404,52.99733333333333
2023-08-14,Materials,0.12829333333333331,0.6,6,0.05994666666666667,56.41466666666667
2023-08-15,Materials,0.034815,1.0,10,0.12829333333333331,51.740750000000006
2023-08-16,Materials,0.0,0.0,0,0.034815,50.0
2023-08-17,Materials,0.133335,1.0,9,0.0,56.66675
2023-08-18,Materials,0.026140000000000004,0.4,4,0.133335,51.307
2023-08-21,Materials,0.020211428571428578,0.8,13,0.026140000000000004,51.010571428571424
2023-08-22,Materials,0.015086666666666668,0.8,8,0.020211428571428578,50.754333333333335
2023-08-23,Materials,0.0,0.4,2,0.015086666666666668,50.0
2023-08-24,Materials,0.07636,0.8,5,0.0,53.818
2023-08-25,Materials,0.18505333333333335,0.6,5,0.07636,59.25266666666666
2023-08-28,Materials,0.16874,0.6,4,0.18505333333333335,58.437000000000005
2023-08-29,Materials,0.0,0.2,1,0.16874,50.0
2023-08-30,Materials,0.20428666666666667,0.6,6,0.0,60.214333333333336
2023-08-31,Materials,0.17987999999999998,0.8,8,0.20428666666666667,58.994
2023-09-01,Materials,0.20751,0.8,5,0.17987999999999998,60.3755
2023-09-05,Materials,0.06364,0.8,8,0.20751,53.181999999999995
2023-09-06,Materials,0.12696000000000002,1.0,6,0.06364,56.348
2023-09-07,Materials,0.04648000000000001,0.8,8,0.12696000000000002,52.324000000000005
2023-09-08,Materials,0.02453333333333333,0.8,7,0.04648000000000001,51.22666666666667
2023-09-11,Materials,0.16076,1.0,6,0.02453333333333333,58.038000000000004
2023-09-12,Materials,0.04019,0.8,5,0.16076,52.009499999999996
2023-09-13,Materials,0.018690000000000002,0.4,3,0.04019,50.93450000000001
2023-09-14,Materials,0.054779999999999995,0.8,4,0.018690000000000002,52.739000000000004
2023-09-15,Materials,-0.043005,0.4,10,0.054779999999999995,47.84975
2023-09-18,Materials,0.075596,0.8,13,-0.043005,53.7798
2023-09-19,Materials,0.0,0.6,4,0.075596,50.0
2023-09-20,Materials,0.02023,0.6,4,0.0,51.0115
2023-09-21,Materials,0.10848,0.8,8,0.02023,55.42399999999999
2023-09-22,Materials,0.05106000000000001,0.4,3,0.10848,52.553000000000004
2023-09-25,Materials,-0.0846,0.6,10,0.05106000000000001,45.769999999999996
2023-09-26,Materials,0.02732,0.2,2,-0.0846,51.366
2023-09-27,Materials,0.11567333333333334,1.0,7,0.02732,55.78366666666666
2023-09-28,Materials,0.15347,0.8,6,0.11567333333333334,57.6735
2023-09-29,Materials,0.0,0.2,1,0.15347,50.0
2023-10-02,Materials,0.18959,1.0,9,0.0,59.479499999999994
2023-10-03,Materials,0.15769142857142857,0.8,11,0.18959,57.88457142857143
2023-10-04,Materials,-0.0065400000000000015,0.6,6,0.15769142857142857,49.673
2023-10-05,Materials,0.09684666666666666,0.8,8,-0.0065400000000000015,54.842333333333336
2023-10-06,Materials,0.09156,0.4,3,0.09684666666666666,54.578
2023-10-09,Materials,0.010519999999999996,0.4,3,0.09156,50.526
2023-10-10,Materials,0.0,0.4,3,0.010519999999999996,50.0
2023-10-11,Materials,0.12166666666666666,0.6,7,0.0,56.08333333333333
2023-10-12,Materials,0.12335,0.8,9,0.12166666666666666,56.167500000000004
2023-10-13,Materials,0.10563666666666667,0.6,6,0.12335,55.28183333333333
2023-10-16,Materials,0.12770499999999999,0.6,6,0.10563666666666667,56.38525
2023-10-17,Materials,0.07751333333333334,0.8,8,0.12770499999999999,53.87566666666667
2023-10-18,Materials,-0.09784666666666667,1.0,11,0.07751333333333334,45.10766666666667
2023-10-19,Materials,0.048395,1.0,9,-0.09784666666666667,52.41975
2023-10-20,Materials,-0.08038,0.8,6,0.048395,45.981
2023-10-23,Materials,0.09567333333333335,1.0,20,-0.08038,54.78366666666666
2023-10-24,Materials,0.0726475,0.6,17,0.09567333333333335,53.632374999999996
2023-10-25,Materials,0.12247999999999999,0.8,8,0.0726475,56.123999999999995
2023-10-26,Materials,0.1316025,1.0,17,0.12247999999999999,56.580125
2023-10-27,Materials,0.00772,0.4,5,0.1316025,50.385999999999996
2023-10-30,Materials,0.16892000000000001,1.0,5,0.00772,58.446
2023-10-31,Materials,0.0,0.6,3,0.16892000000000001,50.0
2023-11-01,Materials,0.221952,1.0,14,0.0,61.0976
2023-11-02,Materials,0.07837,0.8,6,0.221952,53.9185
2023-11-03,Materials,0.10913999999999999,0.6,4,0.07837,55.457
2023-11-06,Materials,0.13584000000000002,0.6,4,0.10913999999999999,56.792
2023-11-07,Materials,0.0171,0.8,10,0.13584000000000002,50.855
2023-11-08,Materials,0.00516,0.4,2,0.0171,50.258
2023-11-09,Materials,0.00129,0.8,10,0.00516,50.0645
2023-11-10,Materials,-0.010600000000000009,0.6,4,0.00129,49.47
2023-11-13,Materials,0.03222666666666667,0.8,6,-0.010600000000000009,51.611333333333334
2023-11-14,Materials,0.12562666666666666,0.6,7,0.03222666666666667,56.281333333333336
2023-11-15,Materials,0.2202,0.6,6,0.12562666666666666,61.01
2023-11-16,Materials,0.04019,0.8,6,0.2202,52.009499999999996
2023-11-17,Materials,0.19308,0.8,4,0.04019,59.653999999999996
2023-11-20,Materials,0.23261000000000004,0.6,5,0.19308,61.6305
2023-11-21,Materials,0.0,0.8,6,0.23261000000000004,50.0
2023-11-22,Materials,0.11096666666666666,0.4,5,0.0,55.54833333333333
2023-11-24,Materials,0.026334999999999997,0.8,8,0.11096666666666666,51.31675
2023-11-27,Materials,0.019906666666666663,0.8,7,0.026334999999999997,50.995333333333335
2023-11-28,Materials,0.11948666666666666,0.6,6,0.019906666666666663,55.974333333333334
2023-11-29,Materials,0.07973,0.6,7,0.11948666666666666,53.98650000000001
2023-11-30,Materials,0.08038,0.8,4,0.07973,54.01899999999999
2023-12-01,Materials,0.12362999999999999,0.8,6,0.08038,56.18149999999999
2023-12-04,Materials,0.0,0.2,1,0.12362999999999999,50.0
2023-12-05,Materials,0.0,0.2,1,0.0,50.0
2023-12-06,Materials,0.08038,0.8,4,0.0,54.01899999999999
2023-12-07,Materials,0.01587499999999999,1.0,14,0.08038,50.79375
2023-12-08,Materials,0.17374,0.6,4,0.01587499999999999,58.687
2023-12-11,Materials,0.14307333333333333,1.0,9,0.17374,57.153666666666666
2023-12-12,Materials,-0.04887999999999999,0.6,3,0.14307333333333333,47.556
2023-12-13,Materials,0.23133333333333334,0.8,10,-0.04887999999999999,61.56666666666667
2023-12-14,Materials,0.0,0.8,5,0.23133333333333334,50.0
2023-12-15,Materials,-0.05464,0.2,1,0.0,47.268
2023-12-18,Materials,-0.10235000000000001,0.8,5,-0.05464,44.8825
2023-12-19,Materials,0.0,0.0,0,-0.10235000000000001,50.0
2023-12-20,Materials,0.0,0.0,0,0.0,50.0
2023-12-21,Materials,0.0,0.0,0,0.0,50.0
2023-12-22,Materials,0.0,0.0,0,0.0,50.0
2023-12-26,Materials,0.0,0.0,0,0.0,50.0
2023-12-27,Materials,0.0,0.0,0,0.0,50.0
2023-12-28,Materials,0.0,0.0,0,0.0,50.0
2023-12-29,Materials,0.0,0.0,0,0.0,50.0
2020-01-03,RealEstate,-0.03842000000000001,0.6,5,0.0,48.079
2020-01-06,RealEstate,0.08879999999999999,0.6,4,-0.03842000000000001,54.44
2020-01-07,RealEstate,0.0,0.4,2,0.08879999999999999,50.0
2020-01-08,RealEstate,-0.040319999999999995,0.4,3,0.0,47.984
2020-01-09,RealEstate,0.0,0.2,1,-0.040319999999999995,50.0
2020-01-10,RealEstate,-0.08412,1.0,6,0.0,45.794000000000004
2020-01-13,RealEstate,0.047893333333333336,0.2,3,-0.08412,52.394666666666666
2020-01-14,RealEstate,0.029599999999999998,0.2,2,0.047893333333333336,51.480000000000004
2020-01-15,RealEstate,0.010115,0.4,7,0.029599999999999998,50.505750000000006
2020-01-16,RealEstate,0.1486,0.6,3,0.010115,57.43000000000001
2020-01-17,RealEstate,0.07486,0.4,3,0.1486,53.742999999999995
2020-01-21,RealEstate,0.050306666666666666,0.6,7,0.07486,52.51533333333334
2020-01-22,RealEstate,0.0103,0.6,7,0.050306666666666666,50.515
2020-01-23,RealEstate,0.18839999999999998,0.6,4,0.0103,59.419999999999995
2020-01-24,RealEstate,0.03612,0.4,5,0.18839999999999998,51.806
2020-01-27,RealEstate,0.05106000000000001,0.6,6,0.03612,52.553000000000004
2020-01-28,RealEstate,0.07579,0.6,4,0.05106000000000001,53.789500000000004
2020-01-29,RealEstate,0.09878,0.6,5,0.07579,54.93900000000001
2020-01-30,RealEstate,0.02408,1.0,7,0.09878,51.20400000000001
2020-01-31,RealEstate,0.14476,0.6,4,0.02408,57.238
2020-02-03,RealEstate,0.034,0.4,3,0.14476,51.7
2020-02-04,RealEstate,0.05198333333333334,0.8,8,0.034,52.59916666666666
2020-02-05,RealEstate,0.0,0.2,3,0.05198333333333334,50.0
2020-02-06,RealEstate,0.24698000000000003,0.8,7,0.0,62.349
2020-02-07,RealEstate,0.0,0.4,3,0.24698000000000003,50.0
2020-02-10,RealEstate,0.08452666666666667,0.8,13,0.0,54.22633333333333
2020-02-11,RealEstate,0.046473333333333346,0.6,14,0.08452666666666667,52.32366666666667
2020-02-12,RealEstate,0.12695333333333333,0.4,5,0.046473333333333346,56.34766666666666
2020-02-13,RealEstate,0.110812,0.8,12,0.12695333333333333,55.5406
2020-02-14,RealEstate,0.09492,0.8,9,0.110812,54.74600000000001
2020-02-18,RealEstate,0.10593,0.8,14,0.09492,55.2965
2020-02-19,RealEstate,0.0,1.0,11,0.10593,50.0
2020-02-20,RealEstate,0.04649366666666667,0.8,13,0.0,52.32468333333333
2020-02-21,RealEstate,0.019790000000000002,0.8,5,0.04649366666666667,50.9895
2020-02-24,RealEstate,0.048205000000000005,0.6,7,0.019790000000000002,52.410250000000005
2020-02-25,RealEstate,0.027292500000000004,0.8,18,0.048205000000000005,51.364625
2020-02-26,RealEstate,0.023013,1.0,22,0.027292500000000004,51.15065
2020-02-27,RealEstate,0.10351466666666667,0.8,19,0.023013,55.17573333333333
2020-02-28,RealEstate,-0.002707777777777781,1.0,19,0.10351466666666667,49.86461111111111
2020-03-02,RealEstate,0.09511466666666667,0.6,14,-0.002707777777777781,54.75573333333333
2020-03-03,RealEstate,0.093805,0.6,6,0.09511466666666667,54.69025
2020-03-04,RealEstate,0.27933,0.6,7,0.093805,63.9665
2020-03-05,RealEstate,0.22342,0.6,3,0.27933,61.171
2020-03-06,RealEstate,0.02023,0.4,3,0.22342,51.0115
2020-03-09,RealEstate,0.10694999999999999,0.8,7,0.02023,55.3475
2020-03-10,RealEstate,0.059199999999999996,0.6,3,0.10694999999999999,52.959999999999994
2020-03-11,RealEstate,0.30446,1.0,7,0.059199999999999996,65.223
2020-03-12,RealEstate,0.019309999999999994,0.8,6,0.30446,50.9655
2020-03-13,RealEstate,0.11839999999999999,0.8,6,0.019309999999999994,55.92
2020-03-16,RealEstate,0.04990583333333333,0.8,13,0.11839999999999999,52.49529166666667
2020-03-17,RealEstate,0.07348,0.4,5,0.04990583333333333,53.674
2020-03-18,RealEstate,0.0,0.4,4,0.07348,50.0
2020-03-19,RealEstate,0.13015333333333334,0.6,5,0.0,56.507666666666665
2020-03-20,RealEstate,0.049635,0.6,7,0.13015333333333334,52.481750000000005
2020-03-23,RealEstate,0.04303,0.8,7,0.049635,52.1515
2020-03-24,RealEstate,0.052515,0.8,9,0.04303,52.625750000000004
2020-03-25,RealEstate,0.04616,0.6,6,0.052515,52.308
2020-03-26,RealEstate,0.3093933333333333,0.8,10,0.04616,65.46966666666667
2020-03-27,RealEstate,0.30251,0.6,4,0.3093933333333333,65.1255
2020-03-30,RealEstate,0.265285,0.8,10,0.30251,63.26425
2020-03-31,RealEstate,-0.13841499999999998,0.8,10,0.265285,43.07925
2020-04-01,RealEstate,-0.026806666666666656,0.6,6,-0.13841499999999998,48.659666666666666
2020-04-02,RealEstate,-0.031219999999999998,0.8,7,-0.026806666666666656,48.439
2020-04-03,RealEstate,0.08339,0.4,3,-0.031219999999999998,54.169500000000006
2020-04-06,RealEstate,0.07337333333333333,0.4,6,0.08339,53.66866666666667
2020-04-07,RealEstate,0.07574333333333334,0.8,10,0.07337333333333333,53.787166666666664
2020-04-08,RealEstate,0.44486,0.8,7,0.07574333333333334,72.243
2020-04-09,RealEstate,0.24424714285714283,0.8,17,0.44486,62.212357142857144
2020-04-13,RealEstate,-0.048139999999999995,0.8,13,0.24424714285714283,47.593
2020-04-14,RealEstate,0.3383466666666667,0.6,7,-0.048139999999999995,66.91733333333335
2020-04-15,RealEstate,-0.11978,0.8,9,0.3383466666666667,44.011
2020-04-16,RealEstate,-0.02732,0.4,4,-0.11978,48.634
2020-04-17,RealEstate,0.32406666666666667,0.8,10,-0.02732,66.20333333333333
2020-04-20,RealEstate,0.01779,0.6,5,0.32406666666666667,50.8895
2020-04-21,RealEstate,0.030495000000000005,0.8,10,0.01779,51.52475
2020-04-22,RealEstate,0.16865999999999998,0.8,11,0.030495000000000005,58.433
2020-04-23,RealEstate,0.12498000000000001,0.6,6,0.16865999999999998,56.249
2020-04-24,RealEstate,0.041315000000000004,0.8,8,0.12498000000000001,52.06575
2020-04-27,RealEstate,0.053123333333333335,1.0,11,0.041315000000000004,52.65616666666667
2020-04-28,RealEstate,0.086165,1.0,15,0.053123333333333335,54.30825
2020-04-29,RealEstate,0.06166484848484849,0.8,18,0.086165,53.08324242424243
2020-04-30,RealEstate,0.015673333333333338,0.8,11,0.06166484848484849,50.78366666666667
2020-05-01,RealEstate,0.019535,0.6,10,0.015673333333333338,50.97675
2020-05-04,RealEstate,0.031110000000000006,0.8,10,0.019535,51.555499999999995
2020-05-05,RealEstate,0.09609333333333334,0.8,7,0.031110000000000006,54.80466666666667
2020-05-06,RealEstate,-0.025453333333333335,0.8,7,0.09609333333333334,48.727333333333334
2020-05-07,RealEstate,0.26164533333333334,0.8,10,-0.025453333333333335,63.08226666666666
2020-05-08,RealEstate,0.07484666666666667,0.4,5,0.26164533333333334,53.742333333333335
2020-05-11,RealEstate,0.008289999999999997,0.6,6,0.07484666666666667,50.4145
2020-05-12,RealEstate,-0.29967,0.8,8,0.008289999999999997,35.0165
2020-05-13,RealEstate,0.21844000000000002,0.8,6,-0.29967,60.922
2020-05-14,RealEstate,0.15836666666666668,1.0,14,0.21844000000000002,57.91833333333334
2020-05-15,RealEstate,-0.04884999999999999,0.8,8,0.15836666666666668,47.557500000000005
2020-05-18,RealEstate,0.4415266666666667,0.8,7,-0.04884999999999999,72.07633333333334
2020-05-19,RealEstate,0.06254,0.6,6,0.4415266666666667,53.127
2020-05-20,RealEstate,0.06369,1.0,7,0.06254,53.1845
2020-05-21,RealEstate,0.0,0.4,2,0.06369,50.0
2020-05-22,RealEstate,0.0469025,0.6,14,0.0,52.345125
2020-05-26,RealEstate,0.06588666666666666,0.6,5,0.0469025,53.294333333333334
2020-05-27,RealEstate,0.0,0.2,1,0.06588666666666666,50.0
2020-05-28,RealEstate,0.16668,0.8,4,0.0,58.333999999999996
2020-05-29,RealEstate,0.01204,0.6,6,0.16668,50.602000000000004
2020-06-01,RealEstate,-0.04880000000000001,0.8,6,0.01204,47.56
2020-06-02,RealEstate,0.08968000000000001,0.6,5,-0.04880000000000001,54.484
2020-06-03,RealEstate,0.0872,1.0,6,0.08968000000000001,54.36
2020-06-04,RealEstate,0.059199999999999996,0.4,2,0.0872,52.959999999999994
2020-06-05,RealEstate,0.0,0.4,2,0.059199999999999996,50.0
2020-06-08,RealEstate,0.10444,0.4,3,0.0,55.222
2020-06-09,RealEstate,0.00516,0.4,3,0.10444,50.258
2020-06-10,RealEstate,0.004915,0.2,4,0.00516,50.24575
2020-06-11,RealEstate,0.14750999999999997,0.6,4,0.004915,57.3755
2020-06-12,RealEstate,0.059199999999999996,0.2,1,0.14750999999999997,52.959999999999994
2020-06-15,RealEstate,0.04019,0.2,2,0.059199999999999996,52.009499999999996
2020-06-16,RealEstate,0.10522999999999998,0.4,4,0.04019,55.2615
2020-06-17,RealEstate,-0.008280000000000004,0.4,3,0.10522999999999998,49.586000000000006
2020-06-18,RealEstate,0.20776,0.6,3,-0.008280000000000004,60.388
2020-06-19,RealEstate,0.0,0.0,0,0.20776,50.0
2020-06-22,RealEstate,0.0,0.0,0,0.0,50.0
2020-06-23,RealEstate,0.0,0.6,4,0.0,50.0
2020-06-24,RealEstate,-0.07224,0.4,2,0.0,46.388
2020-06-25,RealEstate,0.0,0.0,0,-0.07224,50.0
2020-06-26,RealEstate,0.0038199999999999996,0.2,2,0.0,50.190999999999995
2020-06-29,RealEstate,0.0,0.2,1,0.0038199999999999996,50.0
2020-06-30,RealEstate,0.14436,0.4,2,0.0,57.218
2020-07-01,RealEstate,0.0,0.4,2,0.14436,50.0
2020-07-02,RealEstate,-0.0256,0.4,3,0.0,48.72
2020-07-06,RealEstate,-0.06364,0.4,2,-0.0256,46.818
2020-07-07,RealEstate,0.09677,0.2,2,-0.06364,54.8385
2020-07-08,RealEstate,-0.11988000000000001,0.2,1,0.09677,44.006
2020-07-09,RealEstate,0.0,0.4,2,-0.11988000000000001,50.0
2020-07-10,RealEstate,0.01544,0.2,1,0.0,50.77199999999999
2020-07-13,RealEstate,0.0,0.2,1,0.01544,50.0
2020-07-14,RealEstate,0.0,0.2,1,0.0,50.0
2020-07-15,RealEstate,0.00857,0.6,5,0.0,50.4285
2020-07-16,RealEstate,0.0,0.0,0,0.00857,50.0
2020-07-17,RealEstate,0.0,0.0,0,0.0,50.0
2020-07-20,RealEstate,0.0,0.8,5,0.0,50.0
2020-07-21,RealEstate,0.017616,0.2,5,0.0,50.8808
2020-07-22,RealEstate,0.029869999999999997,0.2,2,0.017616,51.493500000000004
2020-07-23,RealEstate,0.059199999999999996,0.4,3,0.029869999999999997,52.959999999999994
2020-07-24,RealEstate,0.0,0.2,1,0.059199999999999996,50.0
2020-07-27,RealEstate,0.1045,0.4,3,0.0,55.225
2020-07-28,RealEstate,0.0,0.0,0,0.1045,50.0
2020-07-29,RealEstate,0.10452999999999998,1.0,6,0.0,55.2265
2020-07-30,RealEstate,-0.09534000000000001,0.8,6,0.10452999999999998,45.233000000000004
2020-07-31,RealEstate,0.11717999999999999,0.4,3,-0.09534000000000001,55.859
2020-08-03,RealEstate,-0.01032,0.4,2,0.11717999999999999,49.484
2020-08-04,RealEstate,-0.05994000000000001,0.2,2,-0.01032,47.003
2020-08-05,RealEstate,0.029599999999999998,0.4,3,-0.05994000000000001,51.480000000000004
2020-08-06,RealEstate,0.0,0.4,3,0.029599999999999998,50.0
2020-08-07,RealEstate,0.27158000000000004,0.8,6,0.0,63.57900000000001
2020-08-10,RealEstate,0.0,0.2,1,0.27158000000000004,50.0
2020-08-11,RealEstate,0.08038,0.2,1,0.0,54.01899999999999
2020-08-12,RealEstate,0.0,0.2,1,0.08038,50.0
2020-08-13,RealEstate,0.0,0.2,2,0.0,50.0
2020-08-14,RealEstate,0.07636,0.6,3,0.0,53.818
2020-08-17,RealEstate,0.12738,0.4,2,0.07636,56.369
2020-08-18,RealEstate,0.11188000000000001,0.2,2,0.12738,55.594
2020-08-19,RealEstate,0.0,0.6,3,0.11188000000000001,50.0
2020-08-20,RealEstate,0.0,0.4,2,0.0,50.0
2020-08-21,RealEstate,0.03374666666666666,0.4,4,0.0,51.68733333333333
2020-08-24,RealEstate,-0.02054,0.8,4,0.03374666666666666,48.973
2020-08-25,RealEstate,0.05,0.4,2,-0.02054,52.5
2020-08-26,RealEstate,0.09176,0.6,4,0.05,54.588
2020-08-27,RealEstate,0.19455,0.6,4,0.09176,59.7275
2020-08-28,RealEstate,0.0,0.2,1,0.19455,50.0
2020-08-31,RealEstate,0.24176000000000003,0.4,2,0.0,62.088
2020-09-01,RealEstate,0.024890000000000002,0.6,4,0.24176000000000003,51.2445
2020-09-02,RealEstate,0.0,0.2,1,0.024890000000000002,50.0
2020-09-03,RealEstate,0.0,0.2,1,0.0,50.0
2020-09-04,RealEstate,0.09341333333333333,0.6,5,0.0,54.67066666666667
2020-09-08,RealEstate,0.027950000000000003,0.2,2,0.09341333333333333,51.397499999999994
2020-09-09,RealEstate,-0.12498000000000001,0.2,1,0.027950000000000003,43.751
2020-09-10,RealEstate,0.0,0.0,0,-0.12498000000000001,50.0
2020-09-11,RealEstate,0.0,0.4,2,0.0,50.0
2020-09-14,RealEstate,0.06369,0.2,2,0.0,53.1845
2020-09-15,RealEstate,0.03292666666666667,0.4,4,0.06369,51.64633333333334
2020-09-16,RealEstate,0.0,0.2,1,0.03292666666666667,50.0
2020-09-17,RealEstate,-0.12248,0.4,2,0.0,43.876
2020-09-18,RealEstate,0.08808,0.4,2,-0.12248,54.403999999999996
2020-09-21,RealEstate,0.0,0.2,1,0.08808,50.0
2020-09-22,RealEstate,0.0,0.2,1,0.0,50.0
2020-09-23,RealEstate,0.0,0.0,0,0.0,50.0
2020-09-24,RealEstate,0.0,0.2,1,0.0,50.0
2020-09-25,RealEstate,0.0,0.0,0,0.0,50.0
2020-09-28,RealEstate,0.04046,0.4,2,0.0,52.022999999999996
2020-09-29,RealEstate,0.0,0.2,1,0.04046,50.0
2020-09-30,RealEstate,0.07636,0.2,1,0.0,53.818
2020-10-01,RealEstate,0.0,0.0,0,0.07636,50.0
2020-10-02,RealEstate,0.0,0.0,0,0.0,50.0
2020-10-05,RealEstate,0.11438,0.4,2,0.0,55.718999999999994
2020-10-06,RealEstate,0.08808,0.2,1,0.11438,54.403999999999996
2020-10-07,RealEstate,0.0,0.0,0,0.08808,50.0
2020-10-08,RealEstate,0.0,0.0,0,0.0,50.0
2020-10-09,RealEstate,0.0,0.0,0,0.0,50.0
2020-10-12,RealEstate,0.0,0.4,2,0.0,50.0
2020-10-13,RealEstate,0.0,0.0,0,0.0,50.0
2020-10-14,RealEstate,0.052669999999999995,0.2,2,0.0,52.6335
2020-10-15,RealEstate,0.0,0.0,0,0.052669999999999995,50.0
2020-10-16,RealEstate,0.0,0.0,0,0.0,50.0
2020-10-19,RealEstate,0.0,0.2,1,0.0,50.0
2020-10-20,RealEstate,0.14538,0.4,4,0.0,57.269000000000005
2020-10-21,RealEstate,0.029599999999999998,0.2,2,0.14538,51.480000000000004
2020-10-22,RealEstate,-0.11988000000000001,0.4,2,0.029599999999999998,44.006
2020-10-23,RealEstate,0.0,0.2,1,-0.11988000000000001,50.0
2020-10-26,RealEstate,0.15997999999999998,0.6,3,0.0,57.999
2020-10-27,RealEstate,0.0,0.0,0,0.15997999999999998,50.0
2020-10-28,RealEstate,0.09152,0.4,2,0.0,54.576
2020-10-29,RealEstate,0.0,0.4,2,0.09152,50.0
2020-10-30,RealEstate,0.0,0.2,1,0.0,50.0
2020-11-02,RealEstate,0.0,0.2,2,0.0,50.0
2020-11-03,RealEstate,0.0,0.2,1,0.0,50.0
2020-11-04,RealEstate,0.0,0.4,2,0.0,50.0
2020-11-05,RealEstate,0.02679333333333333,0.2,3,0.0,51.33966666666666
2020-11-06,RealEstate,0.09966,0.8,4,0.02679333333333333,54.983000000000004
2020-11-09,RealEstate,0.14476,0.6,3,0.09966,57.238
2020-11-10,RealEstate,0.0,0.0,0,0.14476,50.0
2020-11-11,RealEstate,0.06124,0.2,2,0.0,53.062
2020-11-12,RealEstate,0.0,0.0,0,0.06124,50.0
2020-11-13,RealEstate,0.10533999999999999,0.4,2,0.0,55.266999999999996
2020-11-16,RealEstate,0.0,0.6,3,0.10533999999999999,50.0
2020-11-17,RealEstate,0.0,0.0,0,0.0,50.0
2020-11-18,RealEstate,0.08808,0.2,1,0.0,54.403999999999996
2020-11-19,RealEstate,0.0,0.2,1,0.08808,50.0
2020-11-20,RealEstate,0.0,0.0,0,0.0,50.0
2020-11-23,RealEstate,0.0,0.2,1,0.0,50.0
2020-11-24,RealEstate,0.06427000000000001,0.6,4,0.0,53.2135
2020-11-25,RealEstate,0.0,0.0,0,0.06427000000000001,50.0
2020-11-27,RealEstate,0.00506,0.4,2,0.0,50.253
2020-11-30,RealEstate,0.15484,0.6,3,0.00506,57.742000000000004
2020-12-01,RealEstate,0.068,0.2,1,0.15484,53.400000000000006
2020-12-02,RealEstate,0.03818,0.2,2,0.068,51.909000000000006
2020-12-03,RealEstate,0.20356000000000002,0.6,3,0.03818,60.178
2020-12-04,RealEstate,0.0,0.2,1,0.20356000000000002,50.0
2020-12-07,RealEstate,0.09534000000000001,0.2,1,0.0,54.766999999999996
2020-12-08,RealEstate,0.0,0.2,1,0.09534000000000001,50.0
2020-12-09,RealEstate,0.00258,0.4,3,0.0,50.129000000000005
2020-12-10,RealEstate,0.0,0.2,1,0.00258,50.0
2020-12-11,RealEstate,0.0,0.8,5,0.0,50.0
2020-12-14,RealEstate,0.015271999999999999,0.4,6,0.0,50.7636
2020-12-15,RealEstate,0.08424000000000001,0.8,5,0.015271999999999999,54.212
2020-12-16,RealEstate,0.15158,0.6,4,0.08424000000000001,57.579
2020-12-17,RealEstate,0.0,0.4,2,0.15158,50.0
2020-12-18,RealEstate,0.03637,0.2,2,0.0,51.8185
2020-12-21,RealEstate,0.02732,0.8,5,0.03637,51.366
2020-12-22,RealEstate,0.0,0.0,0,0.02732,50.0
2020-12-23,RealEstate,0.0,0.4,2,0.0,50.0
2020-12-24,RealEstate,0.08808,0.4,2,0.0,54.403999999999996
2020-12-28,RealEstate,-0.02054,0.2,1,0.08808,48.973
2020-12-29,RealEstate,0.0,0.2,1,-0.02054,50.0
2020-12-30,RealEstate,0.0,1.0,5,0.0,50.0
2020-12-31,RealEstate,0.04074,0.2,3,0.0,52.037
2021-01-04,RealEstate,0.0,0.2,2,0.04074,50.0
2021-01-05,RealEstate,0.0,0.8,5,0.0,50.0
2021-01-06,RealEstate,0.029599999999999998,0.2,2,0.0,51.480000000000004
2021-01-07,RealEstate,0.0,0.6,3,0.029599999999999998,50.0
2021-01-08,RealEstate,0.05464,0.2,1,0.0,52.732
2021-01-11,RealEstate,0.17246,0.6,3,0.05464,58.623000000000005
2021-01-12,RealEstate,0.015253333333333332,0.4,7,0.17246,50.76266666666667
2021-01-13,RealEstate,0.12507333333333331,0.4,4,0.015253333333333332,56.25366666666667
2021-01-14,RealEstate,0.0,0.2,1,0.12507333333333331,50.0
2021-01-15,RealEstate,0.18456999999999998,0.8,5,0.0,59.2285
2021-01-19,RealEstate,0.0,0.4,2,0.18456999999999998,50.0
2021-01-20,RealEstate,0.0025499999999999967,0.8,5,0.0,50.127500000000005
2021-01-21,RealEstate,0.0,0.0,0,0.0025499999999999967,50.0
2021-01-22,RealEstate,0.0,0.0,0,0.0,50.0
2021-01-25,RealEstate,0.08300666666666667,0.6,7,0.0,54.150333333333336
2021-01-26,RealEstate,0.019733333333333332,0.4,5,0.08300666666666667,50.98666666666667
2021-01-27,RealEstate,0.11398000000000001,0.4,4,0.019733333333333332,55.699
2021-01-28,RealEstate,0.0,0.4,4,0.11398000000000001,50.0
2021-01-29,RealEstate,-0.028210000000000002,0.4,3,0.0,48.5895
2021-02-01,RealEstate,0.12498000000000001,0.6,3,-0.028210000000000002,56.249
2021-02-02,RealEstate,0.04046,0.6,6,0.12498000000000001,52.022999999999996
2021-02-03,RealEstate,0.11442000000000001,0.4,4,0.04046,55.721
2021-02-04,RealEstate,0.0,0.4,2,0.11442000000000001,50.0
2021-02-05,RealEstate,0.05719,0.2,2,0.0,52.859500000000004
2021-02-08,RealEstate,0.15821999999999997,0.6,4,0.05719,57.911
2021-02-09,RealEstate,0.0,0.2,1,0.15821999999999997,50.0
2021-02-10,RealEstate,0.0,0.0,0,0.0,50.0
2021-02-11,RealEstate,0.08808,1.0,5,0.0,54.403999999999996
2021-02-12,RealEstate,0.42962,0.8,4,0.08808,71.481
2021-02-16,RealEstate,0.05719,0.2,2,0.42962,52.859500000000004
2021-02-17,RealEstate,0.0,0.4,2,0.05719,50.0
2021-02-18,RealEstate,0.0,0.0,0,0.0,50.0
2021-02-19,RealEstate,0.034,0.8,6,0.0,51.7
2021-02-22,RealEstate,0.0,0.6,3,0.034,50.0
2021-02-23,RealEstate,0.04046,0.6,3,0.0,52.022999999999996
2021-02-24,RealEstate,0.02266666666666667,0.8,6,0.04046,51.13333333333333
2021-02-25,RealEstate,0.031408000000000005,0.6,7,0.02266666666666667,51.57040000000001
2021-02-26,RealEstate,0.07034,0.4,2,0.031408000000000005,53.517
2021-03-01,RealEstate,0.29812000000000005,0.8,5,0.07034,64.90599999999999
2021-03-02,RealEstate,0.0,0.2,1,0.29812000000000005,50.0
2021-03-03,RealEstate,0.00172,0.6,5,0.0,50.086
2021-03-04,RealEstate,0.11148,0.2,1,0.00172,55.574
2021-03-05,RealEstate,0.0,0.6,3,0.11148,50.0
2021-03-08,RealEstate,0.22386,0.6,3,0.0,61.193
2021-03-09,RealEstate,0.0,0.0,0,0.22386,50.0
2021-03-10,RealEstate,0.03558,0.2,1,0.0,51.778999999999996
2021-03-11,RealEstate,0.0,0.4,2,0.03558,50.0
2021-03-12,RealEstate,0.08768000000000001,0.6,3,0.0,54.384
2021-03-15,RealEstate,0.28554666666666667,0.8,6,0.08768000000000001,64.27733333333333
2021-03-16,RealEstate,-0.011293333333333332,0.8,6,0.28554666666666667,49.43533333333333
2021-03-17,RealEstate,-0.01027,0.8,7,-0.011293333333333332,49.4865
2021-03-18,RealEstate,0.19480000000000003,0.8,4,-0.01027,59.74
2021-03-19,RealEstate,0.0,0.0,0,0.19480000000000003,50.0
2021-03-22,RealEstate,0.0,0.0,0,0.0,50.0
2021-03-23,RealEstate,0.0,0.4,2,0.0,50.0
2021-03-24,RealEstate,0.0,0.0,0,0.0,50.0
2021-03-25,RealEstate,0.11968000000000001,0.4,3,0.0,55.984
2021-03-26,RealEstate,0.0,0.0,0,0.11968000000000001,50.0
2021-03-29,RealEstate,0.06455,0.8,5,0.0,53.227500000000006
2021-03-30,RealEstate,0.07636,0.6,3,0.06455,53.818
2021-03-31,RealEstate,0.0,0.2,1,0.07636,50.0
2021-04-01,RealEstate,-0.05884,0.2,1,0.0,47.058
2021-04-05,RealEstate,-0.04327333333333334,0.2,3,-0.05884,47.83633333333333
2021-04-06,RealEstate,0.09534000000000001,0.2,1,-0.04327333333333334,54.766999999999996
2021-04-07,RealEstate,0.08038,0.2,1,0.09534000000000001,54.01899999999999
2021-04-08,RealEstate,0.0,0.2,1,0.08038,50.0
2021-04-09,RealEstate,0.0,0.2,1,0.0,50.0
2021-04-12,RealEstate,0.19772,0.4,2,0.0,59.885999999999996
2021-04-13,RealEstate,0.0,0.2,1,0.19772,50.0
2021-04-14,RealEstate,0.0,0.4,2,0.0,50.0
2021-04-15,RealEstate,0.09176,0.8,5,0.0,54.588
2021-04-16,RealEstate,0.0,0.2,1,0.09176,50.0
2021-04-19,RealEstate,0.01591,0.4,5,0.0,50.795500000000004
2021-04-20,RealEstate,0.0,0.0,0,0.01591,50.0
2021-04-21,RealEstate,0.0,0.4,3,0.0,50.0
2021-04-22,RealEstate,0.08038,0.6,4,0.0,54.01899999999999
2021-04-23,RealEstate,0.15566,0.2,1,0.08038,57.782999999999994
2021-04-26,RealEstate,0.0636,0.8,7,0.15566,53.18000000000001
2021-04-27,RealEstate,0.0,0.0,0,0.0636,50.0
2021-04-28,RealEstate,0.11208666666666667,0.6,7,0.0,55.60433333333334
2021-04-29,RealEstate,0.09926600000000001,0.8,14,0.11208666666666667,54.963300000000004
2021-04-30,RealEstate,0.1698,0.6,5,0.09926600000000001,58.489999999999995
2021-05-03,RealEstate,0.18342,0.6,4,0.1698,59.17099999999999
2021-05-04,RealEstate,0.0,0.0,0,0.18342,50.0
2021-05-05,RealEstate,0.0,0.8,5,0.0,50.0
2021-05-06,RealEstate,-0.0121,0.2,2,0.0,49.395
2021-05-07,RealEstate,0.0,0.0,0,-0.0121,50.0
2021-05-10,RealEstate,0.0,0.0,0,0.0,50.0
2021-05-11,RealEstate,0.059199999999999996,0.2,1,0.0,52.959999999999994
2021-05-12,RealEstate,0.13957999999999998,0.4,2,0.059199999999999996,56.979
2021-05-13,RealEstate,0.0,0.6,3,0.13957999999999998,50.0
2021-05-14,RealEstate,0.0,0.0,0,0.0,50.0
2021-05-17,RealEstate,0.0,0.2,1,0.0,50.0
2021-05-18,RealEstate,0.0,0.2,1,0.0,50.0
2021-05-19,RealEstate,0.0,0.2,1,0.0,50.0
2021-05-20,RealEstate,0.0,0.0,0,0.0,50.0
2021-05-21,RealEstate,0.0,0.0,0,0.0,50.0
2021-05-24,RealEstate,0.04632,0.4,4,0.0,52.315999999999995
2021-05-25,RealEstate,0.23349000000000003,0.4,3,0.04632,61.6745
2021-05-26,RealEstate,0.0,0.6,3,0.23349000000000003,50.0
2021-05-27,RealEstate,-0.01027,0.2,2,0.0,49.4865
2021-05-28,RealEstate,0.20112000000000002,0.4,2,-0.01027,60.056
2021-06-01,RealEstate,0.0797,0.6,5,0.20112000000000002,53.98499999999999
2021-06-02,RealEstate,0.11438,0.2,1,0.0797,55.718999999999994
2021-06-03,RealEstate,0.10102,0.6,3,0.11438,55.051
2021-06-04,RealEstate,0.059199999999999996,0.2,1,0.10102,52.959999999999994
2021-06-07,RealEstate,0.09329000000000001,0.2,2,0.059199999999999996,54.664500000000004
2021-06-08,RealEstate,0.0,0.0,0,0.09329000000000001,50.0
2021-06-09,RealEstate,0.0,0.4,3,0.0,50.0
2021-06-10,RealEstate,0.15928,1.0,5,0.0,57.964000000000006
2021-06-11,RealEstate,0.0,0.2,2,0.15928,50.0
2021-06-14,RealEstate,-0.01544,0.4,2,0.0,49.228
2021-06-15,RealEstate,-0.059199999999999996,0.4,2,-0.01544,47.04
2021-06-16,RealEstate,0.07893333333333333,0.6,5,-0.059199999999999996,53.946666666666665
2021-06-17,RealEstate,0.09534000000000001,0.4,3,0.07893333333333333,54.766999999999996
2021-06-18,RealEstate,0.09769000000000001,0.6,4,0.09534000000000001,54.8845
2021-06-21,RealEstate,0.0,0.0,0,0.09769000000000001,50.0
2021-06-22,RealEstate,-0.04046,0.2,1,0.0,47.977
2021-06-23,RealEstate,0.0,0.0,0,-0.04046,50.0
2021-06-24,RealEstate,-0.07636,0.4,2,0.0,46.182
2021-06-25,RealEstate,0.06369,0.2,2,-0.07636,53.1845
2021-06-28,RealEstate,0.012886666666666666,0.2,3,0.06369,50.644333333333336
2021-06-29,RealEstate,0.0,0.2,1,0.012886666666666666,50.0
2021-06-30,RealEstate,0.0,0.2,2,0.0,50.0
2021-07-01,RealEstate,0.29901999999999995,0.6,7,0.0,64.95100000000001
2021-07-02,RealEstate,0.24758,0.4,2,0.29901999999999995,62.379
2021-07-06,RealEstate,0.17759999999999998,0.6,3,0.24758,58.879999999999995
2021-07-07,RealEstate,0.17292000000000002,0.6,4,0.17759999999999998,58.646
2021-07-08,RealEstate,0.0,0.2,1,0.17292000000000002,50.0
2021-07-09,RealEstate,-0.02732,0.2,2,0.0,48.634
2021-07-12,RealEstate,0.0,0.2,1,-0.02732,50.0
2021-07-13,RealEstate,0.0,0.2,1,0.0,50.0
2021-07-14,RealEstate,0.02023,0.8,6,0.0,51.0115
2021-07-15,RealEstate,0.0,0.4,2,0.02023,50.0
2021-07-16,RealEstate,0.0,0.4,2,0.0,50.0
2021-07-19,RealEstate,-0.11438,0.8,6,0.0,44.281
2021-07-20,RealEstate,0.0,0.2,1,-0.11438,50.0
2021-07-21,RealEstate,0.0,0.2,1,0.0,50.0
2021-07-22,RealEstate,0.059199999999999996,0.4,5,0.0,52.959999999999994
2021-07-23,RealEstate,0.0,0.0,0,0.059199999999999996,50.0
2021-07-26,RealEstate,0.09670999999999999,0.2,2,0.0,54.8355
2021-07-27,RealEstate,0.0,0.0,0,0.09670999999999999,50.0
2021-07-28,RealEstate,0.029599999999999998,0.4,3,0.0,51.480000000000004
2021-07-29,RealEstate,-0.068,0.6,5,0.029599999999999998,46.599999999999994
2021-07-30,RealEstate,0.0,0.4,2,-0.068,50.0
2021-08-02,RealEstate,0.02398,0.4,5,0.0,51.199
2021-08-03,RealEstate,0.058589999999999996,0.4,3,0.02398,52.9295
2021-08-04,RealEstate,0.0,0.4,3,0.058589999999999996,50.0
2021-08-05,RealEstate,0.0,0.0,0,0.0,50.0
2021-08-06,RealEstate,0.08879999999999999,0.6,4,0.0,54.44
2021-08-09,RealEstate,-0.005135,0.4,5,0.08879999999999999,49.74325
2021-08-10,RealEstate,0.18658000000000002,0.4,3,-0.005135,59.329
2021-08-11,RealEstate,0.17572000000000002,0.4,2,0.18658000000000002,58.786
2021-08-12,RealEstate,0.059199999999999996,0.2,1,0.17572000000000002,52.959999999999994
2021-08-13,RealEstate,0.0,0.0,0,0.059199999999999996,50.0
2021-08-16,RealEstate,0.043969999999999995,0.8,5,0.0,52.1985
2021-08-17,RealEstate,0.059199999999999996,0.2,1,0.043969999999999995,52.959999999999994
2021-08-18,RealEstate,0.27971,0.6,4,0.059199999999999996,63.98550000000001
2021-08-19,RealEstate,0.05,0.2,1,0.27971,52.5
2021-08-20,RealEstate,0.059199999999999996,0.2,1,0.05,52.959999999999994
2021-08-23,RealEstate,-0.02054,0.2,1,0.059199999999999996,48.973
2021-08-24,RealEstate,0.059199999999999996,0.2,1,-0.02054,52.959999999999994
2021-08-25,RealEstate,0.12136,0.4,3,0.059199999999999996,56.068
2021-08-26,RealEstate,0.0,0.0,0,0.12136,50.0
2021-08-27,RealEstate,0.02023,0.4,3,0.0,51.0115
2021-08-30,RealEstate,-0.0070599999999999994,0.2,3,0.02023,49.647000000000006
2021-08-31,RealEstate,0.0,0.4,2,-0.0070599999999999994,50.0
2021-09-01,RealEstate,0.05464,0.2,1,0.0,52.732
2021-09-02,RealEstate,0.0,0.0,0,0.05464,50.0
2021-09-03,RealEstate,0.01032,0.2,1,0.0,50.516000000000005
2021-09-07,RealEstate,0.12201999999999999,0.8,9,0.01032,56.101
2021-09-08,RealEstate,0.016720000000000002,0.4,3,0.12201999999999999,50.836000000000006
2021-09-09,RealEstate,0.0,0.2,1,0.016720000000000002,50.0
2021-09-10,RealEstate,0.10618666666666668,0.4,4,0.0,55.309333333333335
2021-09-13,RealEstate,0.0,0.8,8,0.10618666666666668,50.0
2021-09-14,RealEstate,0.20424000000000003,0.6,3,0.0,60.211999999999996
2021-09-15,RealEstate,0.0,0.6,4,0.20424000000000003,50.0
2021-09-16,RealEstate,0.014100000000000001,0.6,3,0.0,50.705
2021-09-17,RealEstate,0.0,0.6,4,0.014100000000000001,50.0
2021-09-20,RealEstate,0.058589999999999996,0.8,6,0.0,52.9295
2021-09-21,RealEstate,0.034,0.2,2,0.058589999999999996,51.7
2021-09-22,RealEstate,0.06069,0.4,3,0.034,53.034499999999994
2021-09-23,RealEstate,0.0,0.2,1,0.06069,50.0
2021-09-24,RealEstate,0.0,0.2,2,0.0,50.0
2021-09-27,RealEstate,0.14803,0.6,5,0.0,57.40149999999999
2021-09-28,RealEstate,0.10533999999999999,0.2,1,0.14803,55.266999999999996
2021-09-29,RealEstate,0.0,0.2,2,0.10533999999999999,50.0
2021-09-30,RealEstate,0.12083999999999999,0.4,2,0.0,56.042
2021-10-01,RealEstate,0.0,0.4,2,0.12083999999999999,50.0
2021-10-04,RealEstate,0.0,0.4,2,0.0,50.0
2021-10-05,RealEstate,0.0,0.2,1,0.0,50.0
2021-10-06,RealEstate,0.14811000000000002,0.4,3,0.0,57.405499999999996
2021-10-07,RealEstate,0.0,0.2,1,0.14811000000000002,50.0
2021-10-08,RealEstate,0.20373999999999998,0.4,2,0.0,60.187000000000005
2021-10-11,RealEstate,0.08038,0.8,5,0.20373999999999998,54.01899999999999
2021-10-12,RealEstate,0.0,0.2,1,0.08038,50.0
2021-10-13,RealEstate,0.20754,0.4,3,0.0,60.377
2021-10-14,RealEstate,0.06468333333333334,0.6,7,0.20754,53.234166666666674
2021-10-15,RealEstate,0.09084,0.6,7,0.06468333333333334,54.542
2021-10-18,RealEstate,0.0,0.2,1,0.09084,50.0
2021-10-19,RealEstate,0.07636,0.4,2,0.0,53.818
2021-10-20,RealEstate,0.05,0.4,2,0.07636,52.5
2021-10-21,RealEstate,0.0984,0.6,4,0.05,54.92
2021-10-22,RealEstate,0.14368,0.2,1,0.0984,57.184000000000005
2021-10-25,RealEstate,0.02023,0.2,2,0.14368,51.0115
2021-10-26,RealEstate,0.07828,0.4,2,0.02023,53.913999999999994
2021-10-27,RealEstate,0.06069,0.4,3,0.07828,53.034499999999994
2021-10-28,RealEstate,0.10249,0.6,6,0.06069,55.1245
2021-10-29,RealEstate,0.10135333333333334,0.6,6,0.10249,55.06766666666667
2021-11-01,RealEstate,0.0,0.6,5,0.10135333333333334,50.0
2021-11-02,RealEstate,0.013486666666666666,0.4,4,0.0,50.67433333333333
2021-11-03,RealEstate,0.0,0.2,2,0.013486666666666666,50.0
2021-11-04,RealEstate,0.0765,0.6,5,0.0,53.825
2021-11-05,RealEstate,0.0,0.0,0,0.0765,50.0
2021-11-08,RealEstate,0.00996,0.6,5,0.0,50.498
2021-11-09,RealEstate,0.12902999999999998,0.4,3,0.00996,56.451499999999996
2021-11-10,RealEstate,0.0,0.0,0,0.12902999999999998,50.0
2021-11-11,RealEstate,0.16028,0.6,4,0.0,58.013999999999996
2021-11-12,RealEstate,0.09176,0.4,2,0.16028,54.588
2021-11-15,RealEstate,0.07823866666666666,0.6,15,0.09176,53.91193333333333
2021-11-16,RealEstate,0.0,0.2,2,0.07823866666666666,50.0
2021-11-17,RealEstate,0.010115,0.2,4,0.0,50.505750000000006
2021-11-18,RealEstate,0.23809999999999998,0.6,4,0.010115,61.905
2021-11-19,RealEstate,0.0,0.0,0,0.23809999999999998,50.0
2021-11-22,RealEstate,0.19996666666666668,0.8,8,0.0,59.998333333333335
2021-11-23,RealEstate,0.0,0.0,0,0.19996666666666668,50.0
2021-11-24,RealEstate,0.059199999999999996,0.2,1,0.0,52.959999999999994
2021-11-26,RealEstate,0.06369,0.2,2,0.059199999999999996,53.1845
2021-11-29,RealEstate,0.04166,0.8,6,0.06369,52.083
2021-11-30,RealEstate,0.0,1.0,5,0.04166,50.0
2021-12-01,RealEstate,0.04046,0.4,2,0.0,52.022999999999996
2021-12-02,RealEstate,0.189,0.4,4,0.04046,59.45
2021-12-03,RealEstate,-0.08424000000000001,0.6,4,0.189,45.788000000000004
2021-12-06,RealEstate,0.02023,0.6,4,-0.08424000000000001,51.0115
2021-12-07,RealEstate,0.0,0.6,4,0.02023,50.0
2021-12-08,RealEstate,0.009199999999999996,0.8,5,0.0,50.46000000000001
2021-12-09,RealEstate,0.12972,0.4,2,0.009199999999999996,56.486000000000004
2021-12-10,RealEstate,0.14504000000000003,0.8,4,0.12972,57.252
2021-12-13,RealEstate,0.013486666666666666,1.0,10,0.14504000000000003,50.67433333333333
2021-12-14,RealEstate,0.27915,0.6,4,0.013486666666666666,63.9575
2021-12-15,RealEstate,0.10115,0.6,4,0.27915,55.057500000000005
2021-12-16,RealEstate,0.06124,0.8,5,0.10115,53.062
2021-12-17,RealEstate,0.04403999999999999,0.4,3,0.06124,52.202000000000005
2021-12-20,RealEstate,0.05799,0.4,3,0.04403999999999999,52.899499999999996
2021-12-21,RealEstate,0.27568000000000004,0.8,4,0.05799,63.784
2021-12-22,RealEstate,0.0,0.4,4,0.27568000000000004,50.0
2021-12-23,RealEstate,0.0,0.2,1,0.0,50.0
2021-12-27,RealEstate,-0.0251,0.8,6,0.0,48.745
2021-12-28,RealEstate,0.0843,0.4,2,-0.0251,54.215
2021-12-29,RealEstate,0.09319999999999999,0.6,5,0.0843,54.66
2021-12-30,RealEstate,0.14189,0.6,4,0.09319999999999999,57.094500000000004
2021-12-31,RealEstate,0.018739999999999996,0.4,2,0.14189,50.937
2022-01-03,RealEstate,0.06369,0.6,5,0.018739999999999996,53.1845
2022-01-04,RealEstate,0.12288999999999999,0.4,3,0.06369,56.144499999999994
2022-01-05,RealEstate,0.08808,0.6,4,0.12288999999999999,54.403999999999996
2022-01-06,RealEstate,0.11839999999999999,0.6,5,0.08808,55.92
2022-01-07,RealEstate,0.0,0.4,2,0.11839999999999999,50.0
2022-01-10,RealEstate,0.12738,0.4,2,0.0,56.369
2022-01-11,RealEstate,-0.10618000000000001,0.6,5,0.12738,44.690999999999995
2022-01-12,RealEstate,-0.054225,0.8,7,-0.10618000000000001,47.28875
2022-01-13,RealEstate,0.068,0.6,3,-0.054225,53.400000000000006
2022-01-14,RealEstate,0.0546,0.6,4,0.068,52.73
2022-01-18,RealEstate,-0.04019,0.8,6,0.0546,47.990500000000004
2022-01-19,RealEstate,0.1776,0.6,6,-0.04019,58.879999999999995
2022-01-20,RealEstate,0.27708000000000005,1.0,9,0.1776,63.854
2022-01-21,RealEstate,0.22896999999999998,0.8,5,0.27708000000000005,61.448499999999996
2022-01-24,RealEstate,0.16029,1.0,15,0.22896999999999998,58.014500000000005
2022-01-25,RealEstate,0.21207000000000004,0.6,4,0.16029,60.6035
2022-01-26,RealEstate,0.029360000000000004,0.2,3,0.21207000000000004,51.468
2022-01-27,RealEstate,0.30445,1.0,11,0.029360000000000004,65.22250000000001
2022-01-28,RealEstate,0.01079,0.8,6,0.30445,50.539500000000004
2022-01-31,RealEstate,0.42042999999999997,1.0,7,0.01079,71.0215
2022-02-01,RealEstate,0.05719,0.2,2,0.42042999999999997,52.859500000000004
2022-02-02,RealEstate,0.11927000000000001,0.8,7,0.05719,55.963499999999996
2022-02-03,RealEstate,0.059199999999999996,0.4,3,0.11927000000000001,52.959999999999994
2022-02-04,RealEstate,0.0,0.2,1,0.059199999999999996,50.0
2022-02-07,RealEstate,0.062490000000000004,0.8,6,0.0,53.1245
2022-02-08,RealEstate,0.08823,0.6,5,0.062490000000000004,54.411500000000004
2022-02-09,RealEstate,0.06493,1.0,10,0.08823,53.2465
2022-02-10,RealEstate,0.14778,0.8,7,0.06493,57.389
2022-02-11,RealEstate,0.02023,0.4,3,0.14778,51.0115
2022-02-14,RealEstate,0.37519,0.8,7,0.02023,68.7595
2022-02-15,RealEstate,0.13278,0.6,4,0.37519,56.638999999999996
2022-02-16,RealEstate,0.18930000000000002,0.6,4,0.13278,59.465
2022-02-17,RealEstate,0.04166,1.0,12,0.18930000000000002,52.083
2022-02-18,RealEstate,-0.01779,0.6,4,0.04166,49.1105
2022-02-22,RealEstate,0.106737,0.8,12,-0.01779,55.336850000000005
2022-02-23,RealEstate,0.05957000000000001,1.0,11,0.106737,52.9785
2022-02-24,RealEstate,0.208928,0.6,8,0.05957000000000001,60.4464
2022-02-25,RealEstate,0.07417666666666667,0.8,7,0.208928,53.70883333333334
2022-02-28,RealEstate,0.01513,0.6,5,0.07417666666666667,50.7565
2022-03-01,RealEstate,0.04046,0.8,5,0.01513,52.022999999999996
2022-03-02,RealEstate,0.06597,1.0,7,0.04046,53.298500000000004
2022-03-03,RealEstate,0.174575,0.8,8,0.06597,58.72875
2022-03-04,RealEstate,0.16965333333333335,0.4,5,0.174575,58.482666666666674
2022-03-07,RealEstate,0.05440666666666667,0.6,6,0.16965333333333335,52.720333333333336
2022-03-08,RealEstate,0.068,0.4,2,0.05440666666666667,53.400000000000006
2022-03-09,RealEstate,-0.033859999999999994,0.6,3,0.068,48.307
2022-03-10,RealEstate,0.034,0.8,10,-0.033859999999999994,51.7
2022-03-11,RealEstate,0.11364,0.4,4,0.034,55.681999999999995
2022-03-14,RealEstate,0.12754000000000001,1.0,8,0.11364,56.377
2022-03-15,RealEstate,0.26957333333333333,0.8,9,0.12754000000000001,63.47866666666666
2022-03-16,RealEstate,0.03814666666666667,0.4,4,0.26957333333333333,51.90733333333334
2022-03-17,RealEstate,0.0,0.2,1,0.03814666666666667,50.0
2022-03-18,RealEstate,0.07003000000000001,1.0,10,0.0,53.5015
2022-03-21,RealEstate,0.09498666666666666,1.0,13,0.07003000000000001,54.74933333333334
2022-03-22,RealEstate,0.030840000000000006,0.8,6,0.09498666666666666,51.542
2022-03-23,RealEstate,0.08808,0.2,1,0.030840000000000006,54.403999999999996
2022-03-24,RealEstate,0.03716,0.6,5,0.08808,51.858000000000004
2022-03-25,RealEstate,0.09628,0.6,5,0.03716,54.81399999999999
2022-03-28,RealEstate,0.055400000000000005,0.6,8,0.09628,52.77
2022-03-29,RealEstate,0.17370666666666665,0.8,6,0.055400000000000005,58.68533333333333
2022-03-30,RealEstate,0.23598999999999998,0.6,6,0.17370666666666665,61.799499999999995
2022-03-31,RealEstate,0.020330000000000004,0.8,6,0.23598999999999998,51.0165
2022-04-01,RealEstate,0.14761,0.4,3,0.020330000000000004,57.3805
2022-04-04,RealEstate,0.10538500000000002,0.8,7,0.14761,55.26925
2022-04-05,RealEstate,0.123888,0.8,10,0.10538500000000002,56.1944
2022-04-06,RealEstate,0.07712,0.6,6,0.123888,53.856
2022-04-07,RealEstate,0.08236,1.0,6,0.07712,54.118
2022-04-08,RealEstate,0.059199999999999996,0.6,3,0.08236,52.959999999999994
2022-04-11,RealEstate,-0.0013766666666666706,0.8,9,0.059199999999999996,49.93116666666666
2022-04-12,RealEstate,0.28442,1.0,9,-0.0013766666666666706,64.22099999999999
2022-04-13,RealEstate,0.015250000000000003,0.4,5,0.28442,50.7625
2022-04-14,RealEstate,0.18849,0.6,8,0.015250000000000003,59.4245
2022-04-18,RealEstate,0.050885,0.6,6,0.18849,52.544250000000005
2022-04-19,RealEstate,-0.09386399999999999,1.0,11,0.050885,45.3068
2022-04-20,RealEstate,-0.06099,0.6,7,-0.09386399999999999,46.9505
2022-04-21,RealEstate,0.027645000000000003,1.0,11,-0.06099,51.38225
2022-04-22,RealEstate,0.04046,0.4,3,0.027645000000000003,52.022999999999996
2022-04-25,RealEstate,0.13704666666666668,1.0,7,0.04046,56.85233333333334
2022-04-26,RealEstate,0.0,0.8,5,0.13704666666666668,50.0
2022-04-27,RealEstate,0.046045,0.8,15,0.0,52.302249999999994
2022-04-28,RealEstate,0.12934,0.4,4,0.046045,56.467
2022-04-29,RealEstate,0.14292,0.8,9,0.12934,57.145999999999994
2022-05-02,RealEstate,0.10212000000000002,0.6,5,0.14292,55.106
2022-05-03,RealEstate,0.03404,0.4,4,0.10212000000000002,51.702000000000005
2022-05-04,RealEstate,0.055353333333333345,0.8,7,0.03404,52.76766666666667
2022-05-05,RealEstate,0.024773333333333335,0.4,4,0.055353333333333345,51.23866666666667
2022-05-06,RealEstate,0.022399999999999996,0.6,6,0.024773333333333335,51.12
2022-05-09,RealEstate,0.13553,1.0,7,0.022399999999999996,56.7765
2022-05-10,RealEstate,0.04052000000000001,1.0,15,0.13553,52.026
2022-05-11,RealEstate,0.017810000000000003,0.6,5,0.04052000000000001,50.8905
2022-05-12,RealEstate,0.19050666666666666,0.6,5,0.017810000000000003,59.52533333333333
2022-05-13,RealEstate,0.14161,0.8,5,0.19050666666666666,57.0805
2022-05-16,RealEstate,0.10123666666666667,0.8,9,0.14161,55.06183333333333
2022-05-17,RealEstate,0.27235,0.8,9,0.10123666666666667,63.61749999999999
2022-05-18,RealEstate,-0.03686,0.6,5,0.27235,48.157
2022-05-19,RealEstate,0.029205,0.8,8,-0.03686,51.460249999999995
2022-05-20,RealEstate,0.07935999999999999,1.0,11,0.029205,53.967999999999996
2022-05-23,RealEstate,0.098474,1.0,14,0.07935999999999999,54.9237
2022-05-24,RealEstate,0.19203,0.6,4,0.098474,59.601499999999994
2022-05-25,RealEstate,0.20534,0.8,5,0.19203,60.267
2022-05-26,RealEstate,0.08823,0.6,4,0.20534,54.411500000000004
2022-05-27,RealEstate,0.10679000000000001,0.8,5,0.08823,55.339499999999994
2022-05-31,RealEstate,0.095115,0.6,6,0.10679000000000001,54.755750000000006
2022-06-01,RealEstate,0.09534000000000001,0.4,3,0.095115,54.766999999999996
2022-06-02,RealEstate,0.11127000000000001,0.8,6,0.09534000000000001,55.5635
2022-06-03,RealEstate,0.18933,0.8,8,0.11127000000000001,59.466499999999996
2022-06-06,RealEstate,0.045592,0.6,9,0.18933,52.2796
2022-06-07,RealEstate,0.04432666666666667,1.0,8,0.045592,52.21633333333333
2022-06-08,RealEstate,0.081804,0.4,7,0.04432666666666667,54.090199999999996
2022-06-09,RealEstate,0.13612666666666667,0.4,4,0.081804,56.806333333333335
2022-06-10,RealEstate,0.13562,0.8,9,0.13612666666666667,56.781000000000006
2022-06-13,RealEstate,0.09178800000000001,0.8,12,0.13562,54.5894
2022-06-14,RealEstate,0.08678999999999999,1.0,8,0.09178800000000001,54.339499999999994
2022-06-15,RealEstate,-0.022410000000000003,0.6,9,0.08678999999999999,48.8795
2022-06-16,RealEstate,0.08519,0.8,5,-0.022410000000000003,54.2595
2022-06-17,RealEstate,0.23089400000000002,0.6,8,0.08519,61.5447
2022-06-21,RealEstate,0.22520333333333334,0.8,11,0.23089400000000002,61.26016666666667
2022-06-22,RealEstate,0.15359333333333333,0.4,4,0.22520333333333334,57.67966666666666
2022-06-23,RealEstate,0.20191999999999996,0.8,6,0.15359333333333333,60.096
2022-06-24,RealEstate,-0.11147999999999998,0.6,4,0.20191999999999996,44.426
2022-06-27,RealEstate,0.08831,1.0,8,-0.11147999999999998,54.415499999999994
2022-06-28,RealEstate,0.0913,1.0,8,0.08831,54.565
2022-06-29,RealEstate,0.14173,0.8,7,0.0913,57.086499999999994
2022-06-30,RealEstate,0.034,0.4,3,0.14173,51.7
2022-07-01,RealEstate,0.09706000000000001,1.0,6,0.034,54.852999999999994
2022-07-05,RealEstate,0.17089333333333334,0.8,9,0.09706000000000001,58.544666666666664
2022-07-06,RealEstate,-0.09081999999999998,0.8,6,0.17089333333333334,45.458999999999996
2022-07-07,RealEstate,0.08804666666666668,0.8,8,-0.09081999999999998,54.40233333333333
2022-07-08,RealEstate,0.16555999999999998,0.6,4,0.08804666666666668,58.278
2022-07-11,RealEstate,0.29322,1.0,8,0.16555999999999998,64.661
2022-07-12,RealEstate,-0.00516,0.8,4,0.29322,49.742
2022-07-13,RealEstate,0.14231,0.6,5,-0.00516,57.1155
2022-07-14,RealEstate,0.06642,0.6,5,0.14231,53.321
2022-07-15,RealEstate,-0.196442,0.8,9,0.06642,40.1779
2022-07-18,RealEstate,0.09613,0.8,13,-0.196442,54.8065
2022-07-19,RealEstate,-0.06294999999999999,0.6,4,0.09613,46.8525
2022-07-20,RealEstate,0.17764,1.0,7,-0.06294999999999999,58.882
2022-07-21,RealEstate,0.17796,0.6,7,0.17764,58.898
2022-07-22,RealEstate,0.26661999999999997,0.6,4,0.17796,63.331
2022-07-25,RealEstate,0.21288,1.0,12,0.26661999999999997,60.644
2022-07-26,RealEstate,0.13984000000000002,0.8,5,0.21288,56.992
2022-07-27,RealEstate,0.24497866666666668,1.0,16,0.13984000000000002,62.24893333333333
2022-07-28,RealEstate,0.047175,0.8,16,0.24497866666666668,52.35875
2022-07-29,RealEstate,0.26866,1.0,7,0.047175,63.43300000000001
2022-08-01,RealEstate,0.21189,0.8,12,0.26866,60.5945
2022-08-02,RealEstate,0.066905,0.4,8,0.21189,53.34525
2022-08-03,RealEstate,-0.0017100000000000004,0.8,8,0.066905,49.914500000000004
2022-08-04,RealEstate,0.10949333333333336,0.8,8,-0.0017100000000000004,55.47466666666667
2022-08-05,RealEstate,0.17848000000000003,0.6,5,0.10949333333333336,58.924
2022-08-08,RealEstate,0.10256000000000001,0.8,10,0.17848000000000003,55.128
2022-08-09,RealEstate,0.23228,0.8,6,0.10256000000000001,61.614000000000004
2022-08-10,RealEstate,0.07224,0.6,3,0.23228,53.612
2022-08-11,RealEstate,0.25048000000000004,0.8,9,0.07224,62.524
2022-08-12,RealEstate,0.01806,0.8,8,0.25048000000000004,50.903
2022-08-15,RealEstate,-0.03005000000000002,0.8,6,0.01806,48.4975
2022-08-16,RealEstate,0.14214000000000002,0.6,5,-0.03005000000000002,57.107
2022-08-17,RealEstate,0.175945,0.8,11,0.14214000000000002,58.79725
2022-08-18,RealEstate,0.02054,0.4,2,0.175945,51.027
2022-08-19,RealEstate,0.29232,0.8,5,0.02054,64.61600000000001
2022-08-22,RealEstate,0.24802200000000002,0.8,11,0.29232,62.4011
2022-08-23,RealEstate,0.04019,0.6,4,0.24802200000000002,52.009499999999996
2022-08-24,RealEstate,0.16047000000000003,1.0,9,0.04019,58.023500000000006
2022-08-25,RealEstate,0.17573,0.8,6,0.16047000000000003,58.7865
2022-08-26,RealEstate,0.1406,0.4,2,0.17573,57.03
2022-08-29,RealEstate,0.06865833333333334,0.8,9,0.1406,53.432916666666664
2022-08-30,RealEstate,0.10846,0.4,3,0.06865833333333334,55.423
2022-08-31,RealEstate,0.22335,1.0,7,0.10846,61.1675
2022-09-01,RealEstate,0.068,0.2,1,0.22335,53.400000000000006
2022-09-02,RealEstate,0.03404,0.4,4,0.068,51.702000000000005
2022-09-06,RealEstate,0.29121,0.8,7,0.03404,64.5605
2022-09-07,RealEstate,0.05066666666666666,0.8,9,0.29121,52.53333333333333
2022-09-08,RealEstate,0.23678,0.6,4,0.05066666666666666,61.839
2022-09-09,RealEstate,0.43032000000000004,0.8,5,0.23678,71.516
2022-09-12,RealEstate,0.17584833333333333,0.6,10,0.43032000000000004,58.79241666666667
2022-09-13,RealEstate,0.09451000000000001,0.8,8,0.17584833333333333,54.725500000000004
2022-09-14,RealEstate,0.12735000000000002,0.6,7,0.09451000000000001,56.36750000000001
2022-09-15,RealEstate,0.25329999999999997,0.8,6,0.12735000000000002,62.66499999999999
2022-09-16,RealEstate,0.223466,0.8,10,0.25329999999999997,61.1733
2022-09-19,RealEstate,0.15440800000000002,0.6,7,0.223466,57.720400000000005
2022-09-20,RealEstate,0.09198833333333334,0.4,7,0.15440800000000002,54.59941666666667
2022-09-21,RealEstate,0.05266,0.8,8,0.09198833333333334,52.632999999999996
2022-09-22,RealEstate,-0.05183,1.0,6,0.05266,47.4085
2022-09-23,RealEstate,0.04526666666666667,0.6,5,-0.05183,52.26333333333333
2022-09-26,RealEstate,0.07312142857142859,1.0,15,0.04526666666666667,53.65607142857143
2022-09-27,RealEstate,0.18853,0.6,4,0.07312142857142859,59.426500000000004
2022-09-28,RealEstate,-0.07070333333333333,0.8,7,0.18853,46.46483333333333
2022-09-29,RealEstate,0.0,0.2,1,-0.07070333333333333,50.0
2022-09-30,RealEstate,0.16138000000000002,0.4,3,0.0,58.069
2022-10-03,RealEstate,0.15457,0.4,4,0.16138000000000002,57.728500000000004
2022-10-04,RealEstate,0.33353,1.0,8,0.15457,66.6765
2022-10-05,RealEstate,0.21648,0.8,10,0.33353,60.824
2022-10-06,RealEstate,0.0,0.8,4,0.21648,50.0
2022-10-07,RealEstate,0.045924999999999994,0.8,10,0.0,52.29625
2022-10-10,RealEstate,0.10796999999999998,1.0,13,0.045924999999999994,55.3985
2022-10-11,RealEstate,-0.007940000000000003,0.6,3,0.10796999999999998,49.602999999999994
2022-10-12,RealEstate,0.062490000000000004,0.4,3,-0.007940000000000003,53.1245
2022-10-13,RealEstate,0.0,0.2,1,0.062490000000000004,50.0
2022-10-14,RealEstate,-0.008359999999999989,0.4,2,0.0,49.582
2022-10-17,RealEstate,0.053908000000000025,0.8,9,-0.008359999999999989,52.69540000000001
2022-10-18,RealEstate,0.010115,0.6,7,0.053908000000000025,50.505750000000006
2022-10-19,RealEstate,0.08276000000000001,0.8,12,0.010115,54.138
2022-10-20,RealEstate,0.16076,0.8,6,0.08276000000000001,58.038000000000004
2022-10-21,RealEstate,0.300555,1.0,10,0.16076,65.02775000000001
2022-10-24,RealEstate,0.25793,1.0,12,0.300555,62.8965
2022-10-25,RealEstate,0.09152,1.0,7,0.25793,54.576
2022-10-26,RealEstate,0.06871000000000001,0.8,10,0.09152,53.435500000000005
2022-10-27,RealEstate,-0.005024000000000001,1.0,13,0.06871000000000001,49.748799999999996
2022-10-28,RealEstate,0.0,0.2,3,-0.005024000000000001,50.0
2022-10-31,RealEstate,0.19326714285714286,1.0,13,0.0,59.663357142857144
2022-11-01,RealEstate,0.033716666666666666,0.8,7,0.19326714285714286,51.68583333333333
2022-11-02,RealEstate,0.04720333333333333,0.6,10,0.033716666666666666,52.360166666666665
2022-11-03,RealEstate,-0.005303333333333335,0.6,9,0.04720333333333333,49.734833333333334
2022-11-04,RealEstate,-0.05464,0.2,1,-0.005303333333333335,47.268
2022-11-07,RealEstate,0.096945,0.8,13,-0.05464,54.84725
2022-11-08,RealEstate,0.12476000000000001,0.4,2,0.096945,56.238
2022-11-09,RealEstate,0.04046,0.4,3,0.12476000000000001,52.022999999999996
2022-11-10,RealEstate,0.08235,0.8,7,0.04046,54.11749999999999
2022-11-11,RealEstate,0.31967999999999996,0.6,3,0.08235,65.984
2022-11-14,RealEstate,0.09183333333333335,0.6,5,0.31967999999999996,54.59166666666667
2022-11-15,RealEstate,0.09878,0.2,1,0.09183333333333335,54.93900000000001
2022-11-16,RealEstate,0.1627733333333333,0.6,5,0.09878,58.13866666666666
2022-11-17,RealEstate,0.0,0.0,0,0.1627733333333333,50.0
2022-11-18,RealEstate,-0.08092,0.6,3,0.0,45.954
2022-11-21,RealEstate,0.12522,0.8,9,-0.08092,56.261
2022-11-22,RealEstate,-0.16468,0.4,2,0.12522,41.766000000000005
2022-11-23,RealEstate,0.13212000000000002,0.6,4,-0.16468,56.606
2022-11-25,RealEstate,0.22468,0.6,4,0.13212000000000002,61.234
2022-11-28,RealEstate,0.19124999999999998,0.4,3,0.22468,59.56249999999999
2022-11-29,RealEstate,0.0,0.0,0,0.19124999999999998,50.0
2022-11-30,RealEstate,0.08931,0.6,4,0.0,54.4655
2022-12-01,RealEstate,0.20901999999999998,0.8,9,0.08931,60.451
2022-12-02,RealEstate,0.09966,0.6,4,0.20901999999999998,54.983000000000004
2022-12-05,RealEstate,0.12738,0.4,3,0.09966,56.369
2022-12-06,RealEstate,0.10178000000000001,0.4,3,0.12738,55.089
2022-12-07,RealEstate,0.27004,0.8,5,0.10178000000000001,63.502
2022-12-08,RealEstate,0.0,0.4,3,0.27004,50.0
2022-12-09,RealEstate,0.23876999999999998,0.6,4,0.0,61.9385
2022-12-12,RealEstate,0.04046,0.6,3,0.23876999999999998,52.022999999999996
2022-12-13,RealEstate,-0.06364,0.4,2,0.04046,46.818
2022-12-14,RealEstate,0.034,0.6,7,-0.06364,51.7
2022-12-15,RealEstate,0.034526666666666664,0.4,4,0.034,51.72633333333333
2022-12-16,RealEstate,0.20776,0.4,2,0.034526666666666664,60.388
2022-12-19,RealEstate,0.16439499999999999,1.0,14,0.20776,58.219750000000005
2022-12-20,RealEstate,0.022615000000000003,0.4,5,0.16439499999999999,51.130750000000006
2022-12-21,RealEstate,-0.026066666666666665,0.6,5,0.022615000000000003,48.696666666666665
2022-12-22,RealEstate,0.0,0.0,0,-0.026066666666666665,50.0
2022-12-23,RealEstate,0.0,0.0,0,0.0,50.0
2022-12-27,RealEstate,0.276205,1.0,10,0.0,63.81025
2022-12-28,RealEstate,0.16818666666666665,0.4,4,0.276205,58.409333333333336
2022-12-29,RealEstate,0.08092,0.8,6,0.16818666666666665,54.04600000000001
2022-12-30,RealEstate,0.03182,0.4,3,0.08092,51.591
2023-01-03,RealEstate,0.17453000000000002,0.8,9,0.03182,58.7265
2023-01-04,RealEstate,0.07224,0.4,2,0.17453000000000002,53.612
2023-01-05,RealEstate,0.07661333333333334,0.4,4,0.07224,53.83066666666667
2023-01-06,RealEstate,0.012665000000000001,0.2,4,0.07661333333333334,50.63325
2023-01-09,RealEstate,-0.017959999999999993,0.6,9,0.012665000000000001,49.102000000000004
2023-01-10,RealEstate,0.068,0.8,5,-0.017959999999999993,53.400000000000006
2023-01-11,RealEstate,0.03818,0.6,5,0.068,51.909000000000006
2023-01-12,RealEstate,0.03626,0.8,5,0.03818,51.812999999999995
2023-01-13,RealEstate,0.02023,0.6,4,0.03626,51.0115
2023-01-17,RealEstate,0.10565,0.8,8,0.02023,55.2825
2023-01-18,RealEstate,0.0012866666666666673,0.6,8,0.10565,50.06433333333333
2023-01-19,RealEstate,0.08113999999999999,0.8,10,0.0012866666666666673,54.057
2023-01-20,RealEstate,0.04528666666666666,0.6,8,0.08113999999999999,52.26433333333333
2023-01-23,RealEstate,0.07724666666666666,1.0,13,0.04528666666666666,53.86233333333333
2023-01-24,RealEstate,0.26383,0.8,5,0.07724666666666666,63.1915
2023-01-25,RealEstate,0.15649333333333332,0.6,5,0.26383,57.824666666666666
2023-01-26,RealEstate,0.03195333333333333,0.6,6,0.15649333333333332,51.59766666666666
2023-01-27,RealEstate,0.12264,0.4,2,0.03195333333333333,56.132000000000005
2023-01-30,RealEstate,0.18621499999999996,0.8,10,0.12264,59.31075
2023-01-31,RealEstate,0.09762000000000001,0.8,8,0.18621499999999996,54.881
2023-02-01,RealEstate,0.21884,0.8,6,0.09762000000000001,60.94199999999999
2023-02-02,RealEstate,0.11345000000000001,0.8,5,0.21884,55.6725
2023-02-03,RealEstate,0.06307666666666667,0.6,6,0.11345000000000001,53.15383333333333
2023-02-06,RealEstate,0.17055904761904764,1.0,19,0.06307666666666667,58.527952380952385
2023-02-07,RealEstate,0.03625333333333333,0.6,6,0.17055904761904764,51.812666666666665
2023-02-08,RealEstate,0.0,0.8,5,0.03625333333333333,50.0
2023-02-09,RealEstate,0.13115000000000002,0.8,8,0.0,56.557500000000005
2023-02-10,RealEstate,0.25075000000000003,0.6,4,0.13115000000000002,62.5375
2023-02-13,RealEstate,0.35540000000000005,0.8,10,0.25075000000000003,67.77
2023-02-14,RealEstate,0.15886,1.0,8,0.35540000000000005,57.943
2023-02-15,RealEstate,0.005146666666666667,0.6,5,0.15886,50.257333333333335
2023-02-16,RealEstate,0.013583333333333331,0.6,6,0.005146666666666667,50.67916666666667
2023-02-17,RealEstate,0.0,0.4,5,0.013583333333333331,50.0
2023-02-21,RealEstate,0.04631777777777778,0.8,18,0.0,52.315888888888885
2023-02-22,RealEstate,0.07354166666666666,0.8,11,0.04631777777777778,53.67708333333333
2023-02-23,RealEstate,0.050415,1.0,20,0.07354166666666666,52.52075000000001
2023-02-24,RealEstate,0.0,0.8,8,0.050415,50.0
2023-02-27,RealEstate,0.09504,1.0,12,0.0,54.752
2023-02-28,RealEstate,0.06582,0.4,3,0.09504,53.291
2023-03-01,RealEstate,0.02278,0.8,5,0.06582,51.139
2023-03-02,RealEstate,0.14036666666666667,0.6,6,0.02278,57.01833333333334
2023-03-03,RealEstate,-0.00258,0.2,4,0.14036666666666667,49.870999999999995
2023-03-06,RealEstate,0.04136000000000001,1.0,11,-0.00258,52.068000000000005
2023-03-07,RealEstate,0.04404,0.4,3,0.04136000000000001,52.202000000000005
2023-03-08,RealEstate,0.1901,0.8,5,0.04404,59.504999999999995
2023-03-09,RealEstate,0.050170000000000006,0.8,9,0.1901,52.508500000000005
2023-03-10,RealEstate,0.26161999999999996,1.0,9,0.050170000000000006,63.080999999999996
2023-03-13,RealEstate,0.021646666666666665,1.0,11,0.26161999999999996,51.08233333333333
2023-03-14,RealEstate,0.20270000000000002,1.0,7,0.021646666666666665,60.135000000000005
2023-03-15,RealEstate,0.126354,0.8,10,0.20270000000000002,56.3177
2023-03-16,RealEstate,0.18654,0.8,8,0.126354,59.327
2023-03-17,RealEstate,0.15955,0.8,6,0.18654,57.977500000000006
2023-03-20,RealEstate,0.040580000000000005,0.8,8,0.15955,52.029
2023-03-21,RealEstate,0.3596066666666667,0.8,8,0.040580000000000005,67.98033333333333
2023-03-22,RealEstate,0.13924,0.6,3,0.3596066666666667,56.962
2023-03-23,RealEstate,0.1092,0.8,4,0.13924,55.46
2023-03-24,RealEstate,0.068,0.4,2,0.1092,53.400000000000006
2023-03-27,RealEstate,0.040598,0.6,8,0.068,52.0299
2023-03-28,RealEstate,0.059199999999999996,0.4,2,0.040598,52.959999999999994
2023-03-29,RealEstate,0.12131333333333334,0.6,5,0.059199999999999996,56.06566666666667
2023-03-30,RealEstate,0.07077666666666667,0.6,7,0.12131333333333334,53.538833333333336
2023-03-31,RealEstate,0.1467,0.6,4,0.07077666666666667,57.335
2023-04-03,RealEstate,0.068248,0.8,9,0.1467,53.412400000000005
2023-04-04,RealEstate,0.131125,0.8,7,0.068248,56.55625
2023-04-05,RealEstate,0.021182857142857142,0.2,7,0.131125,51.05914285714286
2023-04-06,RealEstate,0.09469000000000001,0.8,8,0.021182857142857142,54.7345
2023-04-10,RealEstate,0.07998166666666667,1.0,16,0.09469000000000001,53.99908333333333
2023-04-11,RealEstate,0.35245000000000004,0.8,5,0.07998166666666667,67.6225
2023-04-12,RealEstate,0.08944,0.4,5,0.35245000000000004,54.472
2023-04-13,RealEstate,-0.01027,0.4,3,0.08944,49.4865
2023-04-14,RealEstate,0.07364,0.6,6,-0.01027,53.681999999999995
2023-04-17,RealEstate,0.010589999999999999,0.8,8,0.07364,50.529500000000006
2023-04-18,RealEstate,0.08707083333333333,1.0,20,0.010589999999999999,54.35354166666667
2023-04-19,RealEstate,0.06221,0.8,11,0.08707083333333333,53.1105
2023-04-20,RealEstate,0.093145,0.8,9,0.06221,54.657250000000005
2023-04-21,RealEstate,0.052074999999999996,0.6,7,0.093145,52.603750000000005
2023-04-24,RealEstate,0.17015333333333332,1.0,14,0.052074999999999996,58.507666666666665
2023-04-25,RealEstate,0.07972666666666667,1.0,15,0.17015333333333332,53.986333333333334
2023-04-26,RealEstate,-0.057365,0.6,11,0.07972666666666667,47.13175
2023-04-27,RealEstate,0.0125,0.4,5,-0.057365,50.625
2023-04-28,RealEstate,0.12728,0.6,3,0.0125,56.364000000000004
2023-05-01,RealEstate,0.07571333333333333,0.6,5,0.12728,53.785666666666664
2023-05-02,RealEstate,0.04447333333333333,1.0,12,0.07571333333333333,52.22366666666667
2023-05-03,RealEstate,0.0029466666666666643,0.6,9,0.04447333333333333,50.147333333333336
2023-05-04,RealEstate,0.06655733333333333,0.8,14,0.0029466666666666643,53.327866666666665
2023-05-05,RealEstate,0.22796000000000002,1.0,8,0.06655733333333333,61.397999999999996
2023-05-08,RealEstate,0.11322666666666667,1.0,9,0.22796000000000002,55.66133333333333
2023-05-09,RealEstate,0.04046,0.2,1,0.11322666666666667,52.022999999999996
2023-05-10,RealEstate,-0.010206666666666668,0.8,6,0.04046,49.489666666666665
2023-05-11,RealEstate,0.04404,1.0,8,-0.010206666666666668,52.202000000000005
2023-05-12,RealEstate,0.06369,0.2,2,0.04404,53.1845
2023-05-15,RealEstate,0.13531666666666667,0.8,7,0.06369,56.76583333333334
2023-05-16,RealEstate,0.02263,0.2,4,0.13531666666666667,51.131499999999996
2023-05-17,RealEstate,0.068,0.6,3,0.02263,53.400000000000006
2023-05-18,RealEstate,0.07373833333333332,0.8,9,0.068,53.68691666666666
2023-05-19,RealEstate,0.0,0.6,3,0.07373833333333332,50.0
2023-05-22,RealEstate,0.1272,0.8,9,0.0,56.36
2023-05-23,RealEstate,0.06436,0.8,4,0.1272,53.217999999999996
2023-05-24,RealEstate,0.11588000000000001,0.4,2,0.06436,55.794
2023-05-25,RealEstate,0.0476,0.8,9,0.11588000000000001,52.38
2023-05-26,RealEstate,0.0,0.2,2,0.0476,50.0
2023-05-30,RealEstate,0.15797,1.0,8,0.0,57.8985
2023-05-31,RealEstate,0.18464,0.8,5,0.15797,59.232
2023-06-01,RealEstate,0.12090666666666668,0.8,7,0.18464,56.04533333333334
2023-06-02,RealEstate,0.0344,0.8,5,0.12090666666666668,51.72
2023-06-05,RealEstate,0.06603333333333333,0.6,7,0.0344,53.30166666666667
2023-06-06,RealEstate,0.0784,0.6,3,0.06603333333333333,53.92
2023-06-07,RealEstate,0.0843,0.2,1,0.0784,54.215
2023-06-08,RealEstate,0.054165,1.0,10,0.0843,52.70825
2023-06-09,RealEstate,0.10924,0.6,5,0.054165,55.462
2023-06-12,RealEstate,0.1792,0.8,7,0.10924,58.96
2023-06-13,RealEstate,0.0,0.6,4,0.1792,50.0
2023-06-14,RealEstate,0.040834999999999996,0.2,4,0.0,52.04175
2023-06-15,RealEstate,0.11988000000000001,0.8,5,0.040834999999999996,55.994
2023-06-16,RealEstate,-0.09845333333333332,0.4,4,0.11988000000000001,45.077333333333335
2023-06-20,RealEstate,0.0,0.6,5,-0.09845333333333332,50.0
2023-06-21,RealEstate,0.0,0.2,1,0.0,50.0
2023-06-22,RealEstate,0.046345000000000004,1.0,11,0.0,52.31725
2023-06-23,RealEstate,0.11247666666666667,1.0,9,0.046345000000000004,55.62383333333334
2023-06-26,RealEstate,0.15677,0.8,9,0.11247666666666667,57.8385
2023-06-27,RealEstate,0.26412,0.8,8,0.15677,63.206
2023-06-28,RealEstate,0.08679999999999999,0.6,10,0.26412,54.339999999999996
2023-06-29,RealEstate,0.18552000000000002,0.8,10,0.08679999999999999,59.275999999999996
2023-06-30,RealEstate,0.007430000000000001,0.4,4,0.18552000000000002,50.371500000000005
2023-07-03,RealEstate,0.19841499999999998,1.0,9,0.007430000000000001,59.92075
2023-07-05,RealEstate,0.17011333333333334,0.6,6,0.19841499999999998,58.50566666666667
2023-07-06,RealEstate,0.09404666666666665,1.0,11,0.17011333333333334,54.70233333333333
2023-07-07,RealEstate,0.02023,0.8,5,0.09404666666666665,51.0115
2023-07-10,RealEstate,0.15241000000000002,0.6,5,0.02023,57.6205
2023-07-11,RealEstate,0.03818,0.2,2,0.15241000000000002,51.909000000000006
2023-07-12,RealEstate,0.1404,0.8,8,0.03818,57.02
2023-07-13,RealEstate,0.12031666666666667,0.8,13,0.1404,56.01583333333333
2023-07-14,RealEstate,0.033350000000000005,0.8,5,0.12031666666666667,51.6675
2023-07-17,RealEstate,0.20958133333333334,1.0,18,0.033350000000000005,60.47906666666667
2023-07-18,RealEstate,0.059554666666666665,0.8,16,0.20958133333333334,52.97773333333333
2023-07-19,RealEstate,0.15344000000000002,0.8,11,0.059554666666666665,57.672000000000004
2023-07-20,RealEstate,-0.01686095238095238,1.0,23,0.15344000000000002,49.156952380952376
2023-07-21,RealEstate,0.10830999999999999,0.6,5,-0.01686095238095238,55.415499999999994
2023-07-24,RealEstate,0.25472333333333336,1.0,15,0.10830999999999999,62.73616666666667
2023-07-25,RealEstate,0.08721999999999999,1.0,8,0.25472333333333336,54.361000000000004
2023-07-26,RealEstate,0.026234666666666667,0.4,8,0.08721999999999999,51.31173333333333
2023-07-27,RealEstate,0.15286,1.0,13,0.026234666666666667,57.643
2023-07-28,RealEstate,0.2247866666666667,1.0,9,0.15286,61.239333333333335
2023-07-31,RealEstate,0.10159500000000002,0.8,8,0.2247866666666667,55.079750000000004
2023-08-01,RealEstate,0.08504,1.0,9,0.10159500000000002,54.252
2023-08-02,RealEstate,0.10765066666666664,0.8,10,0.08504,55.38253333333333
2023-08-03,RealEstate,0.03721666666666666,1.0,15,0.10765066666666664,51.86083333333333
2023-08-04,RealEstate,-0.08166000000000001,1.0,10,0.03721666666666666,45.916999999999994
2023-08-07,RealEstate,0.011466666666666667,0.8,7,-0.08166000000000001,50.57333333333334
2023-08-08,RealEstate,0.0,0.2,3,0.011466666666666667,50.0
2023-08-09,RealEstate,-0.03062,1.0,8,0.0,48.469
2023-08-10,RealEstate,0.326865,1.0,9,-0.03062,66.34325
2023-08-11,RealEstate,0.062490000000000004,0.4,4,0.326865,53.1245
2023-08-14,RealEstate,0.025063333333333333,0.4,7,0.062490000000000004,51.25316666666667
2023-08-15,RealEstate,0.07116,0.8,4,0.025063333333333333,53.55799999999999
2023-08-16,RealEstate,0.15981,0.8,5,0.07116,57.9905
2023-08-17,RealEstate,0.07299833333333332,1.0,14,0.15981,53.64991666666666
2023-08-18,RealEstate,0.09691000000000001,0.6,7,0.07299833333333332,54.8455
2023-08-21,RealEstate,0.1357,0.8,6,0.09691000000000001,56.785
2023-08-22,RealEstate,0.06908,0.6,4,0.1357,53.454
2023-08-23,RealEstate,0.0,0.2,2,0.06908,50.0
2023-08-24,RealEstate,0.06904,1.0,8,0.0,53.452
2023-08-25,RealEstate,0.041106666666666666,0.8,9,0.06904,52.05533333333333
2023-08-28,RealEstate,0.19812000000000002,0.8,10,0.041106666666666666,59.906000000000006
2023-08-29,RealEstate,0.09852,0.6,7,0.19812000000000002,54.925999999999995
2023-08-30,RealEstate,0.14272,0.8,6,0.09852,57.135999999999996
2023-08-31,RealEstate,0.23675800000000002,0.8,9,0.14272,61.837900000000005
2023-09-01,RealEstate,0.29386,1.0,9,0.23675800000000002,64.693
2023-09-05,RealEstate,0.09603466666666667,0.8,13,0.29386,54.80173333333334
2023-09-06,RealEstate,0.19218000000000002,0.6,3,0.09603466666666667,59.609
2023-09-07,RealEstate,0.02266666666666667,1.0,8,0.19218000000000002,51.13333333333333
2023-09-08,RealEstate,0.20400000000000001,0.8,5,0.02266666666666667,60.199999999999996
2023-09-11,RealEstate,0.24696600000000002,1.0,11,0.20400000000000001,62.3483
2023-09-12,RealEstate,-0.11438,0.6,4,0.24696600000000002,44.281
2023-09-13,RealEstate,0.05325333333333333,0.8,6,-0.11438,52.66266666666667
2023-09-14,RealEstate,0.04019,0.8,8,0.05325333333333333,52.009499999999996
2023-09-15,RealEstate,0.2822766666666666,1.0,8,0.04019,64.11383333333333
2023-09-18,RealEstate,0.10935999999999998,0.6,6,0.2822766666666666,55.467999999999996
2023-09-19,RealEstate,0.22264,0.8,5,0.10935999999999998,61.132
2023-09-20,RealEstate,0.34655,0.8,5,0.22264,67.3275
2023-09-21,RealEstate,0.17091666666666666,0.8,13,0.34655,58.54583333333333
2023-09-22,RealEstate,0.036140000000000005,0.4,5,0.17091666666666666,51.807
2023-09-25,RealEstate,0.08711666666666666,1.0,11,0.036140000000000005,54.35583333333334
2023-09-26,RealEstate,0.11614,0.6,5,0.08711666666666666,55.806999999999995
2023-09-27,RealEstate,0.14150000000000001,0.8,11,0.11614,57.074999999999996
2023-09-28,RealEstate,0.27696,0.6,7,0.14150000000000001,63.84799999999999
2023-09-29,RealEstate,0.12738,0.6,4,0.27696,56.369
2023-10-02,RealEstate,0.30891,0.8,7,0.12738,65.4455
2023-10-03,RealEstate,0.16413000000000003,1.0,9,0.30891,58.206500000000005
2023-10-04,RealEstate,0.06791,0.4,6,0.16413000000000003,53.3955
2023-10-05,RealEstate,0.16680999999999999,0.8,5,0.06791,58.34049999999999
2023-10-06,RealEstate,0.14984000000000003,0.8,5,0.16680999999999999,57.492
2023-10-09,RealEstate,0.13065,0.6,8,0.14984000000000003,56.5325
2023-10-10,RealEstate,0.12425,0.8,6,0.13065,56.2125
2023-10-11,RealEstate,0.0,0.4,4,0.12425,50.0
2023-10-12,RealEstate,0.33874666666666664,1.0,9,0.0,66.93733333333334
2023-10-13,RealEstate,0.10533999999999999,0.4,2,0.33874666666666664,55.266999999999996
2023-10-16,RealEstate,0.109209,0.8,17,0.10533999999999999,55.460449999999994
2023-10-17,RealEstate,-0.06383000000000001,0.8,15,0.109209,46.808499999999995
2023-10-18,RealEstate,0.11303,0.8,12,-0.06383000000000001,55.6515
2023-10-19,RealEstate,0.003349142857142856,0.8,22,0.11303,50.16745714285714
2023-10-20,RealEstate,0.23720999999999998,1.0,10,0.003349142857142856,61.860499999999995
2023-10-23,RealEstate,0.12402000000000002,0.6,9,0.23720999999999998,56.201
2023-10-24,RealEstate,0.21791999999999997,1.0,7,0.12402000000000002,60.895999999999994
2023-10-25,RealEstate,0.09633,0.6,14,0.21791999999999997,54.816500000000005
2023-10-26,RealEstate,0.0252875,0.8,13,0.09633,51.264374999999994
2023-10-27,RealEstate,0.074895,0.6,8,0.0252875,53.744749999999996
2023-10-30,RealEstate,0.23247672727272728,1.0,20,0.074895,61.623836363636364
2023-10-31,RealEstate,0.08741000000000002,0.6,10,0.23247672727272728,54.3705
2023-11-01,RealEstate,0.04082666666666667,0.6,5,0.08741000000000002,52.04133333333333
2023-11-02,RealEstate,0.15841333333333335,0.8,14,0.04082666666666667,57.92066666666666
2023-11-03,RealEstate,0.035750000000000004,1.0,7,0.15841333333333335,51.787499999999994
2023-11-06,RealEstate,0.06939000000000001,0.8,16,0.035750000000000004,53.469500000000004
2023-11-07,RealEstate,0.17112,0.6,5,0.06939000000000001,58.556
2023-11-08,RealEstate,-0.04704,0.6,7,0.17112,47.648
2023-11-09,RealEstate,0.149005,0.8,8,-0.04704,57.450250000000004
2023-11-10,RealEstate,-0.0712,0.6,5,0.149005,46.44
2023-11-13,RealEstate,0.127965,1.0,11,-0.0712,56.398250000000004
2023-11-14,RealEstate,0.09632,0.4,4,0.127965,54.815999999999995
2023-11-15,RealEstate,0.1358,0.4,2,0.09632,56.79
2023-11-16,RealEstate,0.062484000000000005,0.4,6,0.1358,53.1242
2023-11-17,RealEstate,-0.0035449999999999995,0.4,5,0.062484000000000005,49.82275
2023-11-20,RealEstate,0.07718666666666667,0.8,10,-0.0035449999999999995,53.85933333333334
2023-11-21,RealEstate,0.10972,0.6,5,0.07718666666666667,55.486000000000004
2023-11-22,RealEstate,-0.01461333333333333,0.6,5,0.10972,49.26933333333333
2023-11-24,RealEstate,0.02023,0.6,7,-0.01461333333333333,51.0115
2023-11-27,RealEstate,0.05815025641025641,0.8,23,0.02023,52.90751282051283
2023-11-28,RealEstate,0.08253333333333332,0.4,5,0.05815025641025641,54.126666666666665
2023-11-29,RealEstate,0.09998266666666666,0.8,12,0.08253333333333332,54.999133333333326
2023-11-30,RealEstate,0.08189,0.8,6,0.09998266666666666,54.094500000000004
2023-12-01,RealEstate,0.077232,0.8,9,0.08189,53.861599999999996
2023-12-04,RealEstate,0.16784,0.8,10,0.077232,58.391999999999996
2023-12-05,RealEstate,0.11969,0.8,6,0.16784,55.984500000000004
2023-12-06,RealEstate,0.11787666666666667,0.8,12,0.11969,55.89383333333333
2023-12-07,RealEstate,0.06599999999999999,0.6,14,0.11787666666666667,53.300000000000004
2023-12-08,RealEstate,0.059199999999999996,0.8,8,0.06599999999999999,52.959999999999994
2023-12-11,RealEstate,0.06682333333333333,1.0,11,0.059199999999999996,53.34116666666666
2023-12-12,RealEstate,0.08254333333333333,1.0,15,0.06682333333333333,54.12716666666667
2023-12-13,RealEstate,0.23891,1.0,15,0.08254333333333333,61.945499999999996
2023-12-14,RealEstate,0.051171999999999995,0.8,8,0.23891,52.5586
2023-12-15,RealEstate,0.01609,0.4,8,0.051171999999999995,50.8045
2023-12-18,RealEstate,0.147175,0.6,10,0.01609,57.35875
2023-12-19,RealEstate,0.0,0.0,0,0.147175,50.0
2023-12-20,RealEstate,0.0,0.0,0,0.0,50.0
2023-12-21,RealEstate,0.0,0.0,0,0.0,50.0
2023-12-22,RealEstate,0.0,0.0,0,0.0,50.0
2023-12-26,RealEstate,0.0,0.0,0,0.0,50.0
2023-12-27,RealEstate,0.0,0.0,0,0.0,50.0
2023-12-28,RealEstate,0.0,0.0,0,0.0,50.0
2023-12-29,RealEstate,0.0,0.0,0,0.0,50.0
2020-01-03,Tech,0.0784682142857143,0.8,17,0.0,53.923410714285716
2020-01-06,Tech,-0.013116666666666676,1.0,13,0.0784682142857143,49.344166666666666
2020-01-07,Tech,0.007282142857142855,0.8,21,-0.013116666666666676,50.36410714285714
2020-01-08,Tech,0.0699545,0.8,22,0.007282142857142855,53.497724999999996
2020-01-09,Tech,0.09154333333333334,1.0,17,0.0699545,54.57716666666666
2020-01-10,Tech,0.24549266666666666,0.8,21,0.09154333333333334,62.27463333333333
2020-01-13,Tech,0.20091575,1.0,39,0.24549266666666666,60.0457875
2020-01-14,Tech,0.13791199999999998,0.6,12,0.20091575,56.8956
2020-01-15,Tech,0.018463666666666673,1.0,24,0.13791199999999998,50.923183333333334
2020-01-16,Tech,0.17770444444444444,0.8,19,0.018463666666666673,58.885222222222225
2020-01-17,Tech,0.07141555777555778,1.0,38,0.17770444444444444,53.57077788877789
2020-01-21,Tech,0.017946666666666684,1.0,44,0.07141555777555778,50.897333333333336
2020-01-22,Tech,0.148316,0.8,14,0.017946666666666684,57.4158
2020-01-23,Tech,0.03489592592592593,1.0,36,0.148316,51.74479629629629
2020-01-24,Tech,0.06600430107526882,1.0,46,0.03489592592592593,53.300215053763445
2020-01-27,Tech,-0.17687049999999999,1.0,31,0.06600430107526882,41.156475
2020-01-28,Tech,-0.008395384615384615,0.8,30,-0.17687049999999999,49.58023076923077
2020-01-29,Tech,0.11712079365079367,0.8,33,-0.008395384615384615,55.85603968253968
2020-01-30,Tech,-0.032986666666666664,0.8,21,0.11712079365079367,48.35066666666666
2020-01-31,Tech,0.17766555555555558,0.8,15,-0.032986666666666664,58.88327777777778
2020-02-03,Tech,0.05473666666666667,0.6,11,0.17766555555555558,52.73683333333333
2020-02-04,Tech,0.07460800000000001,1.0,20,0.05473666666666667,53.7304
2020-02-05,Tech,0.08181750000000002,0.8,32,0.07460800000000001,54.090875000000004
2020-02-06,Tech,0.2868725,1.0,22,0.08181750000000002,64.34362499999999
2020-02-07,Tech,0.1875942857142857,1.0,13,0.2868725,59.37971428571429
2020-02-10,Tech,0.15818833333333332,1.0,24,0.1875942857142857,57.90941666666667
2020-02-11,Tech,0.0363243116883117,0.8,28,0.15818833333333332,51.81621558441558
2020-02-12,Tech,0.010693999999999999,0.8,15,0.0363243116883117,50.5347
2020-02-13,Tech,-0.03694909090909091,0.8,19,0.010693999999999999,48.152545454545454
2020-02-14,Tech,0.0197252688172043,0.8,45,-0.03694909090909091,50.98626344086021
2020-02-18,Tech,-0.04732047619047619,1.0,28,0.0197252688172043,47.63397619047619
2020-02-19,Tech,-0.012978253968253972,1.0,28,-0.04732047619047619,49.351087301587306
2020-02-20,Tech,0.041481333333333335,1.0,30,-0.012978253968253972,52.07406666666666
2020-02-21,Tech,-0.2589611428571429,1.0,16,0.041481333333333335,37.051942857142855
2020-02-24,Tech,-0.00918530303030303,1.0,24,-0.2589611428571429,49.540734848484846
2020-02-25,Tech,0.019905000000000006,1.0,15,-0.00918530303030303,50.995250000000006
2020-02-26,Tech,0.2120025,1.0,20,0.019905000000000006,60.600125000000006
2020-02-27,Tech,-0.090316,1.0,24,0.2120025,45.4842
2020-02-28,Tech,0.17178,0.6,9,-0.090316,58.589
2020-03-02,Tech,0.067866,1.0,20,0.17178,53.393299999999996
2020-03-03,Tech,0.002538000000000001,1.0,24,0.067866,50.1269
2020-03-04,Tech,0.3957859523809524,1.0,18,0.002538000000000001,69.78929761904762
2020-03-05,Tech,0.14698033333333332,1.0,14,0.3957859523809524,57.349016666666664
2020-03-06,Tech,0.044157538461538456,1.0,25,0.14698033333333332,52.207876923076924
2020-03-09,Tech,-0.11020666666666665,1.0,21,0.044157538461538456,44.489666666666665
2020-03-10,Tech,0.272895,1.0,9,-0.11020666666666665,63.64475
2020-03-11,Tech,0.07748833333333334,1.0,17,0.272895,53.87441666666667
2020-03-12,Tech,-0.045708571428571425,1.0,26,0.07748833333333334,47.71457142857143
2020-03-13,Tech,-0.011568928571428577,1.0,37,-0.045708571428571425,49.421553571428575
2020-03-16,Tech,-0.10528666666666667,1.0,26,-0.011568928571428577,44.73566666666667
2020-03-17,Tech,0.12160083333333334,1.0,21,-0.10528666666666667,56.080041666666666
2020-03-18,Tech,-0.10072952380952382,1.0,21,0.12160083333333334,44.96352380952381
2020-03-19,Tech,-0.10737666666666668,1.0,19,-0.10072952380952382,44.631166666666665
2020-03-20,Tech,0.19086,1.0,20,-0.10737666666666668,59.543
2020-03-23,Tech,0.18370166666666665,1.0,12,0.19086,59.18508333333333
2020-03-24,Tech,0.35066816666666667,0.8,25,0.18370166666666665,67.53340833333333
2020-03-25,Tech,0.029074,0.8,10,0.35066816666666667,51.453700000000005
2020-03-26,Tech,0.293434,1.0,20,0.029074,64.6717
2020-03-27,Tech,0.3283,1.0,13,0.293434,66.415
2020-03-30,Tech,0.07616666666666667,1.0,9,0.3283,53.80833333333334
2020-03-31,Tech,0.018877333333333322,1.0,18,0.07616666666666667,50.94386666666667
2020-04-01,Tech,0.11331000000000002,1.0,6,0.018877333333333322,55.6655
2020-04-02,Tech,0.13770500000000002,0.8,7,0.11331000000000002,56.88525
2020-04-03,Tech,-0.1759466666666667,0.8,12,0.13770500000000002,41.202666666666666
2020-04-06,Tech,0.28716742424242425,1.0,28,-0.1759466666666667,64.35837121212121
2020-04-07,Tech,0.11083399999999999,1.0,14,0.28716742424242425,55.541700000000006
2020-04-08,Tech,0.23468,1.0,19,0.11083399999999999,61.734
2020-04-09,Tech,0.13129666666666667,1.0,17,0.23468,56.56483333333333
2020-04-13,Tech,0.16562274509803923,0.8,23,0.13129666666666667,58.281137254901964
2020-04-14,Tech,0.570381619047619,1.0,18,0.16562274509803923,78.51908095238095
2020-04-15,Tech,0.123804,1.0,25,0.570381619047619,56.190200000000004
2020-04-16,Tech,0.30889855555555557,1.0,32,0.123804,65.44492777777778
2020-04-17,Tech,0.09648407142857143,1.0,28,0.30889855555555557,54.824203571428576
2020-04-20,Tech,0.2413279166666667,1.0,27,0.09648407142857143,62.06639583333333
2020-04-21,Tech,-0.33475,1.0,14,0.2413279166666667,33.2625
2020-04-22,Tech,0.3060380952380952,1.0,23,-0.33475,65.30190476190477
2020-04-23,Tech,0.20845380952380954,1.0,40,0.3060380952380952,60.422690476190475
2020-04-24,Tech,0.044781290322580644,0.8,38,0.20845380952380954,52.239064516129034
2020-04-27,Tech,0.14598163636363637,1.0,31,0.044781290322580644,57.29908181818182
2020-04-28,Tech,0.07001460317460317,0.8,35,0.14598163636363637,53.50073015873016
2020-04-29,Tech,0.1726877142857143,1.0,50,0.07001460317460317,58.63438571428572
2020-04-30,Tech,0.077652,1.0,23,0.1726877142857143,53.882600000000004
2020-05-01,Tech,-0.157989,1.0,17,0.077652,42.100550000000005
2020-05-04,Tech,0.3556464705882353,1.0,31,-0.157989,67.78232352941176
2020-05-05,Tech,0.180675,0.8,20,0.3556464705882353,59.03375
2020-05-06,Tech,0.13057133333333332,0.8,21,0.180675,56.52856666666667
2020-05-07,Tech,0.24068199999999998,1.0,14,0.13057133333333332,62.0341
2020-05-08,Tech,0.4422091428571429,0.8,14,0.24068199999999998,72.11045714285714
2020-05-11,Tech,0.12826677777777779,1.0,25,0.4422091428571429,56.41333888888889
2020-05-12,Tech,-0.04530033333333334,1.0,23,0.12826677777777779,47.73498333333333
2020-05-13,Tech,0.11460222222222223,0.8,17,-0.04530033333333334,55.730111111111114
2020-05-14,Tech,0.15429166666666666,1.0,28,0.11460222222222223,57.71458333333334
2020-05-15,Tech,-0.012865142857142839,1.0,45,0.15429166666666666,49.35674285714286
2020-05-18,Tech,0.015536666666666674,1.0,26,-0.012865142857142839,50.776833333333336
2020-05-19,Tech,0.06736533333333333,0.8,17,0.015536666666666674,53.36826666666666
2020-05-20,Tech,0.2370016666666667,1.0,17,0.06736533333333333,61.85008333333334
2020-05-21,Tech,0.012136111111111115,1.0,21,0.2370016666666667,50.60680555555555
2020-05-22,Tech,-0.170014,1.0,28,0.012136111111111115,41.4993
2020-05-26,Tech,0.06429245238095238,1.0,29,-0.170014,53.21462261904762
2020-05-27,Tech,0.15682333333333334,1.0,13,0.06429245238095238,57.841166666666666
2020-05-28,Tech,0.10204952380952381,1.0,19,0.15682333333333334,55.10247619047619
2020-05-29,Tech,0.135827,0.8,12,0.10204952380952381,56.791349999999994
2020-06-01,Tech,0.14087666666666668,1.0,15,0.135827,57.04383333333334
2020-06-02,Tech,0.21934666666666666,1.0,13,0.14087666666666668,60.96733333333333
2020-06-03,Tech,0.168804,0.4,6,0.21934666666666666,58.4402
2020-06-04,Tech,0.091885,0.6,11,0.168804,54.59425
2020-06-05,Tech,0.11492555555555554,0.6,15,0.091885,55.74627777777778
2020-06-08,Tech,0.09585333333333333,1.0,16,0.11492555555555554,54.79266666666667
2020-06-09,Tech,0.29664238095238094,1.0,22,0.09585333333333333,64.83211904761905
2020-06-10,Tech,0.013264999999999999,0.8,16,0.29664238095238094,50.663250000000005
2020-06-11,Tech,0.17045166666666667,0.8,14,0.013264999999999999,58.52258333333333
2020-06-12,Tech,0.08545666666666667,0.8,19,0.17045166666666667,54.27283333333334
2020-06-15,Tech,0.14736666666666667,0.8,13,0.08545666666666667,57.36833333333333
2020-06-16,Tech,0.14591,0.8,10,0.14736666666666667,57.2955
2020-06-17,Tech,0.042510000000000006,0.8,6,0.14591,52.1255
2020-06-18,Tech,0.16786,0.8,5,0.042510000000000006,58.39300000000001
2020-06-19,Tech,-0.07224,0.6,5,0.16786,46.388
2020-06-22,Tech,0.11546114285714286,0.6,13,-0.07224,55.77305714285714
2020-06-23,Tech,0.059653333333333336,0.8,12,0.11546114285714286,52.98266666666667
2020-06-24,Tech,-0.12457666666666664,0.8,7,0.059653333333333336,43.771166666666666
2020-06-25,Tech,-0.25697000000000003,0.6,5,-0.12457666666666664,37.1515
2020-06-26,Tech,-0.021609999999999997,0.4,3,-0.25697000000000003,48.9195
2020-06-29,Tech,0.07673333333333333,0.4,6,-0.021609999999999997,53.836666666666666
2020-06-30,Tech,0.15967599999999998,0.4,9,0.07673333333333333,57.983799999999995
2020-07-01,Tech,0.10859999999999999,0.6,5,0.15967599999999998,55.43
2020-07-02,Tech,0.11805000000000002,0.4,5,0.10859999999999999,55.902499999999996
2020-07-06,Tech,0.05821532467532468,0.8,23,0.11805000000000002,52.91076623376624
2020-07-07,Tech,0.14006000000000002,0.4,2,0.05821532467532468,57.003
2020-07-08,Tech,0.018144,0.6,9,0.14006000000000002,50.907199999999996
2020-07-09,Tech,0.10877428571428571,0.6,11,0.018144,55.43871428571428
2020-07-10,Tech,0.0,0.6,5,0.10877428571428571,50.0
2020-07-13,Tech,0.26386000000000004,0.8,8,0.0,63.193
2020-07-14,Tech,0.086656,0.8,12,0.26386000000000004,54.332800000000006
2020-07-15,Tech,0.06254,0.8,9,0.086656,53.127
2020-07-16,Tech,-0.0067773333333333245,0.8,11,0.06254,49.66113333333333
2020-07-17,Tech,-0.034548,0.6,7,-0.0067773333333333245,48.2726
2020-07-20,Tech,0.10221384615384617,0.8,22,-0.034548,55.11069230769231
2020-07-21,Tech,0.19012800000000002,0.8,12,0.10221384615384617,59.506400000000006
2020-07-22,Tech,0.13414333333333334,0.6,9,0.19012800000000002,56.707166666666666
2020-07-23,Tech,0.13727777777777778,0.6,15,0.13414333333333334,56.863888888888894
2020-07-24,Tech,0.1172504761904762,0.6,44,0.13727777777777778,55.862523809523815
2020-07-27,Tech,0.13139666666666666,0.8,34,0.1172504761904762,56.56983333333333
2020-07-28,Tech,0.05361214285714285,0.6,17,0.13139666666666666,52.68060714285714
2020-07-29,Tech,0.18626552371541502,0.8,43,0.05361214285714285,59.31327618577075
2020-07-30,Tech,0.03265888888888889,0.8,40,0.18626552371541502,51.63294444444444
2020-07-31,Tech,0.10533999999999999,0.4,4,0.03265888888888889,55.266999999999996
2020-08-03,Tech,0.09563533333333334,0.6,15,0.10533999999999999,54.78176666666666
2020-08-04,Tech,0.08401836363636364,0.6,23,0.09563533333333334,54.20091818181818
2020-08-05,Tech,0.06801928571428573,0.8,19,0.08401836363636364,53.40096428571428
2020-08-06,Tech,0.022594999999999997,0.6,7,0.06801928571428573,51.129749999999994
2020-08-07,Tech,0.12738,0.4,3,0.022594999999999997,56.369
2020-08-10,Tech,0.09708,0.8,11,0.12738,54.854
2020-08-11,Tech,0.149071,0.6,11,0.09708,57.45355
2020-08-12,Tech,-0.05931095238095239,0.8,18,0.149071,47.03445238095238
2020-08-13,Tech,0.042988571428571425,0.6,12,-0.05931095238095239,52.14942857142857
2020-08-14,Tech,0.22335666666666665,0.8,8,0.042988571428571425,61.167833333333334
2020-08-17,Tech,-0.0008940000000000053,0.8,13,0.22335666666666665,49.9553
2020-08-18,Tech,0.03285666666666667,0.8,13,-0.0008940000000000053,51.642833333333336
2020-08-19,Tech,0.03752333333333333,0.4,5,0.03285666666666667,51.87616666666667
2020-08-20,Tech,-0.06343111111111112,0.4,19,0.03752333333333333,46.82844444444444
2020-08-21,Tech,0.05089866666666667,0.8,13,-0.06343111111111112,52.54493333333333
2020-08-24,Tech,0.010851666666666666,0.6,13,0.05089866666666667,50.54258333333333
2020-08-25,Tech,0.041188999999999996,0.8,12,0.010851666666666666,52.05945
2020-08-26,Tech,0.09202666666666666,0.6,9,0.041188999999999996,54.601333333333336
2020-08-27,Tech,0.07884166666666667,0.8,13,0.09202666666666666,53.942083333333336
2020-08-28,Tech,0.19813333333333333,0.4,4,0.07884166666666667,59.906666666666666
2020-08-31,Tech,0.09978190476190477,0.8,18,0.19813333333333333,54.989095238095246
2020-09-01,Tech,0.015585000000000005,0.8,15,0.09978190476190477,50.77925
2020-09-02,Tech,0.11515238095238094,0.6,11,0.015585000000000005,55.757619047619045
2020-09-03,Tech,0.070045,0.6,10,0.11515238095238094,53.50225
2020-09-04,Tech,0.22383000000000003,0.8,5,0.070045,61.1915
2020-09-08,Tech,0.122785,0.8,13,0.22383000000000003,56.13925
2020-09-09,Tech,0.077465,0.8,14,0.122785,53.873250000000006
2020-09-10,Tech,0.09523333333333334,0.6,11,0.077465,54.76166666666666
2020-09-11,Tech,0.08456666666666665,0.6,7,0.09523333333333334,54.22833333333333
2020-09-14,Tech,0.061204999999999996,0.8,21,0.08456666666666665,53.060249999999996
2020-09-15,Tech,-0.10886266666666664,0.8,16,0.061204999999999996,44.556866666666664
2020-09-16,Tech,0.24323999999999998,0.6,7,-0.10886266666666664,62.16199999999999
2020-09-17,Tech,0.09316952380952381,0.6,11,0.24323999999999998,54.65847619047619
2020-09-18,Tech,0.0,0.4,5,0.09316952380952381,50.0
2020-09-21,Tech,0.06363333333333333,0.6,6,0.0,53.18166666666667
2020-09-22,Tech,0.06541333333333334,0.6,6,0.06363333333333333,53.27066666666666
2020-09-23,Tech,-0.02054,0.4,2,0.06541333333333334,48.973
2020-09-24,Tech,0.123915,0.8,10,-0.02054,56.19575
2020-09-25,Tech,-0.030586666666666668,0.8,7,0.123915,48.470666666666666
2020-09-28,Tech,0.19356833333333334,0.8,17,-0.030586666666666668,59.678416666666664
2020-09-29,Tech,0.14643,0.6,6,0.19356833333333334,57.3215
2020-09-30,Tech,0.08016000000000001,0.8,12,0.14643,54.008
2020-10-01,Tech,0.0,0.2,1,0.08016000000000001,50.0
2020-10-02,Tech,0.06639466666666667,0.4,8,0.0,53.31973333333333
2020-10-05,Tech,0.10325199999999998,0.6,7,0.06639466666666667,55.1626
2020-10-06,Tech,-0.041666666666666664,0.6,7,0.10325199999999998,47.91666666666667
2020-10-07,Tech,0.26556,0.8,8,-0.041666666666666664,63.278
2020-10-08,Tech,0.06996190476190475,0.6,14,0.26556,53.49809523809523
2020-10-09,Tech,0.15352133333333334,0.8,21,0.06996190476190475,57.67606666666667
2020-10-12,Tech,0.14646333333333333,0.8,8,0.15352133333333334,57.32316666666667
2020-10-13,Tech,-0.030493333333333327,0.6,8,0.14646333333333333,48.47533333333333
2020-10-14,Tech,0.0043,0.6,7,-0.030493333333333327,50.214999999999996
2020-10-15,Tech,0.14579666666666666,0.8,9,0.0043,57.28983333333333
2020-10-16,Tech,0.07855333333333334,0.6,7,0.14579666666666666,53.92766666666666
2020-10-19,Tech,0.020802499999999998,0.8,13,0.07855333333333334,51.040125
2020-10-20,Tech,0.020385000000000004,0.4,6,0.020802499999999998,51.01925000000001
2020-10-21,Tech,0.14243,0.8,8,0.020385000000000004,57.121500000000005
2020-10-22,Tech,0.1099575,0.4,10,0.14243,55.49787499999999
2020-10-23,Tech,0.05714181818181818,0.4,24,0.1099575,52.85709090909091
2020-10-26,Tech,0.029769999999999998,0.8,18,0.05714181818181818,51.4885
2020-10-27,Tech,0.14720908571428573,0.8,41,0.029769999999999998,57.36045428571429
2020-10-28,Tech,0.06721142857142856,0.8,20,0.14720908571428573,53.360571428571426
2020-10-29,Tech,0.12096,0.8,11,0.06721142857142856,56.047999999999995
2020-10-30,Tech,0.05574,0.6,5,0.12096,52.78699999999999
2020-11-02,Tech,0.031911499999999995,0.8,19,0.05574,51.595575000000004
2020-11-03,Tech,0.07976000000000001,0.4,3,0.031911499999999995,53.988
2020-11-04,Tech,0.08558666666666667,0.8,16,0.07976000000000001,54.279333333333334
2020-11-05,Tech,0.09168,0.8,20,0.08558666666666667,54.583999999999996
2020-11-06,Tech,0.12655,0.6,6,0.09168,56.3275
2020-11-09,Tech,-0.01575333333333333,0.8,16,0.12655,49.21233333333333
2020-11-10,Tech,-0.022237333333333338,0.8,24,-0.01575333333333333,48.888133333333336
2020-11-11,Tech,0.12945619047619047,0.6,16,-0.022237333333333338,56.47280952380952
2020-11-12,Tech,0.18486666666666668,0.8,11,0.12945619047619047,59.24333333333334
2020-11-13,Tech,-0.006774666666666662,0.6,9,0.18486666666666668,49.66126666666666
2020-11-16,Tech,0.28620666666666666,0.8,7,-0.006774666666666662,64.31033333333333
2020-11-17,Tech,0.19711666666666666,0.6,8,0.28620666666666666,59.85583333333333
2020-11-18,Tech,0.200415,0.8,9,0.19711666666666666,60.02075
2020-11-19,Tech,-0.021269999999999994,0.8,5,0.200415,48.9365
2020-11-20,Tech,0.13829333333333332,0.6,6,-0.021269999999999994,56.91466666666667
2020-11-23,Tech,0.07102,0.8,11,0.13829333333333332,53.551
2020-11-24,Tech,0.0,0.2,1,0.07102,50.0
2020-11-25,Tech,0.07454666666666668,0.6,6,0.0,53.72733333333334
2020-11-27,Tech,0.16755,0.6,5,0.07454666666666668,58.377500000000005
2020-11-30,Tech,0.03130166666666667,0.8,10,0.16755,51.56508333333334
2020-12-01,Tech,0.026776666666666664,0.8,11,0.03130166666666667,51.33883333333333
2020-12-02,Tech,0.160195,0.8,8,0.026776666666666664,58.009750000000004
2020-12-03,Tech,0.04324333333333333,0.6,8,0.160195,52.162166666666664
2020-12-04,Tech,0.15045,0.8,9,0.04324333333333333,57.5225
2020-12-07,Tech,0.07000777777777778,0.8,25,0.15045,53.500388888888885
2020-12-08,Tech,0.10759,0.8,8,0.07000777777777778,55.37950000000001
2020-12-09,Tech,0.21740733333333334,0.8,13,0.10759,60.87036666666666
2020-12-10,Tech,0.23603833333333335,0.8,10,0.21740733333333334,61.80191666666667
2020-12-11,Tech,0.045279,0.8,24,0.23603833333333335,52.26395
2020-12-14,Tech,0.07591600000000001,0.8,13,0.045279,53.79580000000001
2020-12-15,Tech,0.064346,0.6,10,0.07591600000000001,53.2173
2020-12-16,Tech,0.04046,0.6,5,0.064346,52.022999999999996
2020-12-17,Tech,0.23271428571428573,0.8,11,0.04046,61.635714285714286
2020-12-18,Tech,0.19258000000000003,0.8,11,0.23271428571428573,59.629
2020-12-21,Tech,0.06248114285714286,0.6,13,0.19258000000000003,53.12405714285714
2020-12-22,Tech,0.16148,0.8,7,0.06248114285714286,58.074000000000005
2020-12-23,Tech,0.12294000000000001,0.6,6,0.16148,56.147000000000006
2020-12-24,Tech,0.10528333333333335,0.6,6,0.12294000000000001,55.26416666666667
2020-12-28,Tech,0.14590916666666667,0.6,16,0.10528333333333335,57.295458333333336
2020-12-29,Tech,-0.039791999999999994,0.4,13,0.14590916666666667,48.0104
2020-12-30,Tech,0.169955,0.8,17,-0.039791999999999994,58.49775
2020-12-31,Tech,0.12261,0.6,5,0.169955,56.1305
2021-01-04,Tech,0.13137,0.6,14,0.12261,56.5685
2021-01-05,Tech,0.05659499999999999,0.8,14,0.13137,52.82975
2021-01-06,Tech,0.09353066666666666,0.6,12,0.05659499999999999,54.67653333333333
2021-01-07,Tech,0.018994,0.6,9,0.09353066666666666,50.9497
2021-01-08,Tech,0.03439333333333333,0.8,9,0.018994,51.71966666666666
2021-01-11,Tech,0.05332138888888889,0.8,23,0.03439333333333333,52.66606944444444
2021-01-12,Tech,0.02641,0.4,7,0.05332138888888889,51.3205
2021-01-13,Tech,0.0712023602484472,0.8,36,0.02641,53.560118012422365
2021-01-14,Tech,0.12327999999999999,0.6,16,0.0712023602484472,56.164
2021-01-15,Tech,0.07209800000000001,0.8,15,0.12327999999999999,53.6049
2021-01-19,Tech,0.06089938461538461,0.8,21,0.07209800000000001,53.04496923076923
2021-01-20,Tech,0.10948666666666666,0.8,14,0.06089938461538461,55.474333333333334
2021-01-21,Tech,0.16850333333333334,0.8,19,0.10948666666666666,58.42516666666666
2021-01-22,Tech,0.13180333333333333,0.8,19,0.16850333333333334,56.59016666666666
2021-01-25,Tech,0.11713538461538461,0.8,24,0.13180333333333333,55.85676923076923
2021-01-26,Tech,0.07855300000000001,0.6,22,0.11713538461538461,53.92765000000001
2021-01-27,Tech,0.21062833333333333,0.6,8,0.07855300000000001,60.53141666666667
2021-01-28,Tech,-0.0830511111111111,0.8,14,0.21062833333333333,45.84744444444445
2021-01-29,Tech,0.10540500000000001,0.8,7,-0.0830511111111111,55.27025
2021-02-01,Tech,0.2274197142857143,0.8,15,0.10540500000000001,61.37098571428572
2021-02-02,Tech,0.32508,0.8,6,0.2274197142857143,66.254
2021-02-03,Tech,0.13579249999999998,0.6,14,0.32508,56.789625
2021-02-04,Tech,0.07438164502164503,0.6,21,0.13579249999999998,53.71908225108225
2021-02-05,Tech,0.17195333333333335,0.8,8,0.07438164502164503,58.59766666666667
2021-02-08,Tech,0.07726999999999999,0.4,5,0.17195333333333335,53.863499999999995
2021-02-09,Tech,0.034,0.6,6,0.07726999999999999,51.7
2021-02-10,Tech,-0.011450000000000002,0.4,4,0.034,49.4275
2021-02-11,Tech,0.011865999999999998,0.6,18,-0.011450000000000002,50.5933
2021-02-12,Tech,0.09473333333333335,0.8,8,0.011865999999999998,54.736666666666665
2021-02-16,Tech,0.03869,0.8,7,0.09473333333333335,51.93449999999999
2021-02-17,Tech,0.1284013333333333,0.6,9,0.03869,56.42006666666667
2021-02-18,Tech,0.07062,0.8,9,0.1284013333333333,53.53099999999999
2021-02-19,Tech,0.15548,0.8,9,0.07062,57.774
2021-02-22,Tech,0.18841999999999998,0.8,9,0.15548,59.421
2021-02-23,Tech,0.21879833333333334,0.8,13,0.18841999999999998,60.93991666666667
2021-02-24,Tech,0.06790666666666667,0.6,7,0.21879833333333334,53.395333333333326
2021-02-25,Tech,-0.006279999999999999,0.8,6,0.06790666666666667,49.686
2021-02-26,Tech,0.09306166666666668,0.6,8,-0.006279999999999999,54.65308333333333
2021-03-01,Tech,0.10367,0.8,9,0.09306166666666668,55.183499999999995
2021-03-02,Tech,-0.04197333333333332,0.8,7,0.10367,47.90133333333333
2021-03-03,Tech,0.13616,0.4,2,-0.04197333333333332,56.808
2021-03-04,Tech,0.05234,0.6,6,0.13616,52.617000000000004
2021-03-05,Tech,0.05286,0.6,12,0.05234,52.642999999999994
2021-03-08,Tech,0.21138200000000001,0.8,9,0.05286,60.5691
2021-03-09,Tech,-0.010104999999999998,0.8,8,0.21138200000000001,49.494749999999996
2021-03-10,Tech,0.12498000000000001,0.6,3,-0.010104999999999998,56.249
2021-03-11,Tech,0.07936857142857143,0.8,14,0.12498000000000001,53.968428571428575
2021-03-12,Tech,0.14107,0.6,4,0.07936857142857143,57.0535
2021-03-15,Tech,0.025907999999999997,0.6,10,0.14107,51.2954
2021-03-16,Tech,-0.03512,0.8,12,0.025907999999999997,48.244
2021-03-17,Tech,0.1967,0.6,7,-0.03512,59.83500000000001
2021-03-18,Tech,0.11353333333333333,0.6,5,0.1967,55.67666666666666
2021-03-19,Tech,0.059199999999999996,0.4,2,0.11353333333333333,52.959999999999994
2021-03-22,Tech,0.07941100000000001,0.8,13,0.059199999999999996,53.970549999999996
2021-03-23,Tech,0.20391666666666666,0.8,13,0.07941100000000001,60.19583333333334
2021-03-24,Tech,-0.025705000000000006,0.8,24,0.20391666666666666,48.71475
2021-03-25,Tech,-0.005879999999999991,0.8,13,-0.025705000000000006,49.706
2021-03-26,Tech,-0.008109999999999996,0.8,12,-0.005879999999999991,49.594500000000004
2021-03-29,Tech,0.15544,0.8,12,-0.008109999999999996,57.772
2021-03-30,Tech,0.21305333333333332,0.6,5,0.15544,60.65266666666667
2021-03-31,Tech,0.05668666666666666,0.6,9,0.21305333333333332,52.83433333333334
2021-04-01,Tech,0.002878000000000014,0.8,9,0.05668666666666666,50.143899999999995
2021-04-05,Tech,0.13720307692307693,0.6,19,0.002878000000000014,56.86015384615385
2021-04-06,Tech,-0.04551066666666667,0.6,9,0.13720307692307693,47.724466666666665
2021-04-07,Tech,0.07943,0.6,4,-0.04551066666666667,53.97149999999999
2021-04-08,Tech,0.0522,0.8,12,0.07943,52.61
2021-04-09,Tech,0.12588166666666667,0.6,9,0.0522,56.29408333333333
2021-04-12,Tech,0.07679499999999999,0.8,16,0.12588166666666667,53.839749999999995
2021-04-13,Tech,0.08186333333333333,0.6,8,0.07679499999999999,54.09316666666667
2021-04-14,Tech,0.07398666666666667,0.8,8,0.08186333333333333,53.699333333333335
2021-04-15,Tech,0.16139,0.8,10,0.07398666666666667,58.0695
2021-04-16,Tech,0.012846000000000002,0.6,8,0.16139,50.6423
2021-04-19,Tech,0.04011695238095238,0.8,25,0.012846000000000002,52.00584761904762
2021-04-20,Tech,0.04956750000000001,0.6,12,0.04011695238095238,52.478375
2021-04-21,Tech,0.027979999999999998,0.8,12,0.04956750000000001,51.398999999999994
2021-04-22,Tech,0.13453299999999996,0.8,28,0.027979999999999998,56.72665
2021-04-23,Tech,0.0606751282051282,0.8,22,0.13453299999999996,53.0337564102564
2021-04-26,Tech,0.14296222222222224,0.6,15,0.0606751282051282,57.14811111111111
2021-04-27,Tech,0.147788,0.8,8,0.14296222222222224,57.3894
2021-04-28,Tech,0.05417688311688312,0.8,26,0.147788,52.70884415584416
2021-04-29,Tech,0.10840000000000001,0.8,12,0.05417688311688312,55.42
2021-04-30,Tech,-0.004823333333333335,0.4,8,0.10840000000000001,49.758833333333335
2021-05-03,Tech,0.02965416666666667,0.6,17,-0.004823333333333335,51.482708333333335
2021-05-04,Tech,-0.008705000000000008,0.6,8,0.02965416666666667,49.564750000000004
2021-05-05,Tech,0.14187666666666668,0.6,8,-0.008705000000000008,57.093833333333336
2021-05-06,Tech,0.11095,0.6,6,0.14187666666666668,55.54749999999999
2021-05-07,Tech,0.15118666666666666,0.6,8,0.11095,57.55933333333333
2021-05-10,Tech,0.07957333333333333,0.6,7,0.15118666666666666,53.97866666666666
2021-05-11,Tech,0.0018399999999999992,0.8,13,0.07957333333333333,50.092000000000006
2021-05-12,Tech,0.13212000000000002,0.6,4,0.0018399999999999992,56.606
2021-05-13,Tech,-0.02023,0.8,5,0.13212000000000002,48.9885
2021-05-14,Tech,0.08216,0.6,9,-0.02023,54.108000000000004
2021-05-17,Tech,0.030506666666666665,0.4,5,0.08216,51.525333333333336
2021-05-18,Tech,0.14354,0.4,3,0.030506666666666665,57.177
2021-05-19,Tech,-0.11640857142857144,0.6,15,0.14354,44.17957142857143
2021-05-20,Tech,0.13196466666666667,0.8,14,-0.11640857142857144,56.59823333333334
2021-05-21,Tech,0.22671999999999998,0.8,5,0.13196466666666667,61.336
2021-05-24,Tech,0.20259,0.6,9,0.22671999999999998,60.1295
2021-05-25,Tech,-0.028803999999999996,0.6,12,0.20259,48.559799999999996
2021-05-26,Tech,0.26042,0.8,6,-0.028803999999999996,63.020999999999994
2021-05-27,Tech,0.18085199999999996,0.8,11,0.26042,59.0426
2021-05-28,Tech,0.11633,0.8,12,0.18085199999999996,55.816500000000005
2021-06-01,Tech,0.056664000000000006,0.6,9,0.11633,52.833200000000005
2021-06-02,Tech,0.10558666666666668,0.8,9,0.056664000000000006,55.279333333333334
2021-06-03,Tech,0.049510000000000005,0.6,8,0.10558666666666668,52.4755
2021-06-04,Tech,0.090086,0.6,8,0.049510000000000005,54.50429999999999
2021-06-07,Tech,0.1879285,0.8,19,0.090086,59.396424999999994
2021-06-08,Tech,0.15052000000000001,0.4,2,0.1879285,57.525999999999996
2021-06-09,Tech,0.07993000000000001,0.8,5,0.15052000000000001,53.996500000000005
2021-06-10,Tech,0.1197075,0.8,18,0.07993000000000001,55.985375000000005
2021-06-11,Tech,-0.005985000000000007,0.8,7,0.1197075,49.70075
2021-06-14,Tech,-0.025934000000000002,0.8,11,-0.005985000000000007,48.7033
2021-06-15,Tech,0.0,0.6,5,-0.025934000000000002,50.0
2021-06-16,Tech,0.10911333333333335,0.8,13,0.0,55.45566666666667
2021-06-17,Tech,-0.01753755555555556,0.6,20,0.10911333333333335,49.12312222222222
2021-06-18,Tech,0.07503800000000001,0.8,18,-0.01753755555555556,53.7519
2021-06-21,Tech,0.1034225,0.8,18,0.07503800000000001,55.171124999999996
2021-06-22,Tech,0.035640000000000005,0.6,8,0.1034225,51.782
2021-06-23,Tech,0.05453600000000001,0.6,9,0.035640000000000005,52.7268
2021-06-24,Tech,0.21494666666666667,0.8,14,0.05453600000000001,60.74733333333333
2021-06-25,Tech,0.31194,0.6,4,0.21494666666666667,65.597
2021-06-28,Tech,0.05321733333333334,0.8,15,0.31194,52.66086666666667
2021-06-29,Tech,0.266095,0.8,9,0.05321733333333334,63.30475
2021-06-30,Tech,0.062078666666666685,0.6,13,0.266095,53.10393333333333
2021-07-01,Tech,0.1283933333333333,0.8,9,0.062078666666666685,56.41966666666667
2021-07-02,Tech,-0.05025333333333334,0.6,8,0.1283933333333333,47.48733333333333
2021-07-06,Tech,0.15541,0.6,10,-0.05025333333333334,57.770500000000006
2021-07-07,Tech,0.20768,0.6,4,0.15541,60.38400000000001
2021-07-08,Tech,0.12301500000000001,0.6,11,0.20768,56.15075
2021-07-09,Tech,0.11637499999999998,0.6,6,0.12301500000000001,55.818749999999994
2021-07-12,Tech,0.10748333333333333,0.8,16,0.11637499999999998,55.37416666666667
2021-07-13,Tech,0.09878,0.6,5,0.10748333333333333,54.93900000000001
2021-07-14,Tech,0.013888000000000008,0.8,10,0.09878,50.694399999999995
2021-07-15,Tech,-0.004392000000000001,0.4,12,0.013888000000000008,49.7804
2021-07-16,Tech,0.0740236923076923,0.8,21,-0.004392000000000001,53.70118461538461
2021-07-19,Tech,-0.058755476190476184,0.8,29,0.0740236923076923,47.06222619047619
2021-07-20,Tech,0.09946999999999999,0.8,10,-0.058755476190476184,54.973499999999994
2021-07-21,Tech,0.07971500000000001,0.8,16,0.09946999999999999,53.985749999999996
2021-07-22,Tech,0.014929999999999999,0.6,20,0.07971500000000001,50.746500000000005
2021-07-23,Tech,-0.038142333333333334,0.8,26,0.014929999999999999,48.09288333333333
2021-07-26,Tech,0.10098634615384613,0.8,25,-0.038142333333333334,55.049317307692306
2021-07-27,Tech,0.015841919191919192,0.6,30,0.10098634615384613,50.79209595959596
2021-07-28,Tech,0.10124714285714287,0.6,19,0.015841919191919192,55.062357142857145
2021-07-29,Tech,0.11806833333333333,0.8,12,0.10124714285714287,55.90341666666667
2021-07-30,Tech,0.14521,0.4,3,0.11806833333333333,57.2605
2021-08-02,Tech,0.0643536507936508,0.6,19,0.14521,53.21768253968254
2021-08-03,Tech,0.062337500000000004,0.6,17,0.0643536507936508,53.11687499999999
2021-08-04,Tech,-0.0302475,0.6,14,0.062337500000000004,48.487625
2021-08-05,Tech,0.08090047619047619,0.8,18,-0.0302475,54.045023809523805
2021-08-06,Tech,0.06175200000000001,0.8,13,0.08090047619047619,53.0876
2021-08-09,Tech,0.043475,0.8,10,0.06175200000000001,52.17375
2021-08-10,Tech,0.004235999999999999,0.4,7,0.043475,50.2118
2021-08-11,Tech,0.0,0.4,2,0.004235999999999999,50.0
2021-08-12,Tech,0.12394666666666668,0.4,5,0.0,56.19733333333333
2021-08-13,Tech,0.023295,0.6,8,0.12394666666666668,51.164750000000005
2021-08-16,Tech,0.02288,0.6,10,0.023295,51.144
2021-08-17,Tech,-0.02628666666666667,1.0,10,0.02288,48.68566666666666
2021-08-18,Tech,0.30077175,1.0,28,-0.02628666666666667,65.0385875
2021-08-19,Tech,0.0635257142857143,1.0,27,0.30077175,53.17628571428572
2021-08-20,Tech,-0.058109999999999995,0.6,17,0.0635257142857143,47.094500000000004
2021-08-23,Tech,0.10318545454545455,0.8,17,-0.058109999999999995,55.15927272727272
2021-08-24,Tech,0.00973936507936508,0.6,22,0.10318545454545455,50.48696825396826
2021-08-25,Tech,0.01366,0.8,17,0.00973936507936508,50.683
2021-08-26,Tech,0.18797099999999997,0.6,12,0.01366,59.39854999999999
2021-08-27,Tech,-0.010700000000000005,0.8,18,0.18797099999999997,49.464999999999996
2021-08-30,Tech,0.2700786666666667,0.8,22,-0.010700000000000005,63.50393333333333
2021-08-31,Tech,-0.015545000000000003,0.6,10,0.2700786666666667,49.22275
2021-09-01,Tech,-0.02433333333333333,0.6,5,-0.015545000000000003,48.78333333333333
2021-09-02,Tech,0.25962999999999997,0.8,7,-0.02433333333333333,62.981500000000004
2021-09-03,Tech,0.17783333333333334,0.8,11,0.25962999999999997,58.891666666666666
2021-09-07,Tech,0.1948952380952381,1.0,24,0.17783333333333334,59.7447619047619
2021-09-08,Tech,0.08069,0.8,13,0.1948952380952381,54.034499999999994
2021-09-09,Tech,0.18947166666666665,1.0,13,0.08069,59.47358333333334
2021-09-10,Tech,-0.10527333333333336,1.0,16,0.18947166666666665,44.736333333333334
2021-09-13,Tech,0.05269966666666666,1.0,22,-0.10527333333333336,52.63498333333333
2021-09-14,Tech,0.194275,1.0,11,0.05269966666666666,59.71375
2021-09-15,Tech,0.06642428571428571,0.8,18,0.194275,53.32121428571428
2021-09-16,Tech,0.20064333333333334,1.0,8,0.06642428571428571,60.03216666666666
2021-09-17,Tech,-0.004446666666666654,1.0,10,0.20064333333333334,49.77766666666666
2021-09-20,Tech,0.29294333333333333,1.0,24,-0.004446666666666654,64.64716666666666
2021-09-21,Tech,0.11117178571428572,1.0,22,0.29294333333333333,55.55858928571429
2021-09-22,Tech,0.08091866666666667,1.0,17,0.11117178571428572,54.04593333333333
2021-09-23,Tech,0.04324833333333333,1.0,12,0.08091866666666667,52.162416666666665
2021-09-24,Tech,0.17522000000000001,1.0,13,0.04324833333333333,58.760999999999996
2021-09-27,Tech,0.18366033333333331,1.0,22,0.17522000000000001,59.18301666666667
2021-09-28,Tech,0.151244,1.0,14,0.18366033333333331,57.5622
2021-09-29,Tech,0.17054533333333333,0.8,12,0.151244,58.52726666666667
2021-09-30,Tech,0.16957166666666668,1.0,16,0.17054533333333333,58.47858333333333
2021-10-01,Tech,-0.171766,1.0,14,0.16957166666666668,41.4117
2021-10-04,Tech,0.16395857142857145,1.0,25,-0.171766,58.19792857142857
2021-10-05,Tech,0.13896000000000003,1.0,13,0.16395857142857145,56.948
2021-10-06,Tech,0.054024499999999996,0.8,18,0.13896000000000003,52.701224999999994
2021-10-07,Tech,-0.010751666666666677,1.0,11,0.054024499999999996,49.46241666666666
2021-10-08,Tech,0.05983433333333334,1.0,14,-0.010751666666666677,52.99171666666667
2021-10-11,Tech,0.055946666666666665,0.6,5,0.05983433333333334,52.79733333333333
2021-10-12,Tech,0.21382933333333334,1.0,23,0.055946666666666665,60.69146666666667
2021-10-13,Tech,0.11946333333333334,1.0,21,0.21382933333333334,55.973166666666664
2021-10-14,Tech,0.053556000000000006,0.8,11,0.11946333333333334,52.6778
2021-10-15,Tech,0.12802,0.8,8,0.053556000000000006,56.401
2021-10-18,Tech,0.07923111904761904,1.0,37,0.12802,53.96155595238095
2021-10-19,Tech,0.2747116666666667,1.0,16,0.07923111904761904,63.73558333333334
2021-10-20,Tech,0.13825333333333334,1.0,9,0.2747116666666667,56.91266666666667
2021-10-21,Tech,0.08766199999999999,1.0,27,0.13825333333333334,54.3831
2021-10-22,Tech,0.15496066666666666,0.6,26,0.08766199999999999,57.74803333333334
2021-10-25,Tech,-0.02313166666666666,0.8,15,0.15496066666666666,48.84341666666667
2021-10-26,Tech,0.09469119047619048,1.0,31,-0.02313166666666666,54.73455952380952
2021-10-27,Tech,0.03258852380952381,0.8,22,0.09469119047619048,51.62942619047619
2021-10-28,Tech,0.25319,1.0,12,0.03258852380952381,62.6595
2021-10-29,Tech,0.06054799999999999,0.8,13,0.25319,53.0274
2021-11-01,Tech,0.25267833333333334,1.0,15,0.06054799999999999,62.633916666666664
2021-11-02,Tech,0.15081666666666665,1.0,19,0.25267833333333334,57.54083333333333
2021-11-03,Tech,0.20185399999999998,1.0,20,0.15081666666666665,60.0927
2021-11-04,Tech,0.2003686944634313,1.0,43,0.20185399999999998,60.018434723171566
2021-11-05,Tech,-0.02313666666666665,1.0,12,0.2003686944634313,48.84316666666667
2021-11-08,Tech,0.063098,1.0,29,-0.02313666666666665,53.154900000000005
2021-11-09,Tech,0.08496666666666668,0.8,16,0.063098,54.248333333333335
2021-11-10,Tech,0.09087277777777779,1.0,21,0.08496666666666668,54.54363888888889
2021-11-11,Tech,0.18551939393939393,0.8,16,0.09087277777777779,59.275969696969696
2021-11-12,Tech,0.07454,0.8,9,0.18551939393939393,53.727000000000004
2021-11-15,Tech,0.1349466666666667,0.8,19,0.07454,56.74733333333334
2021-11-16,Tech,0.08814893939393939,0.4,23,0.1349466666666667,54.40744696969697
2021-11-17,Tech,0.029725098039215685,0.6,23,0.08814893939393939,51.486254901960784
2021-11-18,Tech,0.04507960591133005,0.6,37,0.029725098039215685,52.25398029556651
2021-11-19,Tech,0.09595473684210526,0.8,26,0.04507960591133005,54.79773684210526
2021-11-22,Tech,0.18750116666666666,1.0,31,0.09595473684210526,59.37505833333333
2021-11-23,Tech,0.33617600000000003,1.0,11,0.18750116666666666,66.8088
2021-11-24,Tech,-0.02493555555555555,0.8,21,0.33617600000000003,48.75322222222222
2021-11-26,Tech,-0.022650000000000003,0.6,8,-0.02493555555555555,48.8675
2021-11-29,Tech,0.12805257142857143,1.0,31,-0.022650000000000003,56.40262857142857
2021-11-30,Tech,0.02141722222222222,1.0,23,0.12805257142857143,51.07086111111111
2021-12-01,Tech,-0.06669999999999998,1.0,8,0.02141722222222222,46.665
2021-12-02,Tech,0.17711696969696972,1.0,24,-0.06669999999999998,58.85584848484848
2021-12-03,Tech,0.14342482142857144,0.8,28,0.17711696969696972,57.17124107142857
2021-12-06,Tech,0.15547971212121212,1.0,44,0.14342482142857144,57.773985606060606
2021-12-07,Tech,0.18975738687782806,1.0,43,0.15547971212121212,59.48786934389141
2021-12-08,Tech,0.04304833333333333,0.8,15,0.18975738687782806,52.15241666666667
2021-12-09,Tech,0.13742472727272728,1.0,27,0.04304833333333333,56.87123636363637
2021-12-10,Tech,0.04110363636363636,0.6,16,0.13742472727272728,52.055181818181815
2021-12-13,Tech,0.08031590909090909,1.0,35,0.04110363636363636,54.015795454545454
2021-12-14,Tech,0.02925833333333333,1.0,19,0.08031590909090909,51.46291666666667
2021-12-15,Tech,0.20407466666666668,1.0,25,0.02925833333333333,60.20373333333333
2021-12-16,Tech,0.08213541666666667,1.0,30,0.20407466666666668,54.10677083333333
2021-12-17,Tech,-0.12269000000000001,1.0,16,0.08213541666666667,43.865500000000004
2021-12-20,Tech,0.022605000000000007,1.0,26,-0.12269000000000001,51.13025
2021-12-21,Tech,0.1621288888888889,1.0,18,0.022605000000000007,58.10644444444445
2021-12-22,Tech,0.5457966666666667,1.0,18,0.1621288888888889,77.28983333333333
2021-12-23,Tech,0.12270833333333334,1.0,19,0.5457966666666667,56.13541666666667
2021-12-27,Tech,0.1307965,0.8,21,0.12270833333333334,56.539825
2021-12-28,Tech,0.18943031818181819,1.0,30,0.1307965,59.47151590909091
2021-12-29,Tech,0.07580366666666666,0.6,12,0.18943031818181819,53.79018333333333
2021-12-30,Tech,0.15874000000000002,1.0,20,0.07580366666666666,57.937000000000005
2021-12-31,Tech,0.2338704285714286,1.0,18,0.15874000000000002,61.69352142857143
2022-01-03,Tech,0.2687995238095238,0.8,23,0.2338704285714286,63.43997619047619
2022-01-04,Tech,0.061587843137254905,1.0,43,0.2687995238095238,53.079392156862745
2022-01-05,Tech,0.13513872727272727,1.0,38,0.061587843137254905,56.75693636363637
2022-01-06,Tech,0.15982,1.0,14,0.13513872727272727,57.99100000000001
2022-01-07,Tech,-0.033966,0.6,19,0.15982,48.3017
2022-01-10,Tech,0.08093750000000001,1.0,27,-0.033966,54.04687500000001
2022-01-11,Tech,0.11937288888888889,1.0,27,0.08093750000000001,55.96864444444445
2022-01-12,Tech,0.14554,1.0,27,0.11937288888888889,57.277
2022-01-13,Tech,0.22538711111111112,1.0,32,0.14554,61.26935555555556
2022-01-14,Tech,0.20481952380952378,1.0,17,0.22538711111111112,60.24097619047619
2022-01-18,Tech,0.18140290476190474,1.0,38,0.20481952380952378,59.070145238095236
2022-01-19,Tech,0.13954033333333332,0.8,47,0.18140290476190474,56.97701666666667
2022-01-20,Tech,0.22160061904761905,1.0,48,0.13954033333333332,61.08003095238095
2022-01-21,Tech,0.08734939393939394,0.8,30,0.22160061904761905,54.36746969696969
2022-01-24,Tech,0.15312506604506604,1.0,40,0.08734939393939394,57.656253302253305
2022-01-25,Tech,0.030626333333333332,1.0,36,0.15312506604506604,51.53131666666667
2022-01-26,Tech,0.06644259968102073,1.0,73,0.030626333333333332,53.32212998405104
2022-01-27,Tech,0.10302531818181818,0.8,56,0.06644259968102073,55.15126590909091
2022-01-28,Tech,0.1749627619047619,1.0,32,0.10302531818181818,58.74813809523809
2022-01-31,Tech,0.09670966666666667,1.0,51,0.1749627619047619,54.835483333333336
2022-02-01,Tech,0.12699370370370372,1.0,53,0.09670966666666667,56.34968518518518
2022-02-02,Tech,0.18780171179883945,1.0,102,0.12699370370370372,59.390085589941975
2022-02-03,Tech,0.14016726984126984,1.0,37,0.18780171179883945,57.008363492063495
2022-02-04,Tech,0.037741111111111114,0.8,18,0.14016726984126984,51.88705555555555
2022-02-07,Tech,0.08864738095238094,1.0,29,0.037741111111111114,54.43236904761905
2022-02-08,Tech,0.2332439285714286,1.0,51,0.08864738095238094,61.66219642857143
2022-02-09,Tech,0.14765569230769232,1.0,25,0.2332439285714286,57.38278461538462
2022-02-10,Tech,0.07350999999999999,1.0,19,0.14765569230769232,53.6755
2022-02-11,Tech,0.04092277777777778,1.0,30,0.07350999999999999,52.04613888888889
2022-02-14,Tech,0.053582275641025634,1.0,59,0.04092277777777778,52.67911378205128
2022-02-15,Tech,0.12729388235294117,1.0,55,0.053582275641025634,56.36469411764706
2022-02-16,Tech,0.14363227450980393,1.0,34,0.12729388235294117,57.1816137254902
2022-02-17,Tech,0.1114956,1.0,44,0.14363227450980393,55.574780000000004
2022-02-18,Tech,0.14117266666666667,1.0,35,0.1114956,57.05863333333333
2022-02-22,Tech,0.1445880714285714,1.0,40,0.14117266666666667,57.22940357142857
2022-02-23,Tech,0.21207666666666664,1.0,22,0.1445880714285714,60.603833333333334
2022-02-24,Tech,0.06595333333333334,1.0,19,0.21207666666666664,53.297666666666665
2022-02-25,Tech,-0.042288571428571425,0.8,16,0.06595333333333334,47.885571428571424
2022-02-28,Tech,0.14586272727272726,1.0,24,-0.042288571428571425,57.293136363636364
2022-03-01,Tech,0.1823533333333333,1.0,13,0.14586272727272726,59.117666666666665
2022-03-02,Tech,0.14562400000000003,0.8,21,0.1823533333333333,57.2812
2022-03-03,Tech,0.06495651515151515,1.0,27,0.14562400000000003,53.24782575757576
2022-03-04,Tech,0.051968619047619055,1.0,26,0.06495651515151515,52.59843095238095
2022-03-07,Tech,0.018420619047619047,1.0,37,0.051968619047619055,50.92103095238095
2022-03-08,Tech,0.12529333333333334,0.8,29,0.018420619047619047,56.26466666666666
2022-03-09,Tech,0.07840942857142857,1.0,37,0.12529333333333334,53.920471428571425
2022-03-10,Tech,0.2778336923076923,1.0,36,0.07840942857142857,63.89168461538461
2022-03-11,Tech,0.07941400000000001,1.0,21,0.2778336923076923,53.97070000000001
2022-03-14,Tech,0.26458244444444445,1.0,26,0.07941400000000001,63.22912222222222
2022-03-15,Tech,0.09321386868686868,1.0,36,0.26458244444444445,54.66069343434343
2022-03-16,Tech,0.13736824675324677,0.8,31,0.09321386868686868,56.868412337662335
2022-03-17,Tech,0.07387716666666666,1.0,26,0.13736824675324677,53.69385833333333
2022-03-18,Tech,0.1473853333333333,1.0,24,0.07387716666666666,57.36926666666666
2022-03-21,Tech,0.10049066666666664,1.0,31,0.1473853333333333,55.02453333333334
2022-03-22,Tech,0.12455219047619048,1.0,25,0.10049066666666664,56.22760952380952
2022-03-23,Tech,0.06218736363636364,1.0,50,0.12455219047619048,53.10936818181818
2022-03-24,Tech,0.11436908158508156,1.0,56,0.06218736363636364,55.71845407925407
2022-03-25,Tech,0.13006791666666667,1.0,33,0.11436908158508156,56.503395833333336
2022-03-28,Tech,0.26842,1.0,35,0.13006791666666667,63.42099999999999
2022-03-29,Tech,0.06540295238095238,0.8,28,0.26842,53.27014761904761
2022-03-30,Tech,0.14768283333333335,1.0,22,0.06540295238095238,57.384141666666665
2022-03-31,Tech,0.1397956349206349,1.0,35,0.14768283333333335,56.989781746031746
2022-04-01,Tech,0.09031396736596738,1.0,42,0.1397956349206349,54.515698368298374
2022-04-04,Tech,0.11491586466165411,1.0,57,0.09031396736596738,55.74579323308271
2022-04-05,Tech,0.029282346153846155,0.8,37,0.11491586466165411,51.464117307692305
2022-04-06,Tech,0.1552212857142857,1.0,33,0.029282346153846155,57.76106428571428
2022-04-07,Tech,0.23489771428571432,0.8,22,0.1552212857142857,61.744885714285715
2022-04-08,Tech,0.38193333333333335,1.0,25,0.23489771428571432,69.09666666666668
2022-04-11,Tech,0.234682331002331,1.0,55,0.38193333333333335,61.734116550116546
2022-04-12,Tech,0.12285428571428572,1.0,15,0.234682331002331,56.14271428571429
2022-04-13,Tech,0.12568166666666664,1.0,26,0.12285428571428572,56.284083333333335
2022-04-14,Tech,0.006591666666666667,1.0,25,0.12568166666666664,50.32958333333334
2022-04-18,Tech,0.09197,1.0,24,0.006591666666666667,54.598499999999994
2022-04-19,Tech,0.17060755555555557,1.0,24,0.09197,58.53037777777777
2022-04-20,Tech,0.140301,0.8,17,0.17060755555555557,57.01505
2022-04-21,Tech,0.04024880952380951,1.0,23,0.140301,52.01244047619048
2022-04-22,Tech,0.027360000000000002,1.0,9,0.04024880952380951,51.368
2022-04-25,Tech,0.1535740238095238,1.0,39,0.027360000000000002,57.67870119047619
2022-04-26,Tech,0.135942,1.0,22,0.1535740238095238,56.7971
2022-04-27,Tech,0.12966955555555554,1.0,32,0.135942,56.48347777777778
2022-04-28,Tech,0.02065943181818182,0.8,46,0.12966955555555554,51.03297159090909
2022-04-29,Tech,0.0014425108225108174,1.0,27,0.02065943181818182,50.072125541125544
2022-05-02,Tech,0.04577086580086581,1.0,33,0.0014425108225108174,52.288543290043286
2022-05-03,Tech,-0.014621587301587292,1.0,41,0.04577086580086581,49.26892063492064
2022-05-04,Tech,-0.022746858974358974,0.8,45,-0.014621587301587292,48.86265705128205
2022-05-05,Tech,0.27581316666666666,1.0,25,-0.022746858974358974,63.790658333333326
2022-05-06,Tech,0.07282428571428572,1.0,23,0.27581316666666666,53.64121428571429
2022-05-09,Tech,0.0890825641025641,1.0,33,0.07282428571428572,54.45412820512821
2022-05-10,Tech,0.19980564102564102,1.0,25,0.0890825641025641,59.99028205128205
2022-05-11,Tech,0.10732678571428571,1.0,21,0.19980564102564102,55.36633928571428
2022-05-12,Tech,0.03639452380952381,1.0,34,0.10732678571428571,51.81972619047619
2022-05-13,Tech,0.09926212121212122,1.0,24,0.03639452380952381,54.96310606060606
2022-05-16,Tech,0.017866,1.0,22,0.09926212121212122,50.893299999999996
2022-05-17,Tech,0.16402091575091576,1.0,35,0.017866,58.201045787545794
2022-05-18,Tech,0.269345,1.0,20,0.16402091575091576,63.46725
2022-05-19,Tech,0.14425613636363638,0.8,25,0.269345,57.21280681818182
2022-05-20,Tech,0.27979583333333335,1.0,21,0.14425613636363638,63.989791666666676
2022-05-23,Tech,0.1603996591478697,1.0,37,0.27979583333333335,58.01998295739348
2022-05-24,Tech,0.24001999999999998,1.0,14,0.1603996591478697,62.001
2022-05-25,Tech,0.0241180808080808,1.0,36,0.24001999999999998,51.205904040404036
2022-05-26,Tech,0.24216842105263153,1.0,31,0.0241180808080808,62.10842105263158
2022-05-27,Tech,-0.004007777777777782,1.0,17,0.24216842105263153,49.799611111111105
2022-05-31,Tech,0.2941422222222222,1.0,27,-0.004007777777777782,64.70711111111112
2022-06-01,Tech,0.15144611111111111,0.8,19,0.2941422222222222,57.57230555555556
2022-06-02,Tech,0.10932380952380952,1.0,27,0.15144611111111111,55.46619047619048
2022-06-03,Tech,0.11425733333333335,1.0,23,0.10932380952380952,55.71286666666667
2022-06-06,Tech,0.06840833333333333,1.0,17,0.11425733333333335,53.42041666666667
2022-06-07,Tech,0.06256533333333333,1.0,22,0.06840833333333333,53.12826666666667
2022-06-08,Tech,0.07279275,0.8,27,0.06256533333333333,53.639637500000006
2022-06-09,Tech,0.065266,1.0,15,0.07279275,53.2633
2022-06-10,Tech,0.048537500000000004,1.0,18,0.065266,52.426874999999995
2022-06-13,Tech,0.12153770634920633,1.0,36,0.048537500000000004,56.07688531746031
2022-06-14,Tech,0.1344104761904762,1.0,19,0.12153770634920633,56.72052380952381
2022-06-15,Tech,0.234733,1.0,20,0.1344104761904762,61.736650000000004
2022-06-16,Tech,0.08834822510822511,1.0,30,0.234733,54.41741125541125
2022-06-17,Tech,0.09359166666666667,0.8,19,0.08834822510822511,54.67958333333334
2022-06-21,Tech,0.11818778205128204,1.0,33,0.09359166666666667,55.9093891025641
2022-06-22,Tech,0.18884190476190474,1.0,20,0.11818778205128204,59.44209523809524
2022-06-23,Tech,0.1661,1.0,22,0.18884190476190474,58.30499999999999
2022-06-24,Tech,-0.009807999999999994,1.0,24,0.1661,49.5096
2022-06-27,Tech,0.2142255238095238,1.0,37,-0.009807999999999994,60.71127619047619
2022-06-28,Tech,0.07973964285714286,1.0,27,0.2142255238095238,53.986982142857144
2022-06-29,Tech,0.16612555555555555,1.0,29,0.07973964285714286,58.30627777777778
2022-06-30,Tech,0.12980755555555554,1.0,31,0.16612555555555555,56.49037777777778
2022-07-01,Tech,0.17648452380952379,1.0,23,0.12980755555555554,58.82422619047619
2022-07-05,Tech,0.12629277777777778,0.8,32,0.17648452380952379,56.314638888888894
2022-07-06,Tech,0.131968,1.0,18,0.12629277777777778,56.598400000000005
2022-07-07,Tech,0.06432939682539682,1.0,37,0.131968,53.21646984126984
2022-07-08,Tech,0.09711866666666667,1.0,13,0.06432939682539682,54.855933333333326
2022-07-11,Tech,0.2371707142857143,1.0,21,0.09711866666666667,61.858535714285715
2022-07-12,Tech,0.1152452380952381,1.0,22,0.2371707142857143,55.7622619047619
2022-07-13,Tech,0.019836031746031747,1.0,22,0.1152452380952381,50.99180158730159
2022-07-14,Tech,0.15716000000000002,1.0,28,0.019836031746031747,57.858
2022-07-15,Tech,0.15673071428571428,1.0,17,0.15716000000000002,57.83653571428571
2022-07-18,Tech,0.23793557142857144,1.0,28,0.15673071428571428,61.89677857142857
2022-07-19,Tech,0.040014,1.0,20,0.23793557142857144,52.0007
2022-07-20,Tech,0.13325464285714286,1.0,31,0.040014,56.662732142857145
2022-07-21,Tech,0.15202666666666667,0.8,19,0.13325464285714286,57.601333333333336
2022-07-22,Tech,0.20978,1.0,23,0.15202666666666667,60.489000000000004
2022-07-25,Tech,0.07361013636363636,1.0,33,0.20978,53.68050681818182
2022-07-26,Tech,0.013856666666666665,0.6,12,0.07361013636363636,50.69283333333333
2022-07-27,Tech,0.13333233766233765,1.0,28,0.013856666666666665,56.66661688311688
2022-07-28,Tech,0.03477427272727272,0.8,40,0.13333233766233765,51.738713636363634
2022-07-29,Tech,0.22549713450292397,1.0,37,0.03477427272727272,61.2748567251462
2022-08-01,Tech,0.20560694444444444,1.0,24,0.22549713450292397,60.28034722222222
2022-08-02,Tech,-0.04006928571428572,1.0,44,0.20560694444444444,47.99653571428571
2022-08-03,Tech,0.10856114285714287,0.8,32,-0.04006928571428572,55.42805714285714
2022-08-04,Tech,0.050596666666666665,1.0,24,0.10856114285714287,52.52983333333333
2022-08-05,Tech,0.10629333333333335,0.8,12,0.050596666666666665,55.31466666666667
2022-08-08,Tech,0.07008829629629629,0.8,44,0.10629333333333335,53.504414814814815
2022-08-09,Tech,0.0713476923076923,1.0,44,0.07008829629629629,53.56738461538462
2022-08-10,Tech,0.08451339682539682,1.0,26,0.0713476923076923,54.22566984126984
2022-08-11,Tech,0.09493837662337663,1.0,27,0.08451339682539682,54.746918831168834
2022-08-12,Tech,0.27806766666666666,1.0,21,0.09493837662337663,63.90338333333333
2022-08-15,Tech,0.17435819047619044,1.0,23,0.27806766666666666,58.71790952380952
2022-08-16,Tech,0.19299066666666667,1.0,16,0.17435819047619044,59.64953333333334
2022-08-17,Tech,0.07983555555555556,0.8,14,0.19299066666666667,53.991777777777784
2022-08-18,Tech,0.10242,1.0,12,0.07983555555555556,55.120999999999995
2022-08-19,Tech,0.16227,1.0,12,0.10242,58.113499999999995
2022-08-22,Tech,0.25741533333333333,1.0,37,0.16227,62.87076666666667
2022-08-23,Tech,0.041184,1.0,14,0.25741533333333333,52.0592
2022-08-24,Tech,0.14824991596638654,1.0,30,0.041184,57.41249579831933
2022-08-25,Tech,0.13230333333333333,0.8,27,0.14824991596638654,56.61516666666666
2022-08-26,Tech,0.19178323809523812,1.0,26,0.13230333333333333,59.58916190476191
2022-08-29,Tech,0.07502333333333333,1.0,32,0.19178323809523812,53.75116666666666
2022-08-30,Tech,0.11686649999999998,1.0,20,0.07502333333333333,55.843325
2022-08-31,Tech,0.07308666666666666,0.8,19,0.11686649999999998,53.65433333333334
2022-09-01,Tech,0.007841267507002809,1.0,78,0.07308666666666666,50.39206337535014
2022-09-02,Tech,0.22613571428571427,1.0,26,0.007841267507002809,61.306785714285716
2022-09-06,Tech,0.10662194444444444,1.0,49,0.22613571428571427,55.331097222222226
2022-09-07,Tech,0.11469166666666668,1.0,18,0.10662194444444444,55.73458333333333
2022-09-08,Tech,0.02906000000000001,1.0,19,0.11469166666666668,51.453
2022-09-09,Tech,0.14664866666666668,1.0,17,0.02906000000000001,57.332433333333334
2022-09-12,Tech,0.037850357142857144,1.0,26,0.14664866666666668,51.89251785714286
2022-09-13,Tech,0.025618333333333333,1.0,26,0.037850357142857144,51.28091666666666
2022-09-14,Tech,0.09731583333333334,1.0,24,0.025618333333333333,54.86579166666667
2022-09-15,Tech,-0.007140478260869566,1.0,41,0.09731583333333334,49.64297608695652
2022-09-16,Tech,0.053075714285714296,1.0,20,-0.007140478260869566,52.65378571428572
2022-09-19,Tech,0.09093066666666665,1.0,27,0.053075714285714296,54.546533333333336
2022-09-20,Tech,0.07047895238095239,0.8,21,0.09093066666666665,53.52394761904762
2022-09-21,Tech,0.03157551282051283,1.0,23,0.07047895238095239,51.57877564102564
2022-09-22,Tech,0.1434662857142857,1.0,22,0.03157551282051283,57.173314285714284
2022-09-23,Tech,0.02783228571428572,1.0,20,0.1434662857142857,51.39161428571428
2022-09-26,Tech,0.08646011904761905,1.0,26,0.02783228571428572,54.32300595238095
2022-09-27,Tech,0.18781806349206348,1.0,29,0.08646011904761905,59.390903174603174
2022-09-28,Tech,-0.012209844155844156,1.0,38,0.18781806349206348,49.389507792207795
2022-09-29,Tech,0.09047150000000001,1.0,38,-0.012209844155844156,54.523575
2022-09-30,Tech,-0.1387766666666667,1.0,11,0.09047150000000001,43.061166666666665
2022-10-03,Tech,0.24741190476190472,0.8,27,-0.1387766666666667,62.37059523809524
2022-10-04,Tech,0.1498364935064935,1.0,25,0.24741190476190472,57.49182467532468
2022-10-05,Tech,0.11293427777777779,1.0,27,0.1498364935064935,55.64671388888889
2022-10-06,Tech,-0.07437,0.8,24,0.11293427777777779,46.281499999999994
2022-10-07,Tech,0.0563086842105263,1.0,65,-0.07437,52.81543421052631
2022-10-10,Tech,0.07669666666666666,1.0,38,0.0563086842105263,53.83483333333333
2022-10-11,Tech,-0.01788666666666667,0.8,20,0.07669666666666666,49.105666666666664
2022-10-12,Tech,-0.029268888888888872,1.0,34,-0.01788666666666667,48.53655555555555
2022-10-13,Tech,0.002154999999999997,1.0,29,-0.029268888888888872,50.107749999999996
2022-10-14,Tech,0.07374,1.0,17,0.002154999999999997,53.687
2022-10-17,Tech,0.061792,1.0,24,0.07374,53.089600000000004
2022-10-18,Tech,0.13744,1.0,32,0.061792,56.872
2022-10-19,Tech,-0.09869666666666668,1.0,17,0.13744,45.06516666666667
2022-10-20,Tech,0.20392000000000002,1.0,16,-0.09869666666666668,60.196000000000005
2022-10-21,Tech,0.026856,1.0,21,0.20392000000000002,51.3428
2022-10-24,Tech,-0.0023473809523809537,1.0,22,0.026856,49.88263095238095
2022-10-25,Tech,-0.020801999999999998,0.8,17,-0.0023473809523809537,48.9599
2022-10-26,Tech,0.27627999999999997,1.0,13,-0.020801999999999998,63.81399999999999
2022-10-27,Tech,0.014155111111111113,1.0,36,0.27627999999999997,50.70775555555556
2022-10-28,Tech,0.07004151515151515,0.8,33,0.014155111111111113,53.50207575757576
2022-10-31,Tech,0.1395535,1.0,25,0.07004151515151515,56.97767499999999
2022-11-01,Tech,0.10052133333333332,1.0,29,0.1395535,55.026066666666665
2022-11-02,Tech,0.13055866666666666,1.0,38,0.10052133333333332,56.52793333333334
2022-11-03,Tech,0.025066190476190475,0.8,30,0.13055866666666666,51.25330952380952
2022-11-04,Tech,0.055600000000000004,0.8,9,0.025066190476190475,52.78
2022-11-07,Tech,0.1505207619047619,1.0,27,0.055600000000000004,57.5260380952381
2022-11-08,Tech,0.09983095238095238,1.0,23,0.1505207619047619,54.99154761904762
2022-11-09,Tech,0.04582000000000001,0.8,13,0.09983095238095238,52.291
2022-11-10,Tech,0.07427292307692308,1.0,28,0.04582000000000001,53.71364615384615
2022-11-11,Tech,0.1276092857142857,1.0,14,0.07427292307692308,56.38046428571428
2022-11-14,Tech,0.07508962148962149,1.0,32,0.1276092857142857,53.75448107448108
2022-11-15,Tech,0.10924200000000002,0.8,21,0.07508962148962149,55.46210000000001
2022-11-16,Tech,-0.01643138888888889,1.0,40,0.10924200000000002,49.17843055555556
2022-11-17,Tech,0.08650733333333334,1.0,27,-0.01643138888888889,54.32536666666666
2022-11-18,Tech,0.22518000000000002,0.8,10,0.08650733333333334,61.259
2022-11-21,Tech,0.176582,1.0,19,0.22518000000000002,58.829100000000004
2022-11-22,Tech,0.004435,1.0,12,0.176582,50.22175
2022-11-23,Tech,0.174815,0.8,14,0.004435,58.74075
2022-11-25,Tech,-0.0030399999999999915,0.8,10,0.174815,49.848
2022-11-28,Tech,0.11016784615384616,1.0,33,-0.0030399999999999915,55.50839230769231
2022-11-29,Tech,-0.08916533333333333,1.0,15,0.11016784615384616,45.54173333333333
2022-11-30,Tech,0.09827666666666666,1.0,16,-0.08916533333333333,54.91383333333333
2022-12-01,Tech,0.19348100000000001,1.0,22,0.09827666666666666,59.67405
2022-12-02,Tech,0.06956190476190476,1.0,27,0.19348100000000001,53.478095238095236
2022-12-05,Tech,0.06731428571428572,1.0,18,0.06956190476190476,53.36571428571428
2022-12-06,Tech,0.0064906666666666776,1.0,15,0.06731428571428572,50.324533333333335
2022-12-07,Tech,0.21540485714285715,1.0,25,0.0064906666666666776,60.770242857142854
2022-12-08,Tech,0.058491,0.6,15,0.21540485714285715,52.92455
2022-12-09,Tech,0.10536500000000001,0.8,13,0.058491,55.268249999999995
2022-12-12,Tech,0.10959714285714287,1.0,24,0.10536500000000001,55.47985714285715
2022-12-13,Tech,0.1297002380952381,0.8,27,0.10959714285714287,56.485011904761905
2022-12-14,Tech,0.004423333333333332,1.0,11,0.1297002380952381,50.22116666666666
2022-12-15,Tech,-0.06620595238095237,1.0,30,0.004423333333333332,46.68970238095238
2022-12-16,Tech,0.10740883333333333,0.8,27,-0.06620595238095237,55.37044166666667
2022-12-19,Tech,0.01209533333333333,1.0,24,0.10740883333333333,50.60476666666667
2022-12-20,Tech,0.160555,0.8,15,0.01209533333333333,58.02775
2022-12-21,Tech,0.18500171428571427,1.0,20,0.160555,59.25008571428572
2022-12-22,Tech,-0.11699016666666669,1.0,30,0.18500171428571427,44.15049166666666
2022-12-23,Tech,0.05826050000000001,0.6,17,-0.11699016666666669,52.913025000000005
2022-12-27,Tech,-0.02400274458874459,1.0,28,0.05826050000000001,48.79986277056277
2022-12-28,Tech,0.08660999999999999,0.8,14,-0.02400274458874459,54.3305
2022-12-29,Tech,0.17852666666666667,1.0,13,0.08660999999999999,58.92633333333334
2022-12-30,Tech,0.044517714285714285,1.0,22,0.17852666666666667,52.22588571428572
2023-01-03,Tech,0.0988496229260935,1.0,51,0.044517714285714285,54.94248114630468
2023-01-04,Tech,0.0344045,1.0,26,0.0988496229260935,51.720225
2023-01-05,Tech,0.22351533333333334,1.0,27,0.0344045,61.17576666666666
2023-01-06,Tech,0.2309652380952381,1.0,21,0.22351533333333334,61.5482619047619
2023-01-09,Tech,0.12115619047619046,1.0,24,0.2309652380952381,56.057809523809524
2023-01-10,Tech,0.23811809523809524,1.0,21,0.12115619047619046,61.905904761904765
2023-01-11,Tech,0.06118666666666667,1.0,17,0.23811809523809524,53.059333333333335
2023-01-12,Tech,0.05665833333333333,1.0,13,0.06118666666666667,52.83291666666666
2023-01-13,Tech,0.100065,1.0,14,0.05665833333333333,55.00325
2023-01-17,Tech,0.12548147619047617,1.0,46,0.100065,56.274073809523806
2023-01-18,Tech,0.18735714285714286,1.0,18,0.12548147619047617,59.36785714285714
2023-01-19,Tech,0.03716,0.6,12,0.18735714285714286,51.858000000000004
2023-01-20,Tech,0.06466866666666667,1.0,26,0.03716,53.23343333333334
2023-01-23,Tech,0.04196040100250627,1.0,54,0.06466866666666667,52.098020050125314
2023-01-24,Tech,0.0888425,0.8,32,0.04196040100250627,54.442125
2023-01-25,Tech,0.061449166666666666,1.0,29,0.0888425,53.07245833333334
2023-01-26,Tech,0.09490663492063492,1.0,37,0.061449166666666666,54.745331746031745
2023-01-27,Tech,-0.0016738518518518487,0.8,51,0.09490663492063492,49.91630740740741
2023-01-30,Tech,0.08135,1.0,31,-0.0016738518518518487,54.0675
2023-01-31,Tech,-0.004828303030303028,0.8,50,0.08135,49.75858484848485
2023-02-01,Tech,-0.06427003813882533,1.0,50,-0.004828303030303028,46.78649809305873
2023-02-02,Tech,0.21009666666666665,1.0,31,-0.06427003813882533,60.50483333333333
2023-02-03,Tech,-0.045935833333333335,1.0,25,0.21009666666666665,47.703208333333336
2023-02-06,Tech,0.20531083333333333,1.0,31,-0.045935833333333335,60.265541666666664
2023-02-07,Tech,0.19244266666666668,1.0,17,0.20531083333333333,59.62213333333334
2023-02-08,Tech,0.0804572857142857,0.8,17,0.19244266666666668,54.02286428571429
2023-02-09,Tech,0.21136499999999997,1.0,19,0.0804572857142857,60.56825
2023-02-10,Tech,0.02115555555555556,0.8,18,0.21136499999999997,51.05777777777778
2023-02-13,Tech,0.20688285714285715,1.0,39,0.02115555555555556,60.344142857142856
2023-02-14,Tech,0.21975484848484847,1.0,21,0.20688285714285715,60.98774242424242
2023-02-15,Tech,-0.009739999999999993,1.0,11,0.21975484848484847,49.513
2023-02-16,Tech,0.17857883116883116,1.0,27,-0.009739999999999993,58.92894155844156
2023-02-17,Tech,0.09892727272727272,1.0,23,0.17857883116883116,54.946363636363635
2023-02-21,Tech,0.11084727272727272,1.0,39,0.09892727272727272,55.54236363636363
2023-02-22,Tech,0.11291700000000002,1.0,41,0.11084727272727272,55.645849999999996
2023-02-23,Tech,0.014443166666666674,1.0,82,0.11291700000000002,50.72215833333333
2023-02-24,Tech,0.000439833333333331,1.0,31,0.014443166666666674,50.021991666666665
2023-02-27,Tech,0.10289992063492064,1.0,42,0.000439833333333331,55.14499603174603
2023-02-28,Tech,0.24963571428571427,0.8,20,0.10289992063492064,62.48178571428571
2023-03-01,Tech,0.183314126984127,1.0,26,0.24963571428571427,59.165706349206346
2023-03-02,Tech,0.08108595238095237,1.0,30,0.183314126984127,54.05429761904762
2023-03-03,Tech,0.2062848888888889,1.0,24,0.08108595238095237,60.31424444444444
2023-03-06,Tech,0.07911199999999999,1.0,33,0.2062848888888889,53.955600000000004
2023-03-07,Tech,0.11298444444444444,1.0,28,0.07911199999999999,55.649222222222214
2023-03-08,Tech,0.08803611111111112,1.0,23,0.11298444444444444,54.40180555555556
2023-03-09,Tech,0.1660287878787879,1.0,29,0.08803611111111112,58.30143939393939
2023-03-10,Tech,0.053125,0.8,25,0.1660287878787879,52.65625000000001
2023-03-13,Tech,0.058681000000000004,1.0,28,0.053125,52.93405
2023-03-14,Tech,0.15275083333333334,0.8,18,0.058681000000000004,57.63754166666667
2023-03-15,Tech,-0.012914761904761906,1.0,19,0.15275083333333334,49.354261904761906
2023-03-16,Tech,0.11155481818181819,1.0,49,-0.012914761904761906,55.57774090909091
2023-03-17,Tech,0.054474749999999995,1.0,37,0.11155481818181819,52.7237375
2023-03-20,Tech,0.14129133333333332,1.0,44,0.054474749999999995,57.064566666666664
2023-03-21,Tech,0.076383,1.0,29,0.14129133333333332,53.81915000000001
2023-03-22,Tech,0.0671015037593985,1.0,39,0.076383,53.35507518796992
2023-03-23,Tech,0.1406757142857143,1.0,35,0.0671015037593985,57.03378571428571
2023-03-24,Tech,0.04642119047619048,1.0,29,0.1406757142857143,52.321059523809524
2023-03-27,Tech,0.14500497435897436,1.0,48,0.04642119047619048,57.250248717948715
2023-03-28,Tech,0.12816,1.0,20,0.14500497435897436,56.408
2023-03-29,Tech,0.10061,1.0,26,0.12816,55.0305
2023-03-30,Tech,0.16753085714285715,1.0,31,0.10061,58.37654285714285
2023-03-31,Tech,0.17308566666666667,1.0,22,0.16753085714285715,58.65428333333333
2023-04-03,Tech,0.15019211060204163,1.0,64,0.17308566666666667,57.50960553010208
2023-04-04,Tech,0.13741923376623374,1.0,33,0.15019211060204163,56.87096168831168
2023-04-05,Tech,0.08087736842105264,0.8,31,0.13741923376623374,54.04386842105263
2023-04-06,Tech,0.3205784615384616,1.0,19,0.08087736842105264,66.02892307692308
2023-04-10,Tech,0.1816367177559283,1.0,56,0.3205784615384616,59.081835887796416
2023-04-11,Tech,0.062146,1.0,21,0.1816367177559283,53.1073
2023-04-12,Tech,0.12446133333333334,1.0,27,0.062146,56.22306666666667
2023-04-13,Tech,0.047861551587301585,1.0,45,0.12446133333333334,52.39307757936508
2023-04-14,Tech,0.1956424761904762,1.0,36,0.047861551587301585,59.78212380952381
2023-04-17,Tech,0.13280434523809523,1.0,37,0.1956424761904762,56.64021726190476
2023-04-18,Tech,0.23545190476190475,1.0,42,0.13280434523809523,61.77259523809524
2023-04-19,Tech,0.14301999999999998,1.0,24,0.23545190476190475,57.150999999999996
2023-04-20,Tech,0.05578266666666667,1.0,36,0.14301999999999998,52.78913333333334
2023-04-21,Tech,0.11072671428571428,1.0,30,0.05578266666666667,55.53633571428571
2023-04-24,Tech,0.2665737777777778,1.0,35,0.11072671428571428,63.3286888888889
2023-04-25,Tech,0.2505552380952381,1.0,36,0.2665737777777778,62.5277619047619
2023-04-26,Tech,0.15250950000000002,1.0,25,0.2505552380952381,57.625475
2023-04-27,Tech,0.08589166666666667,1.0,49,0.15250950000000002,54.294583333333335
2023-04-28,Tech,0.07181678571428571,1.0,45,0.08589166666666667,53.59083928571429
2023-05-01,Tech,0.11088849206349208,1.0,49,0.07181678571428571,55.544424603174605
2023-05-02,Tech,0.054336249999999996,1.0,36,0.11088849206349208,52.716812499999996
2023-05-03,Tech,0.13492896280190397,1.0,73,0.054336249999999996,56.7464481400952
2023-05-04,Tech,0.05870332539682539,1.0,61,0.13492896280190397,52.935166269841275
2023-05-05,Tech,0.019781904761904757,1.0,18,0.05870332539682539,50.98909523809524
2023-05-08,Tech,0.13794771428571428,1.0,38,0.019781904761904757,56.89738571428571
2023-05-09,Tech,0.001535128205128211,0.8,35,0.13794771428571428,50.07675641025641
2023-05-10,Tech,0.086532,0.8,20,0.001535128205128211,54.3266
2023-05-11,Tech,0.016731590909090908,0.8,36,0.086532,50.83657954545454
2023-05-12,Tech,0.0763,0.8,20,0.016731590909090908,53.815000000000005
2023-05-15,Tech,0.17601240259740258,1.0,31,0.0763,58.800620129870126
2023-05-16,Tech,0.09343666666666668,1.0,38,0.17601240259740258,54.67183333333333
2023-05-17,Tech,0.14877263636363636,1.0,28,0.09343666666666668,57.43863181818182
2023-05-18,Tech,0.09109666666666667,0.8,28,0.14877263636363636,54.55483333333333
2023-05-19,Tech,0.23859750000000002,1.0,32,0.09109666666666667,61.929875
2023-05-22,Tech,0.02401346886446886,1.0,56,0.23859750000000002,51.200673443223444
2023-05-23,Tech,0.23763,1.0,25,0.02401346886446886,61.8815
2023-05-24,Tech,0.035610555555555555,1.0,54,0.23763,51.78052777777778
2023-05-25,Tech,0.20089055256799937,1.0,132,0.035610555555555555,60.04452762839997
2023-05-26,Tech,0.13152178861788616,1.0,55,0.20089055256799937,56.57608943089431
2023-05-30,Tech,0.11756933572567782,1.0,150,0.13152178861788616,55.87846678628389
2023-05-31,Tech,0.10126848049052398,1.0,80,0.11756933572567782,55.0634240245262
2023-06-01,Tech,0.16287252252252254,1.0,62,0.10126848049052398,58.14362612612612
2023-06-02,Tech,0.08822628571428573,1.0,59,0.16287252252252254,54.41131428571428
2023-06-05,Tech,0.07863474025974027,1.0,75,0.08822628571428573,53.931737012987014
2023-06-06,Tech,0.020368761904761903,1.0,31,0.07863474025974027,51.018438095238096
2023-06-07,Tech,0.16101533333333334,1.0,36,0.020368761904761903,58.05076666666666
2023-06-08,Tech,0.11442140259740259,1.0,62,0.16101533333333334,55.72107012987013
2023-06-09,Tech,0.06031517543859649,1.0,52,0.11442140259740259,53.015758771929825
2023-06-12,Tech,0.117506,1.0,75,0.06031517543859649,55.8753
2023-06-13,Tech,0.12919062184873947,1.0,72,0.117506,56.459531092436976
2023-06-14,Tech,0.22483330384785494,1.0,52,0.12919062184873947,61.241665192392745
2023-06-15,Tech,0.13358736908253038,1.0,61,0.22483330384785494,56.679368454126525
2023-06-16,Tech,0.1324245543478261,1.0,53,0.13358736908253038,56.62122771739131
2023-06-20,Tech,0.08854297872340425,1.0,109,0.1324245543478261,54.42714893617021
2023-06-21,Tech,0.0010769000000000015,1.0,58,0.08854297872340425,50.053844999999995
2023-06-22,Tech,0.09655476190476191,1.0,44,0.0010769000000000015,54.8277380952381
2023-06-23,Tech,0.144575873015873,1.0,44,0.09655476190476191,57.228793650793655
2023-06-26,Tech,0.16265189898989899,1.0,49,0.144575873015873,58.13259494949495
2023-06-27,Tech,0.1872056666666667,1.0,52,0.16265189898989899,59.36028333333333
2023-06-28,Tech,0.06356904034272756,1.0,86,0.1872056666666667,53.17845201713638
2023-06-29,Tech,0.08187301785714286,1.0,58,0.06356904034272756,54.09365089285715
2023-06-30,Tech,0.05183430107526882,1.0,52,0.08187301785714286,52.591715053763444
2023-07-03,Tech,0.30290447619047617,1.0,46,0.05183430107526882,65.14522380952381
2023-07-05,Tech,0.14558209523809523,1.0,63,0.30290447619047617,57.27910476190476
2023-07-06,Tech,0.02953605838605839,1.0,56,0.14558209523809523,51.47680291930292
2023-07-07,Tech,0.010512500000000003,1.0,40,0.02953605838605839,50.525625
2023-07-10,Tech,0.12032349282296653,1.0,53,0.010512500000000003,56.01617464114833
2023-07-11,Tech,0.1353016446886447,1.0,52,0.12032349282296653,56.76508223443224
2023-07-12,Tech,0.12270209523809524,1.0,46,0.1353016446886447,56.13510476190476
2023-07-13,Tech,0.17219555555555557,1.0,40,0.12270209523809524,58.60977777777778
2023-07-14,Tech,0.13538973076923078,1.0,50,0.17219555555555557,56.76948653846154
2023-07-17,Tech,0.12574874725274726,1.0,56,0.13538973076923078,56.28743736263736
2023-07-18,Tech,0.27812781159420286,1.0,44,0.12574874725274726,63.90639057971015
2023-07-19,Tech,0.20007999999999998,1.0,29,0.27812781159420286,60.004000000000005
2023-07-20,Tech,0.0767508986013986,1.0,53,0.20007999999999998,53.837544930069924
2023-07-21,Tech,0.05638270707070707,1.0,47,0.0767508986013986,52.81913535353535
2023-07-24,Tech,0.1727238181818182,1.0,61,0.05638270707070707,58.636190909090914
2023-07-25,Tech,0.019382809523809524,1.0,45,0.1727238181818182,50.969140476190475
2023-07-26,Tech,0.07270494755244755,1.0,58,0.019382809523809524,53.63524737762238
2023-07-27,Tech,0.07864740919867237,1.0,76,0.07270494755244755,53.93237045993362
2023-07-28,Tech,0.2580620996860283,1.0,98,0.07864740919867237,62.903104984301415
2023-07-31,Tech,0.19268152777777775,1.0,117,0.2580620996860283,59.63407638888889
2023-08-01,Tech,0.20948194117647057,1.0,59,0.19268152777777775,60.47409705882353
2023-08-02,Tech,0.04898979823813583,1.0,82,0.20948194117647057,52.44948991190679
2023-08-03,Tech,0.05921790043290043,1.0,78,0.04898979823813583,52.96089502164503
2023-08-04,Tech,0.06560716666666667,1.0,41,0.05921790043290043,53.28035833333333
2023-08-07,Tech,0.04432166666666667,1.0,52,0.06560716666666667,52.21608333333333
2023-08-08,Tech,0.12280142857142858,1.0,39,0.04432166666666667,56.140071428571424
2023-08-09,Tech,0.1329045,1.0,39,0.12280142857142858,56.645224999999996
2023-08-10,Tech,0.05378964705882353,1.0,47,0.1329045,52.68948235294118
2023-08-11,Tech,0.1464437037037037,1.0,39,0.05378964705882353,57.322185185185184
2023-08-14,Tech,0.13544012987012988,1.0,63,0.1464437037037037,56.77200649350649
2023-08-15,Tech,0.14408557142857142,1.0,60,0.13544012987012988,57.20427857142857
2023-08-16,Tech,0.1368229292929293,1.0,52,0.14408557142857142,56.841146464646464
2023-08-17,Tech,0.06090689458689458,1.0,54,0.1368229292929293,53.04534472934472
2023-08-18,Tech,0.170361,0.8,46,0.06090689458689458,58.51805
2023-08-21,Tech,0.03889527851458886,0.8,82,0.170361,51.94476392572944
2023-08-22,Tech,0.09600395238095237,1.0,84,0.03889527851458886,54.80019761904762
2023-08-23,Tech,0.17819881818181818,1.0,86,0.09600395238095237,58.909940909090906
2023-08-24,Tech,0.13618988014722797,1.0,141,0.17819881818181818,56.809494007361394
2023-08-25,Tech,0.039431914893617026,1.0,65,0.13618988014722797,51.971595744680855
2023-08-28,Tech,0.1928673464124528,1.0,73,0.039431914893617026,59.643367320622644
2023-08-29,Tech,0.15843557142857143,1.0,56,0.1928673464124528,57.921778571428575
2023-08-30,Tech,0.13504923436041083,1.0,55,0.15843557142857143,56.75246171802054
2023-08-31,Tech,0.06660115873015873,1.0,55,0.13504923436041083,53.330057936507934
2023-09-01,Tech,0.19308714285714287,1.0,46,0.06660115873015873,59.65435714285714
2023-09-05,Tech,0.2168468238095238,1.0,103,0.19308714285714287,60.84234119047619
2023-09-06,Tech,0.111524,1.0,51,0.2168468238095238,55.5762
2023-09-07,Tech,0.14306831944444445,1.0,65,0.111524,57.15341597222222
2023-09-08,Tech,0.08128822066822068,1.0,53,0.14306831944444445,54.064411033411034
2023-09-11,Tech,0.21560957298136643,1.0,100,0.08128822066822068,60.78047864906833
2023-09-12,Tech,0.05696589999999999,1.0,56,0.21560957298136643,52.848295
2023-09-13,Tech,0.35112238095238096,1.0,40,0.05696589999999999,67.55611904761905
2023-09-14,Tech,0.1817830462962963,1.0,66,0.35112238095238096,59.08915231481482
2023-09-15,Tech,-0.009784778225806453,1.0,84,0.1817830462962963,49.51076108870968
2023-09-18,Tech,0.16021608956560682,1.0,64,-0.009784778225806453,58.01080447828034
2023-09-19,Tech,0.10251416666666666,1.0,57,0.16021608956560682,55.125708333333336
2023-09-20,Tech,0.05181746031746032,1.0,65,0.10251416666666666,52.590873015873015
2023-09-21,Tech,0.19356929166666664,1.0,48,0.05181746031746032,59.67846458333334
2023-09-22,Tech,0.09927849206349207,1.0,48,0.19356929166666664,54.963924603174604
2023-09-25,Tech,0.07650407203907203,1.0,62,0.09927849206349207,53.825203601953596
2023-09-26,Tech,0.07229428571428571,1.0,37,0.07650407203907203,53.614714285714285
2023-09-27,Tech,0.13169413333333332,1.0,43,0.07229428571428571,56.58470666666666
2023-09-28,Tech,0.014730666666666666,1.0,40,0.13169413333333332,50.736533333333334
2023-09-29,Tech,0.08306324675324675,1.0,54,0.014730666666666666,54.153162337662344
2023-10-02,Tech,0.2007124855144855,1.0,74,0.08306324675324675,60.035624275724274
2023-10-03,Tech,0.2419584188034188,1.0,45,0.2007124855144855,62.09792094017094
2023-10-04,Tech,0.08288796923076923,1.0,43,0.2419584188034188,54.14439846153846
2023-10-05,Tech,0.19214897435897432,1.0,52,0.08288796923076923,59.60744871794872
2023-10-06,Tech,0.05507076923076922,1.0,39,0.19214897435897432,52.75353846153846
2023-10-09,Tech,0.1259139681020734,1.0,65,0.05507076923076922,56.295698405103664
2023-10-10,Tech,0.13123307692307692,1.0,53,0.1259139681020734,56.561653846153845
2023-10-11,Tech,0.18174037614237615,1.0,58,0.13123307692307692,59.08701880711881
2023-10-12,Tech,0.09079593333333333,0.8,42,0.18174037614237615,54.53979666666666
2023-10-13,Tech,0.16645828571428573,1.0,45,0.09079593333333333,58.32291428571429
2023-10-16,Tech,0.14096538095238093,1.0,60,0.16645828571428573,57.04826904761905
2023-10-17,Tech,0.07524467210807768,1.0,89,0.14096538095238093,53.762233605403885
2023-10-18,Tech,0.04115320810971974,1.0,75,0.07524467210807768,52.05766040548598
2023-10-19,Tech,0.11662679487179486,1.0,30,0.04115320810971974,55.831339743589744
2023-10-20,Tech,0.12302640096618359,1.0,49,0.11662679487179486,56.15132004830918
2023-10-23,Tech,0.13968819444444444,1.0,80,0.12302640096618359,56.98440972222222
2023-10-24,Tech,0.17183583416583417,1.0,61,0.13968819444444444,58.59179170829171
2023-10-25,Tech,0.15566983918128657,1.0,45,0.17183583416583417,57.78349195906433
2023-10-26,Tech,0.11379068907563025,1.0,46,0.15566983918128657,55.689534453781505
2023-10-27,Tech,0.18725419017763845,1.0,67,0.11379068907563025,59.36270950888192
2023-10-30,Tech,0.0393375298035298,1.0,76,0.18725419017763845,51.966876490176496
2023-10-31,Tech,0.11477004174573055,1.0,61,0.0393375298035298,55.73850208728652
2023-11-01,Tech,0.09540184265010351,1.0,67,0.11477004174573055,54.77009213250518
2023-11-02,Tech,0.1831495111111111,1.0,64,0.09540184265010351,59.15747555555555
2023-11-03,Tech,0.1469646666666667,1.0,45,0.1831495111111111,57.34823333333333
2023-11-06,Tech,0.17298536363636363,1.0,43,0.1469646666666667,58.64926818181818
2023-11-07,Tech,0.3440489898989899,1.0,47,0.17298536363636363,67.20244949494949
2023-11-08,Tech,0.04945816666666667,1.0,38,0.3440489898989899,52.472908333333336
2023-11-09,Tech,0.2358506666666667,1.0,39,0.04945816666666667,61.79253333333333
2023-11-10,Tech,0.24779168840579707,1.0,43,0.2358506666666667,62.38958442028986
2023-11-13,Tech,0.16490440211640212,1.0,50,0.24779168840579707,58.2452201058201
2023-11-14,Tech,0.26826717554858936,1.0,61,0.16490440211640212,63.413358777429465
2023-11-15,Tech,0.07499481962481963,1.0,45,0.26826717554858936,53.749740981240976
2023-11-16,Tech,0.11446924603174602,1.0,46,0.07499481962481963,55.723462301587304
2023-11-17,Tech,0.13920559999999998,1.0,41,0.11446924603174602,56.96028
2023-11-20,Tech,0.20629570921985815,1.0,66,0.13920559999999998,60.3147854609929
2023-11-21,Tech,0.13417788011695905,1.0,84,0.20629570921985815,56.70889400584795
2023-11-22,Tech,0.09295460784313726,1.0,78,0.13417788011695905,54.647730392156866
2023-11-24,Tech,0.10754170033670034,1.0,86,0.09295460784313726,55.37708501683502
2023-11-27,Tech,0.17230810457516338,1.0,65,0.10754170033670034,58.61540522875816
2023-11-28,Tech,0.16176678571428574,1.0,45,0.17230810457516338,58.088339285714284
2023-11-29,Tech,0.20310357142857144,1.0,50,0.16176678571428574,60.15517857142857
2023-11-30,Tech,0.082137,1.0,49,0.20310357142857144,54.106849999999994
2023-12-01,Tech,0.07004760784313725,1.0,32,0.082137,53.502380392156866
2023-12-04,Tech,0.1755841176470588,1.0,68,0.07004760784313725,58.77920588235293
2023-12-05,Tech,0.15453813725490198,1.0,52,0.1755841176470588,57.726906862745096
2023-12-06,Tech,0.18465088888888886,1.0,50,0.15453813725490198,59.23254444444444
2023-12-07,Tech,0.10266650476190475,1.0,61,0.18465088888888886,55.133325238095246
2023-12-08,Tech,0.18113311813992458,1.0,67,0.10266650476190475,59.05665590699623
2023-12-11,Tech,0.12338530612244898,1.0,125,0.18113311813992458,56.169265306122455
2023-12-12,Tech,0.09673349999999999,1.0,81,0.12338530612244898,54.836675
2023-12-13,Tech,0.1724762745098039,1.0,45,0.09673349999999999,58.623813725490194
2023-12-14,Tech,0.144896,1.0,35,0.1724762745098039,57.2448
2023-12-15,Tech,0.10970402020202022,1.0,30,0.144896,55.485201010101015
2023-12-18,Tech,0.11164903061224489,1.0,102,0.10970402020202022,55.58245153061224
2023-12-19,Tech,0.029563333333333337,0.2,6,0.11164903061224489,51.47816666666667
2023-12-20,Tech,-0.002587999999999999,0.2,5,0.029563333333333337,49.870599999999996
2023-12-21,Tech,0.0214675,0.2,8,-0.002587999999999999,51.073375
2023-12-22,Tech,0.019068,0.2,5,0.0214675,50.9534
2023-12-26,Tech,0.042546,0.2,10,0.019068,52.1273
2023-12-27,Tech,0.036335,0.2,4,0.042546,51.81675
2023-12-28,Tech,0.017029999999999997,0.2,10,0.036335,50.8515
2023-12-29,Tech,0.0279675,0.2,8,0.017029999999999997,51.398374999999994
2020-01-03,Utilities,0.05634,0.4,4,0.0,52.817
2020-01-06,Utilities,0.009050000000000002,0.8,6,0.05634,50.4525
2020-01-07,Utilities,0.12738,0.2,1,0.009050000000000002,56.369
2020-01-08,Utilities,0.16784000000000002,0.6,3,0.12738,58.391999999999996
2020-01-09,Utilities,0.059199999999999996,0.8,5,0.16784000000000002,52.959999999999994
2020-01-10,Utilities,0.12489666666666668,0.8,7,0.059199999999999996,56.24483333333333
2020-01-13,Utilities,0.005279999999999999,0.8,6,0.12489666666666668,50.263999999999996
2020-01-14,Utilities,0.17563,0.6,5,0.005279999999999999,58.781499999999994
2020-01-15,Utilities,0.09257000000000001,0.8,10,0.17563,54.6285
2020-01-16,Utilities,0.12244833333333334,0.8,11,0.09257000000000001,56.122416666666666
2020-01-17,Utilities,0.15105022222222222,1.0,17,0.12244833333333334,57.552511111111116
2020-01-21,Utilities,0.17614000000000002,1.0,15,0.15105022222222222,58.806999999999995
2020-01-22,Utilities,0.10610250000000002,0.8,18,0.17614000000000002,55.305125
2020-01-23,Utilities,-0.028099999999999997,0.8,8,0.10610250000000002,48.595
2020-01-24,Utilities,0.19892800000000002,1.0,28,-0.028099999999999997,59.9464
2020-01-27,Utilities,0.00023174603174603293,0.8,21,0.19892800000000002,50.0115873015873
2020-01-28,Utilities,0.015640000000000005,0.8,14,0.00023174603174603293,50.782000000000004
2020-01-29,Utilities,0.13221500000000003,0.8,11,0.015640000000000005,56.610749999999996
2020-01-30,Utilities,0.17178533333333332,0.8,11,0.13221500000000003,58.58926666666666
2020-01-31,Utilities,0.11301999999999998,0.8,9,0.17178533333333332,55.650999999999996
2020-02-03,Utilities,0.20161,0.8,14,0.11301999999999998,60.0805
2020-02-04,Utilities,0.11915,0.8,7,0.20161,55.9575
2020-02-05,Utilities,0.03190333333333333,1.0,18,0.11915,51.59516666666667
2020-02-06,Utilities,0.15116000000000002,0.8,12,0.03190333333333333,57.558
2020-02-07,Utilities,0.14205833333333334,0.8,11,0.15116000000000002,57.10291666666667
2020-02-10,Utilities,0.114865,0.8,10,0.14205833333333334,55.74325
2020-02-11,Utilities,0.17415571428571427,0.8,26,0.114865,58.70778571428571
2020-02-12,Utilities,0.2777455555555556,0.8,17,0.17415571428571427,63.88727777777778
2020-02-13,Utilities,0.160426,0.8,28,0.2777455555555556,58.0213
2020-02-14,Utilities,0.1266535,0.8,19,0.160426,56.332675
2020-02-18,Utilities,0.21640944444444443,0.8,33,0.1266535,60.82047222222222
2020-02-19,Utilities,0.1043290909090909,0.6,13,0.21640944444444443,55.21645454545454
2020-02-20,Utilities,0.10578635897435898,1.0,27,0.1043290909090909,55.28931794871795
2020-02-21,Utilities,0.156928,0.4,10,0.10578635897435898,57.846399999999996
2020-02-24,Utilities,0.056410666666666665,1.0,13,0.156928,52.82053333333333
2020-02-25,Utilities,0.16380333333333333,0.8,12,0.056410666666666665,58.19016666666666
2020-02-26,Utilities,0.06374666666666666,0.4,5,0.16380333333333333,53.18733333333333
2020-02-27,Utilities,0.29736583333333333,1.0,21,0.06374666666666666,64.86829166666666
2020-02-28,Utilities,-0.03968000000000001,0.8,12,0.29736583333333333,48.016
2020-03-02,Utilities,0.22934666666666664,1.0,13,-0.03968000000000001,61.46733333333333
2020-03-03,Utilities,0.00575,0.8,9,0.22934666666666664,50.287499999999994
2020-03-04,Utilities,0.4725693333333333,0.8,10,0.00575,73.62846666666667
2020-03-05,Utilities,0.07459333333333333,0.8,7,0.4725693333333333,53.72966666666667
2020-03-06,Utilities,0.13833,0.8,12,0.07459333333333333,56.916500000000006
2020-03-09,Utilities,-0.17196333333333333,0.8,12,0.13833,41.40183333333333
2020-03-10,Utilities,0.22297000000000003,0.8,6,-0.17196333333333333,61.148500000000006
2020-03-11,Utilities,0.03367333333333335,0.8,7,0.22297000000000003,51.683666666666674
2020-03-12,Utilities,0.001628095238095234,0.8,26,0.03367333333333335,50.08140476190476
2020-03-13,Utilities,0.11733,0.8,7,0.001628095238095234,55.866499999999995
2020-03-16,Utilities,0.19956038095238093,0.8,17,0.11733,59.97801904761905
2020-03-17,Utilities,0.1844866666666667,0.8,7,0.19956038095238093,59.224333333333334
2020-03-18,Utilities,0.24911000000000003,0.8,6,0.1844866666666667,62.4555
2020-03-19,Utilities,0.14374666666666666,0.6,6,0.24911000000000003,57.187333333333335
2020-03-20,Utilities,0.09575166666666665,0.8,10,0.14374666666666666,54.78758333333333
2020-03-23,Utilities,-0.014680285714285724,0.8,21,0.09575166666666665,49.26598571428571
2020-03-24,Utilities,0.15418,0.4,4,-0.014680285714285724,57.708999999999996
2020-03-25,Utilities,0.29345,0.8,9,0.15418,64.6725
2020-03-26,Utilities,0.12444999999999999,1.0,13,0.29345,56.2225
2020-03-27,Utilities,0.2959646666666667,0.6,12,0.12444999999999999,64.79823333333333
2020-03-30,Utilities,0.13573785714285716,0.8,14,0.2959646666666667,56.78689285714286
2020-03-31,Utilities,-0.140875,0.8,12,0.13573785714285716,42.956250000000004
2020-04-01,Utilities,-0.057558333333333336,1.0,12,-0.140875,47.12208333333333
2020-04-02,Utilities,0.044950000000000004,0.6,4,-0.057558333333333336,52.2475
2020-04-03,Utilities,0.2184,0.8,6,0.044950000000000004,60.919999999999995
2020-04-06,Utilities,0.35653166666666664,0.8,12,0.2184,67.82658333333333
2020-04-07,Utilities,0.18673266666666666,0.8,14,0.35653166666666664,59.33663333333333
2020-04-08,Utilities,0.05550000000000001,0.4,5,0.18673266666666666,52.775000000000006
2020-04-09,Utilities,0.39142,0.8,9,0.05550000000000001,69.571
2020-04-13,Utilities,-0.0022397619047619054,0.8,21,0.39142,49.8880119047619
2020-04-14,Utilities,0.182384,0.8,14,-0.0022397619047619054,59.11919999999999
2020-04-15,Utilities,0.043357,0.8,15,0.182384,52.16785
2020-04-16,Utilities,0.20834000000000003,0.8,16,0.043357,60.417
2020-04-17,Utilities,0.3065964285714286,0.8,14,0.20834000000000003,65.32982142857144
2020-04-20,Utilities,-0.026239333333333337,1.0,18,0.3065964285714286,48.68803333333334
2020-04-21,Utilities,-0.07370000000000002,1.0,9,-0.026239333333333337,46.315
2020-04-22,Utilities,0.012886764705882356,0.8,25,-0.07370000000000002,50.644338235294114
2020-04-23,Utilities,0.14091,0.8,13,0.012886764705882356,57.045500000000004
2020-04-24,Utilities,-0.0029299999999999994,0.6,6,0.14091,49.853500000000004
2020-04-27,Utilities,0.21103611111111112,0.8,20,-0.0029299999999999994,60.55180555555556
2020-04-28,Utilities,0.16765,0.6,5,0.21103611111111112,58.38250000000001
2020-04-29,Utilities,0.05824,0.6,6,0.16765,52.912000000000006
2020-04-30,Utilities,0.08940000000000001,0.8,11,0.05824,54.47
2020-05-01,Utilities,0.1153775,0.8,16,0.08940000000000001,55.768874999999994
2020-05-04,Utilities,0.18414,1.0,10,0.1153775,59.207
2020-05-05,Utilities,0.11517763636363636,0.8,26,0.18414,55.75888181818181
2020-05-06,Utilities,0.1579873333333333,0.8,14,0.11517763636363636,57.899366666666666
2020-05-07,Utilities,0.14364333333333335,1.0,15,0.1579873333333333,57.18216666666667
2020-05-08,Utilities,0.08287806060606061,0.8,21,0.14364333333333335,54.14390303030303
2020-05-11,Utilities,0.19041166666666667,0.8,10,0.08287806060606061,59.520583333333335
2020-05-12,Utilities,0.159517,0.8,19,0.19041166666666667,57.975849999999994
2020-05-13,Utilities,0.2278,0.6,6,0.159517,61.39
2020-05-14,Utilities,0.172935,1.0,10,0.2278,58.646750000000004
2020-05-15,Utilities,0.16685523809523808,1.0,15,0.172935,58.34276190476191
2020-05-18,Utilities,0.2606533333333333,0.8,13,0.16685523809523808,63.03266666666667
2020-05-19,Utilities,0.05464,0.2,1,0.2606533333333333,52.732
2020-05-20,Utilities,0.017626666666666662,0.4,5,0.05464,50.88133333333333
2020-05-21,Utilities,0.265722,0.8,9,0.017626666666666662,63.2861
2020-05-22,Utilities,0.04166,0.4,5,0.265722,52.083
2020-05-26,Utilities,0.19776,0.6,5,0.04166,59.888
2020-05-27,Utilities,0.17199,0.8,7,0.19776,58.599500000000006
2020-05-28,Utilities,0.09992000000000001,0.8,10,0.17199,54.996
2020-05-29,Utilities,0.17097333333333334,0.8,12,0.09992000000000001,58.54866666666667
2020-06-01,Utilities,0.05445333333333333,0.8,8,0.17097333333333334,52.72266666666666
2020-06-02,Utilities,0.131285,0.6,6,0.05445333333333333,56.56425
2020-06-03,Utilities,0.0,0.2,1,0.131285,50.0
2020-06-04,Utilities,-0.036432,0.6,7,0.0,48.178399999999996
2020-06-05,Utilities,0.044555,0.4,6,-0.036432,52.22774999999999
2020-06-08,Utilities,0.31623999999999997,0.4,2,0.044555,65.812
2020-06-09,Utilities,0.12929,0.4,5,0.31623999999999997,56.464499999999994
2020-06-10,Utilities,0.0,0.6,3,0.12929,50.0
2020-06-11,Utilities,0.12728,0.4,2,0.0,56.364000000000004
2020-06-12,Utilities,0.05464,0.2,1,0.12728,52.732
2020-06-15,Utilities,0.21602000000000002,0.4,4,0.05464,60.801
2020-06-16,Utilities,0.16721999999999998,0.4,3,0.21602000000000002,58.361
2020-06-17,Utilities,0.0,0.6,3,0.16721999999999998,50.0
2020-06-18,Utilities,0.08632,0.2,2,0.0,54.315999999999995
2020-06-19,Utilities,0.12854000000000002,0.4,2,0.08632,56.42700000000001
2020-06-22,Utilities,-0.06698333333333333,0.6,6,0.12854000000000002,46.65083333333334
2020-06-23,Utilities,0.05464,0.8,5,-0.06698333333333333,52.732
2020-06-24,Utilities,-0.02054,0.2,1,0.05464,48.973
2020-06-25,Utilities,0.0,0.2,2,-0.02054,50.0
2020-06-26,Utilities,0.068,0.6,4,0.0,53.400000000000006
2020-06-29,Utilities,0.0,0.2,1,0.068,50.0
2020-06-30,Utilities,0.034,0.2,2,0.0,51.7
2020-07-01,Utilities,0.14079999999999998,0.8,6,0.034,57.04
2020-07-02,Utilities,0.32296,0.4,2,0.14079999999999998,66.14800000000001
2020-07-06,Utilities,0.1439150724637681,0.6,37,0.32296,57.19575362318841
2020-07-07,Utilities,-0.07184,0.4,3,0.1439150724637681,46.408
2020-07-08,Utilities,-0.05780166666666666,0.6,8,-0.07184,47.10991666666667
2020-07-09,Utilities,0.10533999999999999,0.6,3,-0.05780166666666666,55.266999999999996
2020-07-10,Utilities,0.14728,0.4,2,0.10533999999999999,57.364000000000004
2020-07-13,Utilities,0.0162,0.8,6,0.14728,50.81
2020-07-14,Utilities,0.10928,0.4,2,0.0162,55.464
2020-07-15,Utilities,0.3174,0.6,4,0.10928,65.87
2020-07-16,Utilities,0.11438,0.8,5,0.3174,55.718999999999994
2020-07-17,Utilities,0.19182,0.6,3,0.11438,59.590999999999994
2020-07-20,Utilities,0.007859999999999995,0.6,7,0.19182,50.393
2020-07-21,Utilities,0.0598,0.4,3,0.007859999999999995,52.99
2020-07-22,Utilities,0.0,0.0,0,0.0598,50.0
2020-07-23,Utilities,0.06133000000000001,0.4,4,0.0,53.066500000000005
2020-07-24,Utilities,0.15888,0.6,9,0.06133000000000001,57.943999999999996
2020-07-27,Utilities,-0.010634999999999995,0.8,12,0.15888,49.468250000000005
2020-07-28,Utilities,0.04404,0.2,2,-0.010634999999999995,52.202000000000005
2020-07-29,Utilities,0.10754000000000001,0.6,5,0.04404,55.376999999999995
2020-07-30,Utilities,0.052669999999999995,0.6,5,0.10754000000000001,52.6335
2020-07-31,Utilities,0.06955,0.4,7,0.052669999999999995,53.4775
2020-08-03,Utilities,0.13778666666666667,0.4,4,0.06955,56.88933333333333
2020-08-04,Utilities,0.23578000000000002,0.6,5,0.13778666666666667,61.789
2020-08-05,Utilities,-0.02054,0.6,4,0.23578000000000002,48.973
2020-08-06,Utilities,0.02717,0.4,8,-0.02054,51.35849999999999
2020-08-07,Utilities,0.0,0.2,1,0.02717,50.0
2020-08-10,Utilities,0.01937666666666667,0.6,6,0.0,50.96883333333333
2020-08-11,Utilities,0.14272,0.4,2,0.01937666666666667,57.135999999999996
2020-08-12,Utilities,0.02732,1.0,9,0.14272,51.366
2020-08-13,Utilities,0.0,0.4,2,0.02732,50.0
2020-08-14,Utilities,0.25476,0.4,2,0.0,62.73800000000001
2020-08-17,Utilities,0.18951,0.4,3,0.25476,59.475500000000004
2020-08-18,Utilities,0.09152,0.2,1,0.18951,54.576
2020-08-19,Utilities,0.0,0.0,0,0.09152,50.0
2020-08-20,Utilities,0.18508,1.0,8,0.0,59.254
2020-08-21,Utilities,0.13113999999999998,0.4,3,0.18508,56.557
2020-08-24,Utilities,-0.018010000000000016,0.6,4,0.13113999999999998,49.0995
2020-08-25,Utilities,0.07224,0.4,2,-0.018010000000000016,53.612
2020-08-26,Utilities,0.21067799999999998,0.6,8,0.07224,60.533899999999996
2020-08-27,Utilities,0.0,0.4,2,0.21067799999999998,50.0
2020-08-28,Utilities,0.0,0.0,0,0.0,50.0
2020-08-31,Utilities,0.03904333333333333,1.0,12,0.0,51.95216666666666
2020-09-01,Utilities,0.0,0.2,1,0.03904333333333333,50.0
2020-09-02,Utilities,0.35608,0.6,3,0.0,67.804
2020-09-03,Utilities,0.09827,0.2,2,0.35608,54.913500000000006
2020-09-04,Utilities,0.04046,0.2,1,0.09827,52.022999999999996
2020-09-08,Utilities,-0.16006857142857142,1.0,11,0.04046,41.99657142857143
2020-09-09,Utilities,0.1486,0.2,1,-0.16006857142857142,57.43000000000001
2020-09-10,Utilities,0.0,0.4,2,0.1486,50.0
2020-09-11,Utilities,0.0,0.2,1,0.0,50.0
2020-09-14,Utilities,0.045895,0.4,5,0.0,52.29475
2020-09-15,Utilities,0.014403333333333332,0.4,7,0.045895,50.720166666666664
2020-09-16,Utilities,0.047685,0.4,5,0.014403333333333332,52.38425
2020-09-17,Utilities,0.0,0.0,0,0.047685,50.0
2020-09-18,Utilities,0.0,0.2,1,0.0,50.0
2020-09-21,Utilities,0.11148,0.2,1,0.0,55.574
2020-09-22,Utilities,0.08808,0.2,1,0.11148,54.403999999999996
2020-09-23,Utilities,0.0,0.6,3,0.08808,50.0
2020-09-24,Utilities,0.0,0.2,1,0.0,50.0
2020-09-25,Utilities,0.0,0.0,0,0.0,50.0
2020-09-28,Utilities,0.065564,0.6,7,0.0,53.2782
2020-09-29,Utilities,0.05464,0.4,2,0.065564,52.732
2020-09-30,Utilities,0.213744,0.6,21,0.05464,60.6872
2020-10-01,Utilities,0.17616,0.4,2,0.213744,58.80800000000001
2020-10-02,Utilities,0.30636,0.6,3,0.17616,65.318
2020-10-05,Utilities,0.24665499999999999,0.4,5,0.30636,62.332750000000004
2020-10-06,Utilities,0.20806,0.6,5,0.24665499999999999,60.403
2020-10-07,Utilities,0.1366,0.6,4,0.20806,56.830000000000005
2020-10-08,Utilities,0.0,0.6,5,0.1366,50.0
2020-10-09,Utilities,0.08092,0.4,2,0.0,54.04600000000001
2020-10-12,Utilities,0.19068000000000002,0.4,2,0.08092,59.534
2020-10-13,Utilities,-0.008999999999999998,0.4,2,0.19068000000000002,49.55
2020-10-14,Utilities,0.16392,0.6,3,-0.008999999999999998,58.196000000000005
2020-10-15,Utilities,0.11438,0.2,1,0.16392,55.718999999999994
2020-10-16,Utilities,0.0,0.0,0,0.11438,50.0
2020-10-19,Utilities,0.07921,0.2,4,0.0,53.9605
2020-10-20,Utilities,0.0,0.4,3,0.07921,50.0
2020-10-21,Utilities,0.059770000000000004,0.6,8,0.0,52.9885
2020-10-22,Utilities,0.10132,0.6,4,0.059770000000000004,55.066
2020-10-23,Utilities,0.08166999999999999,0.4,5,0.10132,54.083499999999994
2020-10-26,Utilities,0.025755,0.4,8,0.08166999999999999,51.287749999999996
2020-10-27,Utilities,0.03558,0.4,2,0.025755,51.778999999999996
2020-10-28,Utilities,0.0,0.4,2,0.03558,50.0
2020-10-29,Utilities,0.04298,0.4,5,0.0,52.149
2020-10-30,Utilities,0.08196,0.6,4,0.04298,54.098
2020-11-02,Utilities,-0.014290000000000002,0.6,10,0.08196,49.2855
2020-11-03,Utilities,0.05719,0.2,2,-0.014290000000000002,52.859500000000004
2020-11-04,Utilities,0.009925,0.6,7,0.05719,50.496249999999996
2020-11-05,Utilities,0.26086,0.8,6,0.009925,63.043000000000006
2020-11-06,Utilities,0.14980000000000002,1.0,7,0.26086,57.489999999999995
2020-11-09,Utilities,0.060571428571428575,0.4,8,0.14980000000000002,53.028571428571425
2020-11-10,Utilities,0.05464,0.2,1,0.060571428571428575,52.732
2020-11-11,Utilities,0.05913999999999999,0.4,3,0.05464,52.957
2020-11-12,Utilities,0.18991,0.6,4,0.05913999999999999,59.4955
2020-11-13,Utilities,0.0,0.0,0,0.18991,50.0
2020-11-16,Utilities,-0.07041,0.6,8,0.0,46.4795
2020-11-17,Utilities,0.0,0.0,0,-0.07041,50.0
2020-11-18,Utilities,0.12498000000000001,0.6,5,0.0,56.249
2020-11-19,Utilities,-0.03182,0.8,5,0.12498000000000001,48.409
2020-11-20,Utilities,0.02121333333333333,0.4,4,-0.03182,51.06066666666666
2020-11-23,Utilities,0.12288666666666667,0.4,4,0.02121333333333333,56.14433333333333
2020-11-24,Utilities,0.04046,0.2,1,0.12288666666666667,52.022999999999996
2020-11-25,Utilities,0.15148,0.4,4,0.04046,57.574000000000005
2020-11-27,Utilities,0.10533999999999999,0.2,1,0.15148,55.266999999999996
2020-11-30,Utilities,0.10889,0.8,7,0.10533999999999999,55.4445
2020-12-01,Utilities,0.05464,0.2,1,0.10889,52.732
2020-12-02,Utilities,0.22591,0.8,7,0.05464,61.295500000000004
2020-12-03,Utilities,0.0,0.0,0,0.22591,50.0
2020-12-04,Utilities,0.09046000000000001,0.4,2,0.0,54.522999999999996
2020-12-07,Utilities,0.05464,0.2,1,0.09046000000000001,52.732
2020-12-08,Utilities,0.20324,0.6,3,0.05464,60.162000000000006
2020-12-09,Utilities,0.22949999999999998,0.4,2,0.20324,61.475
2020-12-10,Utilities,0.05004666666666667,0.4,4,0.22949999999999998,52.502333333333326
2020-12-11,Utilities,0.028099999999999997,0.2,3,0.05004666666666667,51.405
2020-12-14,Utilities,0.07998999999999999,0.6,4,0.028099999999999997,53.9995
2020-12-15,Utilities,0.0,0.0,0,0.07998999999999999,50.0
2020-12-16,Utilities,0.0,0.2,1,0.0,50.0
2020-12-17,Utilities,0.12379,0.6,6,0.0,56.1895
2020-12-18,Utilities,0.05464,0.2,2,0.12379,52.732
2020-12-21,Utilities,0.16894,0.8,5,0.05464,58.447
2020-12-22,Utilities,0.029599999999999998,0.2,2,0.16894,51.480000000000004
2020-12-23,Utilities,0.05464,0.4,2,0.029599999999999998,52.732
2020-12-24,Utilities,0.0,0.0,0,0.05464,50.0
2020-12-28,Utilities,0.27189,0.6,4,0.0,63.5945
2020-12-29,Utilities,0.0,0.0,0,0.27189,50.0
2020-12-30,Utilities,0.0,0.2,1,0.0,50.0
2020-12-31,Utilities,0.08808,0.2,1,0.0,54.403999999999996
2021-01-04,Utilities,0.039224999999999996,0.2,4,0.08808,51.96125000000001
2021-01-05,Utilities,0.12738,0.6,3,0.039224999999999996,56.369
2021-01-06,Utilities,0.0,0.0,0,0.12738,50.0
2021-01-07,Utilities,0.05464,0.4,5,0.0,52.732
2021-01-08,Utilities,0.10117000000000001,0.6,7,0.05464,55.0585
2021-01-11,Utilities,0.13816,0.4,3,0.10117000000000001,56.908
2021-01-12,Utilities,0.24381,0.6,4,0.13816,62.19050000000001
2021-01-13,Utilities,0.12496666666666667,0.6,5,0.24381,56.248333333333335
2021-01-14,Utilities,-0.07636,0.2,1,0.12496666666666667,46.182
2021-01-15,Utilities,0.08808,0.2,1,-0.07636,54.403999999999996
2021-01-19,Utilities,0.02732,0.6,4,0.08808,51.366
2021-01-20,Utilities,0.02023,0.4,3,0.02732,51.0115
2021-01-21,Utilities,0.0,0.2,1,0.02023,50.0
2021-01-22,Utilities,0.09966,0.6,3,0.0,54.983000000000004
2021-01-25,Utilities,0.11417,0.6,9,0.09966,55.70850000000001
2021-01-26,Utilities,0.0395875,0.2,8,0.11417,51.979375000000005
2021-01-27,Utilities,0.29754,0.6,4,0.0395875,64.87700000000001
2021-01-28,Utilities,0.18616,0.6,5,0.29754,59.30800000000001
2021-01-29,Utilities,0.11356,0.6,3,0.18616,55.678000000000004
2021-02-01,Utilities,0.10162,0.2,2,0.11356,55.081
2021-02-02,Utilities,0.05464,0.2,1,0.10162,52.732
2021-02-03,Utilities,0.06614333333333333,0.6,6,0.05464,53.30716666666666
2021-02-04,Utilities,0.056179999999999994,0.2,3,0.06614333333333333,52.809
2021-02-05,Utilities,0.06764,0.6,3,0.056179999999999994,53.382
2021-02-08,Utilities,0.08726,0.4,3,0.06764,54.36300000000001
2021-02-09,Utilities,0.05464,0.2,1,0.08726,52.732
2021-02-10,Utilities,0.08463,0.4,4,0.05464,54.2315
2021-02-11,Utilities,-0.009659999999999998,0.8,6,0.08463,49.517
2021-02-12,Utilities,0.11191999999999999,0.6,7,-0.009659999999999998,55.596000000000004
2021-02-16,Utilities,0.33837,0.8,9,0.11191999999999999,66.91850000000001
2021-02-17,Utilities,0.2889,1.0,7,0.33837,64.445
2021-02-18,Utilities,0.19068000000000002,0.8,6,0.2889,59.534
2021-02-19,Utilities,0.2403,0.4,2,0.19068000000000002,62.015
2021-02-22,Utilities,0.16392,0.6,5,0.2403,58.196000000000005
2021-02-23,Utilities,0.07258,0.6,5,0.16392,53.629000000000005
2021-02-24,Utilities,-0.03188,0.6,4,0.07258,48.406
2021-02-25,Utilities,0.0,0.6,5,-0.03188,50.0
2021-02-26,Utilities,-0.059199999999999996,0.6,3,0.0,47.04
2021-03-01,Utilities,0.037380000000000004,0.6,3,-0.059199999999999996,51.869
2021-03-02,Utilities,-0.05671999999999999,0.8,6,0.037380000000000004,47.164
2021-03-03,Utilities,0.04046,0.2,1,-0.05671999999999999,52.022999999999996
2021-03-04,Utilities,0.11126,0.2,1,0.04046,55.562999999999995
2021-03-05,Utilities,0.038939999999999995,0.2,3,0.11126,51.946999999999996
2021-03-08,Utilities,-0.04019,0.4,3,0.038939999999999995,47.990500000000004
2021-03-09,Utilities,-0.03412,0.4,2,-0.04019,48.294
2021-03-10,Utilities,0.15676,0.4,2,-0.03412,57.838
2021-03-11,Utilities,0.0,0.0,0,0.15676,50.0
2021-03-12,Utilities,0.1127,0.4,2,0.0,55.635
2021-03-15,Utilities,0.14944,0.6,5,0.1127,57.472
2021-03-16,Utilities,0.03833333333333333,0.6,5,0.14944,51.916666666666664
2021-03-17,Utilities,0.0,0.0,0,0.03833333333333333,50.0
2021-03-18,Utilities,0.068,0.4,2,0.0,53.400000000000006
2021-03-19,Utilities,0.0,0.0,0,0.068,50.0
2021-03-22,Utilities,0.0,0.0,0,0.0,50.0
2021-03-23,Utilities,0.02732,0.4,3,0.0,51.366
2021-03-24,Utilities,0.0,0.0,0,0.02732,50.0
2021-03-25,Utilities,0.17796,0.4,4,0.0,58.898
2021-03-26,Utilities,0.059199999999999996,0.2,1,0.17796,52.959999999999994
2021-03-29,Utilities,0.18943499999999996,0.4,5,0.059199999999999996,59.47175
2021-03-30,Utilities,0.0,0.2,1,0.18943499999999996,50.0
2021-03-31,Utilities,0.05464,0.4,2,0.0,52.732
2021-04-01,Utilities,0.042293333333333336,0.6,5,0.05464,52.114666666666665
2021-04-05,Utilities,0.053239999999999996,0.6,6,0.042293333333333336,52.662
2021-04-06,Utilities,0.0,0.4,3,0.053239999999999996,50.0
2021-04-07,Utilities,0.05464,0.4,2,0.0,52.732
2021-04-08,Utilities,0.23976000000000003,0.6,3,0.05464,61.988
2021-04-09,Utilities,0.05464,0.2,1,0.23976000000000003,52.732
2021-04-12,Utilities,0.20356000000000002,0.6,3,0.05464,60.178
2021-04-13,Utilities,0.045533333333333335,0.6,6,0.20356000000000002,52.27666666666667
2021-04-14,Utilities,0.34237,0.8,5,0.045533333333333335,67.1185
2021-04-15,Utilities,0.07200999999999999,0.2,2,0.34237,53.6005
2021-04-16,Utilities,0.0,0.0,0,0.07200999999999999,50.0
2021-04-19,Utilities,0.04523,0.4,7,0.0,52.261500000000005
2021-04-20,Utilities,0.19656,0.6,4,0.04523,59.828
2021-04-21,Utilities,0.07261428571428571,0.4,8,0.19656,53.63071428571429
2021-04-22,Utilities,0.11128500000000001,0.6,7,0.07261428571428571,55.56425
2021-04-23,Utilities,0.05464,0.6,3,0.11128500000000001,52.732
2021-04-26,Utilities,0.0655,0.6,5,0.05464,53.275000000000006
2021-04-27,Utilities,0.04525,0.6,4,0.0655,52.2625
2021-04-28,Utilities,0.10695999999999999,0.6,4,0.04525,55.348
2021-04-29,Utilities,0.0,0.2,2,0.10695999999999999,50.0
2021-04-30,Utilities,0.197405,1.0,10,0.0,59.870250000000006
2021-05-03,Utilities,0.1341,0.4,3,0.197405,56.705000000000005
2021-05-04,Utilities,0.21564,0.6,4,0.1341,60.782000000000004
2021-05-05,Utilities,0.04424,0.6,5,0.21564,52.212
2021-05-06,Utilities,0.0,0.2,1,0.04424,50.0
2021-05-07,Utilities,0.11383999999999998,0.6,4,0.0,55.692
2021-05-10,Utilities,0.3546714285714286,0.8,10,0.11383999999999998,67.73357142857142
2021-05-11,Utilities,0.0,0.0,0,0.3546714285714286,50.0
2021-05-12,Utilities,0.13502,0.6,4,0.0,56.751
2021-05-13,Utilities,0.07636,0.4,2,0.13502,53.818
2021-05-14,Utilities,0.10212000000000002,0.2,1,0.07636,55.106
2021-05-17,Utilities,0.05464,0.4,3,0.10212000000000002,52.732
2021-05-18,Utilities,0.07224,0.4,2,0.05464,53.612
2021-05-19,Utilities,0.13816,0.2,1,0.07224,56.908
2021-05-20,Utilities,0.19335,1.0,7,0.13816,59.6675
2021-05-21,Utilities,0.12738,0.6,3,0.19335,56.369
2021-05-24,Utilities,0.16821999999999998,0.6,5,0.12738,58.411
2021-05-25,Utilities,0.05464,0.2,1,0.16821999999999998,52.732
2021-05-26,Utilities,0.0743,0.2,2,0.05464,53.715
2021-05-27,Utilities,0.14538,0.4,2,0.0743,57.269000000000005
2021-05-28,Utilities,0.05464,0.2,2,0.14538,52.732
2021-06-01,Utilities,0.12061,0.6,4,0.05464,56.0305
2021-06-02,Utilities,0.26078,0.6,3,0.12061,63.039
2021-06-03,Utilities,0.0,0.8,5,0.26078,50.0
2021-06-04,Utilities,0.12493000000000001,0.2,2,0.0,56.2465
2021-06-07,Utilities,0.0,0.0,0,0.12493000000000001,50.0
2021-06-08,Utilities,0.12498000000000001,0.6,5,0.0,56.249
2021-06-09,Utilities,0.05464,0.4,2,0.12498000000000001,52.732
2021-06-10,Utilities,0.0,0.2,1,0.05464,50.0
2021-06-11,Utilities,0.0,0.4,2,0.0,50.0
2021-06-14,Utilities,0.141205,0.6,7,0.0,57.06025
2021-06-15,Utilities,0.12498000000000001,0.2,1,0.141205,56.249
2021-06-16,Utilities,0.0,0.4,2,0.12498000000000001,50.0
2021-06-17,Utilities,0.08038,0.2,1,0.0,54.01899999999999
2021-06-18,Utilities,0.0,0.2,1,0.08038,50.0
2021-06-21,Utilities,0.10058166666666665,0.8,9,0.0,55.029083333333325
2021-06-22,Utilities,0.0,0.0,0,0.10058166666666665,50.0
2021-06-23,Utilities,-0.05519,0.4,3,0.0,47.240500000000004
2021-06-24,Utilities,0.21954,0.4,3,-0.05519,60.977000000000004
2021-06-25,Utilities,0.14192,0.2,1,0.21954,57.096000000000004
2021-06-28,Utilities,0.20499,0.6,4,0.14192,60.2495
2021-06-29,Utilities,0.1775,0.6,3,0.20499,58.875
2021-06-30,Utilities,0.04939,0.2,2,0.1775,52.469500000000004
2021-07-01,Utilities,0.02732,0.2,2,0.04939,51.366
2021-07-02,Utilities,0.05464,0.2,1,0.02732,52.732
2021-07-06,Utilities,0.08856,0.4,3,0.05464,54.428
2021-07-07,Utilities,0.059199999999999996,0.2,1,0.08856,52.959999999999994
2021-07-08,Utilities,0.12696999999999997,0.2,2,0.059199999999999996,56.3485
2021-07-09,Utilities,0.02732,0.2,2,0.12696999999999997,51.366
2021-07-12,Utilities,0.03642666666666667,0.4,6,0.02732,51.82133333333333
2021-07-13,Utilities,0.04182,0.4,2,0.03642666666666667,52.091
2021-07-14,Utilities,0.068,0.2,1,0.04182,53.400000000000006
2021-07-15,Utilities,-0.06364,0.2,1,0.068,46.818
2021-07-16,Utilities,0.19391,0.6,8,-0.06364,59.6955
2021-07-19,Utilities,0.0341,0.6,4,0.19391,51.705
2021-07-20,Utilities,0.05464,0.4,2,0.0341,52.732
2021-07-21,Utilities,-0.03182,0.4,3,0.05464,48.409
2021-07-22,Utilities,0.041695,0.4,5,-0.03182,52.08475
2021-07-23,Utilities,0.10084000000000001,0.4,4,0.041695,55.042
2021-07-26,Utilities,0.27130333333333334,0.8,9,0.10084000000000001,63.56516666666667
2021-07-27,Utilities,0.0,0.2,1,0.27130333333333334,50.0
2021-07-28,Utilities,0.0,0.2,1,0.0,50.0
2021-07-29,Utilities,0.09878,0.6,4,0.0,54.93900000000001
2021-07-30,Utilities,0.0,0.4,2,0.09878,50.0
2021-08-02,Utilities,-0.09324999999999999,0.6,5,0.0,45.337500000000006
2021-08-03,Utilities,0.0,0.2,1,-0.09324999999999999,50.0
2021-08-04,Utilities,0.02732,0.2,2,0.0,51.366
2021-08-05,Utilities,0.17333333333333334,1.0,7,0.02732,58.666666666666664
2021-08-06,Utilities,0.06651,0.4,6,0.17333333333333334,53.325500000000005
2021-08-09,Utilities,0.15199000000000001,0.6,4,0.06651,57.599500000000006
2021-08-10,Utilities,0.14616,0.6,3,0.15199000000000001,57.30800000000001
2021-08-11,Utilities,0.02732,0.4,3,0.14616,51.366
2021-08-12,Utilities,0.02411,0.4,3,0.02732,51.2055
2021-08-13,Utilities,0.14579999999999999,0.6,5,0.02411,57.29
2021-08-16,Utilities,0.11480333333333334,0.8,8,0.14579999999999999,55.74016666666667
2021-08-17,Utilities,0.059199999999999996,0.2,1,0.11480333333333334,52.959999999999994
2021-08-18,Utilities,0.0,0.0,0,0.059199999999999996,50.0
2021-08-19,Utilities,0.0,0.0,0,0.0,50.0
2021-08-20,Utilities,0.30866,0.6,3,0.0,65.43299999999999
2021-08-23,Utilities,-0.004159999999999997,0.6,5,0.30866,49.792
2021-08-24,Utilities,-0.04646666666666667,0.6,7,-0.004159999999999997,47.67666666666667
2021-08-25,Utilities,0.00464,0.4,2,-0.04646666666666667,50.232
2021-08-26,Utilities,0.0,0.0,0,0.00464,50.0
2021-08-27,Utilities,0.0,0.2,1,0.0,50.0
2021-08-30,Utilities,0.21960000000000002,0.6,5,0.0,60.980000000000004
2021-08-31,Utilities,-0.05464,0.4,4,0.21960000000000002,47.268
2021-09-01,Utilities,0.10398,0.6,5,-0.05464,55.199
2021-09-02,Utilities,0.11827999999999998,0.4,2,0.10398,55.913999999999994
2021-09-03,Utilities,0.0,0.2,1,0.11827999999999998,50.0
2021-09-07,Utilities,0.045766666666666664,0.8,8,0.0,52.288333333333334
2021-09-08,Utilities,0.0,0.4,2,0.045766666666666664,50.0
2021-09-09,Utilities,0.0,0.0,0,0.0,50.0
2021-09-10,Utilities,0.1445,0.4,3,0.0,57.225
2021-09-13,Utilities,0.04946,0.4,4,0.1445,52.473000000000006
2021-09-14,Utilities,0.0,0.4,3,0.04946,50.0
2021-09-15,Utilities,0.43908,0.8,4,0.0,71.95400000000001
2021-09-16,Utilities,0.10212000000000002,0.6,3,0.43908,55.106
2021-09-17,Utilities,-0.06364,0.2,1,0.10212000000000002,46.818
2021-09-20,Utilities,0.06789,0.4,3,-0.06364,53.3945
2021-09-21,Utilities,0.08481,0.2,2,0.06789,54.240500000000004
2021-09-22,Utilities,0.11834,0.2,2,0.08481,55.916999999999994
2021-09-23,Utilities,0.15151,0.4,3,0.11834,57.575500000000005
2021-09-24,Utilities,0.0,0.0,0,0.15151,50.0
2021-09-27,Utilities,0.24369000000000002,0.8,11,0.0,62.1845
2021-09-28,Utilities,-0.008800000000000002,0.6,4,0.24369000000000002,49.559999999999995
2021-09-29,Utilities,0.052669999999999995,0.2,2,-0.008800000000000002,52.6335
2021-09-30,Utilities,-0.07981333333333333,0.6,6,0.052669999999999995,46.00933333333334
2021-10-01,Utilities,0.0,0.6,3,-0.07981333333333333,50.0
2021-10-04,Utilities,-0.05553333333333334,0.4,4,0.0,47.223333333333336
2021-10-05,Utilities,0.01366,0.2,4,-0.05553333333333334,50.683
2021-10-06,Utilities,0.0,0.0,0,0.01366,50.0
2021-10-07,Utilities,0.09878,0.2,1,0.0,54.93900000000001
2021-10-08,Utilities,0.0,0.0,0,0.09878,50.0
2021-10-11,Utilities,0.15591666666666665,1.0,9,0.0,57.795833333333334
2021-10-12,Utilities,0.0,0.2,1,0.15591666666666665,50.0
2021-10-13,Utilities,-0.07636,0.4,2,0.0,46.182
2021-10-14,Utilities,-0.008579999999999999,0.2,2,-0.07636,49.571
2021-10-15,Utilities,0.16632,0.6,3,-0.008579999999999999,58.316
2021-10-18,Utilities,0.0679,0.4,3,0.16632,53.395
2021-10-19,Utilities,0.03612,1.0,6,0.0679,51.806
2021-10-20,Utilities,0.182548,0.6,7,0.03612,59.127399999999994
2021-10-21,Utilities,0.0,0.0,0,0.182548,50.0
2021-10-22,Utilities,0.14152,0.4,2,0.0,57.07600000000001
2021-10-25,Utilities,0.14616,0.4,4,0.14152,57.30800000000001
2021-10-26,Utilities,0.05464,0.4,2,0.14616,52.732
2021-10-27,Utilities,0.04404,0.6,4,0.05464,52.202000000000005
2021-10-28,Utilities,-0.055499999999999994,0.4,4,0.04404,47.225
2021-10-29,Utilities,0.05464,0.2,1,-0.055499999999999994,52.732
2021-11-01,Utilities,0.17616,0.6,3,0.05464,58.80800000000001
2021-11-02,Utilities,0.0,0.4,3,0.17616,50.0
2021-11-03,Utilities,0.010870000000000008,0.6,4,0.0,50.543499999999995
2021-11-04,Utilities,0.053654999999999994,0.6,8,0.010870000000000008,52.68275
2021-11-05,Utilities,0.07455333333333333,0.4,4,0.053654999999999994,53.727666666666664
2021-11-08,Utilities,0.05464,0.6,4,0.07455333333333333,52.732
2021-11-09,Utilities,-0.01259999999999999,0.8,5,0.05464,49.370000000000005
2021-11-10,Utilities,0.0,0.4,3,-0.01259999999999999,50.0
2021-11-11,Utilities,-0.00258,0.6,4,0.0,49.870999999999995
2021-11-12,Utilities,0.0843,0.2,1,-0.00258,54.215
2021-11-15,Utilities,0.31565,0.6,4,0.0843,65.7825
2021-11-16,Utilities,0.04526,0.4,2,0.31565,52.263000000000005
2021-11-17,Utilities,0.12738,0.4,2,0.04526,56.369
2021-11-18,Utilities,0.059199999999999996,0.6,3,0.12738,52.959999999999994
2021-11-19,Utilities,0.11717999999999999,0.4,2,0.059199999999999996,55.859
2021-11-22,Utilities,0.10234666666666666,0.6,6,0.11717999999999999,55.11733333333333
2021-11-23,Utilities,0.0,0.2,1,0.10234666666666666,50.0
2021-11-24,Utilities,0.068,0.2,1,0.0,53.400000000000006
2021-11-26,Utilities,0.0,0.0,0,0.068,50.0
2021-11-29,Utilities,0.04755,0.2,4,0.0,52.3775
2021-11-30,Utilities,0.11713,0.4,4,0.04755,55.8565
2021-12-01,Utilities,0.02732,0.6,4,0.11713,51.366
2021-12-02,Utilities,0.0,0.2,1,0.02732,50.0
2021-12-03,Utilities,0.16612,0.4,3,0.0,58.306000000000004
2021-12-06,Utilities,0.15674,0.6,3,0.16612,57.837
2021-12-07,Utilities,0.16999,0.4,3,0.15674,58.499500000000005
2021-12-08,Utilities,-0.05464,0.2,1,0.16999,47.268
2021-12-09,Utilities,0.0,0.0,0,-0.05464,50.0
2021-12-10,Utilities,0.059199999999999996,0.2,1,0.0,52.959999999999994
2021-12-13,Utilities,0.14066,0.4,4,0.059199999999999996,57.033
2021-12-14,Utilities,0.1089,0.6,3,0.14066,55.445
2021-12-15,Utilities,0.05464,0.6,3,0.1089,52.732
2021-12-16,Utilities,0.0,0.4,2,0.05464,50.0
2021-12-17,Utilities,0.0,0.8,4,0.0,50.0
2021-12-20,Utilities,0.17284000000000002,0.6,4,0.0,58.642
2021-12-21,Utilities,0.23176000000000002,0.4,2,0.17284000000000002,61.588
2021-12-22,Utilities,0.0,0.2,1,0.23176000000000002,50.0
2021-12-23,Utilities,0.09152,0.2,1,0.0,54.576
2021-12-27,Utilities,-0.02023,0.2,2,0.09152,48.9885
2021-12-28,Utilities,-0.00633999999999999,0.6,3,-0.02023,49.683
2021-12-29,Utilities,0.13183000000000003,0.6,4,-0.00633999999999999,56.5915
2021-12-30,Utilities,0.17163,0.4,3,0.13183000000000003,58.5815
2021-12-31,Utilities,0.05464,0.4,3,0.17163,52.732
2022-01-03,Utilities,0.04527,0.6,5,0.05464,52.26349999999999
2022-01-04,Utilities,0.20779999999999998,1.0,5,0.04527,60.39
2022-01-05,Utilities,0.08158000000000001,0.4,2,0.20779999999999998,54.079
2022-01-06,Utilities,0.059199999999999996,0.2,1,0.08158000000000001,52.959999999999994
2022-01-07,Utilities,0.08928,0.6,3,0.059199999999999996,54.464
2022-01-10,Utilities,0.33099,0.8,8,0.08928,66.5495
2022-01-11,Utilities,0.059199999999999996,0.4,2,0.33099,52.959999999999994
2022-01-12,Utilities,0.0,0.2,1,0.059199999999999996,50.0
2022-01-13,Utilities,0.15829,0.6,4,0.0,57.914500000000004
2022-01-14,Utilities,0.10338,0.8,6,0.15829,55.169000000000004
2022-01-18,Utilities,0.3897533333333333,1.0,9,0.10338,69.48766666666666
2022-01-19,Utilities,0.1315366666666667,1.0,9,0.3897533333333333,56.57683333333333
2022-01-20,Utilities,0.30874999999999997,0.8,5,0.1315366666666667,65.4375
2022-01-21,Utilities,0.20318,1.0,9,0.30874999999999997,60.159
2022-01-24,Utilities,0.036655,0.6,6,0.20318,51.832750000000004
2022-01-25,Utilities,0.2609933333333333,0.8,16,0.036655,63.04966666666667
2022-01-26,Utilities,0.18020999999999998,0.6,4,0.2609933333333333,59.0105
2022-01-27,Utilities,0.22464666666666666,0.8,7,0.18020999999999998,61.23233333333333
2022-01-28,Utilities,0.2271266666666667,1.0,7,0.22464666666666666,61.35633333333333
2022-01-31,Utilities,0.14049999999999999,0.8,11,0.2271266666666667,57.025000000000006
2022-02-01,Utilities,0.30168,0.8,9,0.14049999999999999,65.084
2022-02-02,Utilities,0.15904000000000001,0.6,5,0.30168,57.952000000000005
2022-02-03,Utilities,0.32608,0.8,6,0.15904000000000001,66.304
2022-02-04,Utilities,0.21017999999999998,0.8,10,0.32608,60.509
2022-02-07,Utilities,0.14033333333333334,1.0,11,0.21017999999999998,57.01666666666667
2022-02-08,Utilities,0.15626,0.6,7,0.14033333333333334,57.813
2022-02-09,Utilities,0.20698,0.6,6,0.15626,60.349
2022-02-10,Utilities,0.22026399999999996,1.0,13,0.20698,61.0132
2022-02-11,Utilities,0.147532,1.0,9,0.22026399999999996,57.376599999999996
2022-02-14,Utilities,0.24826,1.0,10,0.147532,62.413
2022-02-15,Utilities,0.2973,1.0,7,0.24826,64.865
2022-02-16,Utilities,0.12082666666666667,0.8,6,0.2973,56.041333333333334
2022-02-17,Utilities,0.17450333333333334,1.0,12,0.12082666666666667,58.725166666666674
2022-02-18,Utilities,0.006004999999999999,0.8,8,0.17450333333333334,50.300250000000005
2022-02-22,Utilities,0.034141333333333336,1.0,19,0.006004999999999999,51.70706666666667
2022-02-23,Utilities,0.045533333333333335,0.6,10,0.034141333333333336,52.27666666666667
2022-02-24,Utilities,0.03681333333333332,0.8,8,0.045533333333333335,51.84066666666667
2022-02-25,Utilities,0.06364,0.4,2,0.03681333333333332,53.181999999999995
2022-02-28,Utilities,0.16144333333333333,0.6,8,0.06364,58.07216666666667
2022-03-01,Utilities,0.08951333333333333,0.8,7,0.16144333333333333,54.47566666666667
2022-03-02,Utilities,0.0,0.4,2,0.08951333333333333,50.0
2022-03-03,Utilities,-0.06364,0.4,2,0.0,46.818
2022-03-04,Utilities,0.15630666666666665,0.8,7,-0.06364,57.81533333333333
2022-03-07,Utilities,0.131465,0.6,6,0.15630666666666665,56.573249999999994
2022-03-08,Utilities,0.023079999999999996,0.4,3,0.131465,51.153999999999996
2022-03-09,Utilities,0.007089999999999999,0.2,2,0.023079999999999996,50.3545
2022-03-10,Utilities,0.062360000000000006,1.0,7,0.007089999999999999,53.117999999999995
2022-03-11,Utilities,0.11148,0.2,1,0.062360000000000006,55.574
2022-03-14,Utilities,0.061453333333333325,0.8,7,0.11148,53.07266666666667
2022-03-15,Utilities,0.0951,0.4,2,0.061453333333333325,54.754999999999995
2022-03-16,Utilities,0.12000000000000002,0.8,6,0.0951,56.00000000000001
2022-03-17,Utilities,0.03066,0.4,5,0.12000000000000002,51.532999999999994
2022-03-18,Utilities,0.08038,0.2,1,0.03066,54.01899999999999
2022-03-21,Utilities,-0.00516,1.0,9,0.08038,49.742
2022-03-22,Utilities,0.18883999999999998,0.4,3,-0.00516,59.44199999999999
2022-03-23,Utilities,0.05464,0.2,1,0.18883999999999998,52.732
2022-03-24,Utilities,0.10928,0.4,2,0.05464,55.464
2022-03-25,Utilities,0.013179999999999997,0.2,2,0.10928,50.659
2022-03-28,Utilities,0.22599200000000003,0.6,7,0.013179999999999997,61.2996
2022-03-29,Utilities,0.040876,0.6,7,0.22599200000000003,52.0438
2022-03-30,Utilities,0.3404,0.6,4,0.040876,67.02
2022-03-31,Utilities,0.23757,0.8,6,0.3404,61.8785
2022-04-01,Utilities,0.07793333333333333,0.2,3,0.23757,53.89666666666667
2022-04-04,Utilities,0.11148,0.6,3,0.07793333333333333,55.574
2022-04-05,Utilities,0.10846,0.4,2,0.11148,55.423
2022-04-06,Utilities,0.23135,0.6,4,0.10846,61.567499999999995
2022-04-07,Utilities,0.10499333333333331,0.6,5,0.23135,55.24966666666666
2022-04-08,Utilities,0.0,0.0,0,0.10499333333333331,50.0
2022-04-11,Utilities,0.15318000000000004,0.6,4,0.0,57.659000000000006
2022-04-12,Utilities,0.2279,0.8,4,0.15318000000000004,61.394999999999996
2022-04-13,Utilities,0.0,0.2,1,0.2279,50.0
2022-04-14,Utilities,0.09022,0.4,2,0.0,54.510999999999996
2022-04-18,Utilities,0.09562,0.4,5,0.09022,54.781
2022-04-19,Utilities,0.15676,0.6,3,0.09562,57.838
2022-04-20,Utilities,0.00516,0.4,2,0.15676,50.258
2022-04-21,Utilities,0.094915,1.0,18,0.00516,54.74575
2022-04-22,Utilities,0.13824533333333333,1.0,13,0.094915,56.91226666666667
2022-04-25,Utilities,0.160215,0.8,13,0.13824533333333333,58.01075
2022-04-26,Utilities,0.28776,0.8,4,0.160215,64.388
2022-04-27,Utilities,0.06838333333333332,0.6,6,0.28776,53.41916666666666
2022-04-28,Utilities,0.11132666666666668,1.0,23,0.06838333333333332,55.56633333333334
2022-04-29,Utilities,0.18022666666666667,0.6,9,0.11132666666666668,59.01133333333334
2022-05-02,Utilities,0.11643466666666666,0.6,12,0.18022666666666667,55.821733333333334
2022-05-03,Utilities,0.24270999999999998,1.0,10,0.11643466666666666,62.1355
2022-05-04,Utilities,-0.013235238095238095,0.6,11,0.24270999999999998,49.3382380952381
2022-05-05,Utilities,0.037353333333333336,1.0,19,-0.013235238095238095,51.867666666666665
2022-05-06,Utilities,0.086524,0.8,14,0.037353333333333336,54.3262
2022-05-09,Utilities,0.049455000000000006,0.8,12,0.086524,52.472750000000005
2022-05-10,Utilities,0.0,0.2,1,0.049455000000000006,50.0
2022-05-11,Utilities,0.10533999999999999,0.6,5,0.0,55.266999999999996
2022-05-12,Utilities,0.004685000000000002,0.6,6,0.10533999999999999,50.23425
2022-05-13,Utilities,0.13271,0.4,4,0.004685000000000002,56.63549999999999
2022-05-16,Utilities,0.10928,0.4,2,0.13271,55.464
2022-05-17,Utilities,0.31205999999999995,1.0,5,0.10928,65.603
2022-05-18,Utilities,0.0,0.4,2,0.31205999999999995,50.0
2022-05-19,Utilities,0.11063,0.4,3,0.0,55.5315
2022-05-20,Utilities,0.039828333333333334,0.6,9,0.11063,51.991416666666666
2022-05-23,Utilities,0.15509,0.8,8,0.039828333333333334,57.7545
2022-05-24,Utilities,0.084095,0.4,5,0.15509,54.204750000000004
2022-05-25,Utilities,0.10928,0.6,4,0.084095,55.464
2022-05-26,Utilities,0.06777999999999999,0.4,3,0.10928,53.388999999999996
2022-05-27,Utilities,0.07636,0.2,1,0.06777999999999999,53.818
2022-05-31,Utilities,0.21101166666666668,1.0,10,0.07636,60.55058333333333
2022-06-01,Utilities,0.34697,0.8,6,0.21101166666666668,67.3485
2022-06-02,Utilities,0.2118,0.4,3,0.34697,60.589999999999996
2022-06-03,Utilities,0.10887,0.6,6,0.2118,55.4435
2022-06-06,Utilities,0.08502666666666667,0.6,6,0.10887,54.25133333333333
2022-06-07,Utilities,0.16316,0.8,5,0.08502666666666667,58.158
2022-06-08,Utilities,0.19480000000000003,0.6,3,0.16316,59.74
2022-06-09,Utilities,0.10734666666666666,1.0,11,0.19480000000000003,55.367333333333335
2022-06-10,Utilities,0.18683,0.8,8,0.10734666666666666,59.3415
2022-06-13,Utilities,0.10225,1.0,11,0.18683,55.1125
2022-06-14,Utilities,0.09343000000000001,0.6,8,0.10225,54.67150000000001
2022-06-15,Utilities,0.0,0.6,4,0.09343000000000001,50.0
2022-06-16,Utilities,0.03946000000000001,1.0,9,0.0,51.973
2022-06-17,Utilities,0.1525,1.0,6,0.03946000000000001,57.62500000000001
2022-06-21,Utilities,0.10598,0.6,7,0.1525,55.299
2022-06-22,Utilities,0.3825033333333333,1.0,11,0.10598,69.12516666666666
2022-06-23,Utilities,0.153,0.6,6,0.3825033333333333,57.65
2022-06-24,Utilities,0.06364,0.4,2,0.153,53.181999999999995
2022-06-27,Utilities,0.057300000000000004,0.4,9,0.06364,52.864999999999995
2022-06-28,Utilities,0.15372333333333335,0.8,7,0.057300000000000004,57.68616666666667
2022-06-29,Utilities,0.15225999999999998,0.8,8,0.15372333333333335,57.613
2022-06-30,Utilities,0.14246,1.0,6,0.15225999999999998,57.123000000000005
2022-07-01,Utilities,-0.03318,0.6,4,0.14246,48.341
2022-07-05,Utilities,0.16784,0.6,7,-0.03318,58.391999999999996
2022-07-06,Utilities,0.24192,0.6,4,0.16784,62.096
2022-07-07,Utilities,0.26877,0.6,4,0.24192,63.4385
2022-07-08,Utilities,0.13102666666666668,0.8,7,0.26877,56.55133333333333
2022-07-11,Utilities,0.12399333333333333,0.8,7,0.13102666666666668,56.19966666666667
2022-07-12,Utilities,0.0,0.0,0,0.12399333333333333,50.0
2022-07-13,Utilities,0.08038,0.6,3,0.0,54.01899999999999
2022-07-14,Utilities,0.06539,0.6,6,0.08038,53.2695
2022-07-15,Utilities,0.176472,0.6,8,0.06539,58.8236
2022-07-18,Utilities,0.21922533333333333,1.0,13,0.176472,60.96126666666667
2022-07-19,Utilities,0.19366333333333335,0.8,7,0.21922533333333333,59.683166666666665
2022-07-20,Utilities,0.03818,0.8,6,0.19366333333333335,51.909000000000006
2022-07-21,Utilities,0.0866,0.8,5,0.03818,54.33
2022-07-22,Utilities,0.03426,1.0,13,0.0866,51.713
2022-07-25,Utilities,0.11213,0.6,8,0.03426,55.606500000000004
2022-07-26,Utilities,0.198288,1.0,12,0.11213,59.9144
2022-07-27,Utilities,0.16386,1.0,10,0.198288,58.193000000000005
2022-07-28,Utilities,0.17211714285714286,1.0,18,0.16386,58.60585714285714
2022-07-29,Utilities,0.27461,1.0,12,0.17211714285714286,63.7305
2022-08-01,Utilities,0.09072,0.6,8,0.27461,54.535999999999994
2022-08-02,Utilities,0.08966500000000001,0.4,6,0.09072,54.483250000000005
2022-08-03,Utilities,0.134932,1.0,17,0.08966500000000001,56.7466
2022-08-04,Utilities,0.2568114285714286,1.0,19,0.134932,62.84057142857142
2022-08-05,Utilities,0.057569999999999996,0.8,16,0.2568114285714286,52.878499999999995
2022-08-08,Utilities,0.06387400000000001,0.8,14,0.057569999999999996,53.1937
2022-08-09,Utilities,0.108384,0.8,9,0.06387400000000001,55.419200000000004
2022-08-10,Utilities,0.2230233333333333,1.0,10,0.108384,61.15116666666667
2022-08-11,Utilities,-0.008853333333333338,0.4,5,0.2230233333333333,49.55733333333333
2022-08-12,Utilities,0.08272,0.2,2,-0.008853333333333338,54.135999999999996
2022-08-15,Utilities,0.18165,0.8,7,0.08272,59.0825
2022-08-16,Utilities,0.104555,0.8,11,0.18165,55.22775
2022-08-17,Utilities,0.23064,0.6,3,0.104555,61.532
2022-08-18,Utilities,0.19779,0.6,6,0.23064,59.8895
2022-08-19,Utilities,0.056679999999999994,0.6,6,0.19779,52.834
2022-08-22,Utilities,0.24335333333333337,0.8,6,0.056679999999999994,62.16766666666666
2022-08-23,Utilities,0.0407,0.8,5,0.24335333333333337,52.035
2022-08-24,Utilities,0.15559,0.4,3,0.0407,57.779500000000006
2022-08-25,Utilities,0.09844800000000001,0.4,6,0.15559,54.9224
2022-08-26,Utilities,0.08196,0.4,3,0.09844800000000001,54.098
2022-08-29,Utilities,0.2883,0.8,5,0.08196,64.415
2022-08-30,Utilities,0.0354,0.8,7,0.2883,51.77
2022-08-31,Utilities,0.13264,0.6,5,0.0354,56.632000000000005
2022-09-01,Utilities,0.11444000000000001,1.0,8,0.13264,55.72200000000001
2022-09-02,Utilities,0.07584666666666666,0.6,5,0.11444000000000001,53.79233333333333
2022-09-06,Utilities,0.21678999999999998,0.8,7,0.07584666666666666,60.8395
2022-09-07,Utilities,0.19389,1.0,9,0.21678999999999998,59.694500000000005
2022-09-08,Utilities,0.15284333333333333,1.0,9,0.19389,57.64216666666666
2022-09-09,Utilities,0.24855,0.8,8,0.15284333333333333,62.4275
2022-09-12,Utilities,0.19197333333333333,0.8,11,0.24855,59.59866666666667
2022-09-13,Utilities,0.00516,0.6,3,0.19197333333333333,50.258
2022-09-14,Utilities,0.19888,0.6,4,0.00516,59.943999999999996
2022-09-15,Utilities,0.29800166666666666,1.0,14,0.19888,64.90008333333334
2022-09-16,Utilities,0.3941733333333333,1.0,8,0.29800166666666666,69.70866666666666
2022-09-19,Utilities,0.136476,0.6,8,0.3941733333333333,56.823800000000006
2022-09-20,Utilities,0.06808,0.8,6,0.136476,53.403999999999996
2022-09-21,Utilities,0.15608,0.4,2,0.06808,57.804
2022-09-22,Utilities,0.11435166666666667,0.8,14,0.15608,55.71758333333333
2022-09-23,Utilities,0.11891,0.6,5,0.11435166666666667,55.9455
2022-09-26,Utilities,0.57756,1.0,11,0.11891,78.878
2022-09-27,Utilities,0.07487,0.6,6,0.57756,53.7435
2022-09-28,Utilities,-0.04951666666666665,1.0,10,0.07487,47.524166666666666
2022-09-29,Utilities,0.07636,0.2,1,-0.04951666666666665,53.818
2022-09-30,Utilities,0.011859999999999999,0.2,3,0.07636,50.592999999999996
2022-10-03,Utilities,0.06577999999999999,0.8,7,0.011859999999999999,53.288999999999994
2022-10-04,Utilities,0.09498499999999999,0.8,10,0.06577999999999999,54.749249999999996
2022-10-05,Utilities,0.22012,1.0,7,0.09498499999999999,61.00600000000001
2022-10-06,Utilities,0.09963,0.8,7,0.22012,54.9815
2022-10-07,Utilities,0.2694833333333333,1.0,8,0.09963,63.47416666666666
2022-10-10,Utilities,0.18292000000000003,0.4,3,0.2694833333333333,59.146
2022-10-11,Utilities,0.16333999999999999,0.6,3,0.18292000000000003,58.167
2022-10-12,Utilities,0.01366,0.6,6,0.16333999999999999,50.683
2022-10-13,Utilities,0.05464,0.4,2,0.01366,52.732
2022-10-14,Utilities,0.17208,0.8,6,0.05464,58.604
2022-10-17,Utilities,-0.09354,1.0,9,0.17208,45.323
2022-10-18,Utilities,0.25529999999999997,0.6,3,-0.09354,62.765
2022-10-19,Utilities,-0.004033333333333333,0.8,6,0.25529999999999997,49.79833333333333
2022-10-20,Utilities,0.12504666666666667,1.0,8,-0.004033333333333333,56.25233333333334
2022-10-21,Utilities,0.11818500000000001,1.0,12,0.12504666666666667,55.90925
2022-10-24,Utilities,0.22193999999999997,1.0,8,0.11818500000000001,61.097
2022-10-25,Utilities,0.08165333333333334,0.8,10,0.22193999999999997,54.08266666666667
2022-10-26,Utilities,0.12864666666666666,0.8,7,0.08165333333333334,56.43233333333333
2022-10-27,Utilities,0.07677333333333333,0.8,15,0.12864666666666666,53.83866666666667
2022-10-28,Utilities,0.14582666666666666,0.8,12,0.07677333333333333,57.29133333333334
2022-10-31,Utilities,0.39958666666666665,1.0,8,0.14582666666666666,69.97933333333333
2022-11-01,Utilities,0.16612,0.4,2,0.39958666666666665,58.306000000000004
2022-11-02,Utilities,0.1662,0.8,6,0.16612,58.309999999999995
2022-11-03,Utilities,0.12707833333333335,0.8,11,0.1662,56.35391666666667
2022-11-04,Utilities,0.11524000000000001,0.8,16,0.12707833333333335,55.762
2022-11-07,Utilities,-0.012233333333333336,1.0,12,0.11524000000000001,49.388333333333335
2022-11-08,Utilities,0.11383999999999998,0.6,3,-0.012233333333333336,55.692
2022-11-09,Utilities,0.07676000000000001,0.8,5,0.11383999999999998,53.837999999999994
2022-11-10,Utilities,0.15811,0.4,4,0.07676000000000001,57.905499999999996
2022-11-11,Utilities,0.11735999999999999,1.0,6,0.15811,55.867999999999995
2022-11-14,Utilities,0.048155,1.0,12,0.11735999999999999,52.40775
2022-11-15,Utilities,0.0551,0.2,1,0.048155,52.754999999999995
2022-11-16,Utilities,0.17726999999999998,0.8,6,0.0551,58.8635
2022-11-17,Utilities,0.0,0.0,0,0.17726999999999998,50.0
2022-11-18,Utilities,0.063,0.8,7,0.0,53.15
2022-11-21,Utilities,0.06885,0.8,9,0.063,53.4425
2022-11-22,Utilities,0.0,0.6,5,0.06885,50.0
2022-11-23,Utilities,0.19207999999999997,0.8,5,0.0,59.604
2022-11-25,Utilities,0.17414000000000002,0.8,5,0.19207999999999997,58.707
2022-11-28,Utilities,0.10212000000000002,0.4,2,0.17414000000000002,55.106
2022-11-29,Utilities,0.10366,0.6,5,0.10212000000000002,55.18300000000001
2022-11-30,Utilities,0.10178000000000001,0.6,4,0.10366,55.089
2022-12-01,Utilities,0.19726,0.8,5,0.10178000000000001,59.863
2022-12-02,Utilities,0.17018,0.4,2,0.19726,58.509
2022-12-05,Utilities,0.166295,0.8,8,0.17018,58.314750000000004
2022-12-06,Utilities,-0.01531,0.4,3,0.166295,49.2345
2022-12-07,Utilities,0.21692,0.6,3,-0.01531,60.846000000000004
2022-12-08,Utilities,-0.04526,0.4,2,0.21692,47.737
2022-12-09,Utilities,0.07700666666666667,0.8,7,-0.04526,53.85033333333333
2022-12-12,Utilities,0.24037999999999998,0.8,6,0.07700666666666667,62.019000000000005
2022-12-13,Utilities,0.143075,0.8,7,0.24037999999999998,57.15375
2022-12-14,Utilities,0.0,0.2,1,0.143075,50.0
2022-12-15,Utilities,0.32604,0.8,5,0.0,66.30199999999999
2022-12-16,Utilities,0.12691000000000002,0.4,6,0.32604,56.3455
2022-12-19,Utilities,0.16789,0.6,6,0.12691000000000002,58.39450000000001
2022-12-20,Utilities,0.34900666666666663,0.8,8,0.16789,67.45033333333333
2022-12-21,Utilities,0.18202000000000002,0.4,2,0.34900666666666663,59.101000000000006
2022-12-22,Utilities,0.0,0.4,2,0.18202000000000002,50.0
2022-12-23,Utilities,0.18372000000000002,0.4,3,0.0,59.18600000000001
2022-12-27,Utilities,0.07845866666666666,0.6,9,0.18372000000000002,53.92293333333333
2022-12-28,Utilities,0.08196,0.6,4,0.07845866666666666,54.098
2022-12-29,Utilities,0.0060599999999999985,0.4,2,0.08196,50.303
2022-12-30,Utilities,0.07732,1.0,5,0.0060599999999999985,53.866
2023-01-03,Utilities,0.10846,0.8,4,0.07732,55.423
2023-01-04,Utilities,0.15975,0.8,8,0.10846,57.987500000000004
2023-01-05,Utilities,0.14878666666666668,0.8,8,0.15975,57.43933333333333
2023-01-06,Utilities,0.009000000000000003,0.2,2,0.14878666666666668,50.449999999999996
2023-01-09,Utilities,0.07377666666666667,1.0,8,0.009000000000000003,53.68883333333333
2023-01-10,Utilities,-0.025,0.2,2,0.07377666666666667,48.75
2023-01-11,Utilities,0.052160000000000005,0.6,4,-0.025,52.608
2023-01-12,Utilities,0.13546666666666668,0.8,7,0.052160000000000005,56.77333333333333
2023-01-13,Utilities,0.17687,0.6,4,0.13546666666666668,58.843500000000006
2023-01-17,Utilities,0.17053,0.8,8,0.17687,58.526500000000006
2023-01-18,Utilities,0.16392,0.6,3,0.17053,58.196000000000005
2023-01-19,Utilities,0.16392,1.0,5,0.16392,58.196000000000005
2023-01-20,Utilities,0.09038333333333333,0.6,7,0.16392,54.51916666666666
2023-01-23,Utilities,0.2015966666666667,1.0,12,0.09038333333333333,60.07983333333333
2023-01-24,Utilities,0.19303,0.8,12,0.2015966666666667,59.6515
2023-01-25,Utilities,0.157144,0.8,14,0.19303,57.8572
2023-01-26,Utilities,0.14764,1.0,14,0.157144,57.382
2023-01-27,Utilities,0.14378666666666667,0.8,6,0.14764,57.18933333333334
2023-01-30,Utilities,0.07520000000000002,0.6,6,0.14378666666666667,53.76
2023-01-31,Utilities,0.18501666666666666,0.8,8,0.07520000000000002,59.25083333333333
2023-02-01,Utilities,-0.02065,1.0,7,0.18501666666666666,48.967499999999994
2023-02-02,Utilities,0.23553333333333332,0.8,8,-0.02065,61.77666666666667
2023-02-03,Utilities,0.2677366666666667,0.8,9,0.23553333333333332,63.386833333333335
2023-02-06,Utilities,0.15076666666666666,1.0,15,0.2677366666666667,57.538333333333334
2023-02-07,Utilities,0.20113666666666666,0.8,10,0.15076666666666666,60.05683333333334
2023-02-08,Utilities,0.14325318181818184,0.6,18,0.20113666666666666,57.162659090909095
2023-02-09,Utilities,0.21886,1.0,15,0.14325318181818184,60.943000000000005
2023-02-10,Utilities,0.05464,0.6,4,0.21886,52.732
2023-02-13,Utilities,0.18279666666666666,0.8,9,0.05464,59.139833333333335
2023-02-14,Utilities,0.12393000000000001,1.0,11,0.18279666666666666,56.19650000000001
2023-02-15,Utilities,0.17742,0.8,5,0.12393000000000001,58.870999999999995
2023-02-16,Utilities,0.15446916666666666,0.8,16,0.17742,57.72345833333333
2023-02-17,Utilities,0.03269333333333333,0.8,10,0.15446916666666666,51.63466666666666
2023-02-21,Utilities,0.0489611111111111,1.0,18,0.03269333333333333,52.44805555555555
2023-02-22,Utilities,0.10825,0.6,7,0.0489611111111111,55.412499999999994
2023-02-23,Utilities,0.056576,0.8,12,0.10825,52.8288
2023-02-24,Utilities,0.066932,0.8,10,0.056576,53.3466
2023-02-27,Utilities,0.173532,1.0,12,0.066932,58.6766
2023-02-28,Utilities,0.18202000000000002,0.8,5,0.173532,59.101000000000006
2023-03-01,Utilities,0.2122,0.6,4,0.18202000000000002,60.61
2023-03-02,Utilities,0.05464,0.6,3,0.2122,52.732
2023-03-03,Utilities,0.02078000000000001,0.6,3,0.05464,51.039
2023-03-06,Utilities,0.035210000000000005,0.8,9,0.02078000000000001,51.7605
2023-03-07,Utilities,0.08139666666666667,1.0,13,0.035210000000000005,54.06983333333333
2023-03-08,Utilities,-0.007350000000000007,0.4,5,0.08139666666666667,49.6325
2023-03-09,Utilities,0.03182,0.4,3,-0.007350000000000007,51.591
2023-03-10,Utilities,0.22115666666666667,0.8,7,0.03182,61.057833333333335
2023-03-13,Utilities,0.130795,0.4,5,0.22115666666666667,56.53975
2023-03-14,Utilities,-0.002426666666666666,0.6,5,0.130795,49.87866666666667
2023-03-15,Utilities,0.232375,0.8,9,-0.002426666666666666,61.61875
2023-03-16,Utilities,0.1459,1.0,9,0.232375,57.294999999999995
2023-03-17,Utilities,0.18417666666666666,0.8,11,0.1459,59.20883333333333
2023-03-20,Utilities,0.10989333333333333,0.8,10,0.18417666666666666,55.49466666666667
2023-03-21,Utilities,0.19539,0.8,5,0.10989333333333333,59.7695
2023-03-22,Utilities,0.03642666666666667,0.8,8,0.19539,51.82133333333333
2023-03-23,Utilities,0.085,0.8,7,0.03642666666666667,54.25
2023-03-24,Utilities,0.14006000000000002,0.4,2,0.085,57.003
2023-03-27,Utilities,0.075955,0.8,7,0.14006000000000002,53.79775
2023-03-28,Utilities,0.318075,0.8,7,0.075955,65.90374999999999
2023-03-29,Utilities,0.05637000000000001,0.8,8,0.318075,52.8185
2023-03-30,Utilities,0.17189000000000002,0.8,5,0.05637000000000001,58.594500000000004
2023-03-31,Utilities,0.08556666666666667,0.6,8,0.17189000000000002,54.27833333333333
2023-04-03,Utilities,0.24288499999999996,0.8,8,0.08556666666666667,62.14425
2023-04-04,Utilities,0.14489666666666667,0.8,7,0.24288499999999996,57.24483333333333
2023-04-05,Utilities,0.05423,0.4,5,0.14489666666666667,52.7115
2023-04-06,Utilities,0.27978000000000003,0.8,6,0.05423,63.989000000000004
2023-04-10,Utilities,0.186084,0.6,7,0.27978000000000003,59.304199999999994
2023-04-11,Utilities,0.08196,1.0,7,0.186084,54.098
2023-04-12,Utilities,0.18570666666666666,0.6,5,0.08196,59.285333333333334
2023-04-13,Utilities,0.144018,0.8,9,0.18570666666666666,57.2009
2023-04-14,Utilities,0.14492333333333335,1.0,8,0.144018,57.24616666666667
2023-04-17,Utilities,0.070255,0.8,10,0.14492333333333335,53.51275
2023-04-18,Utilities,0.08896066666666666,1.0,14,0.070255,54.448033333333335
2023-04-19,Utilities,0.27201333333333333,1.0,8,0.08896066666666666,63.60066666666666
2023-04-20,Utilities,0.11793066666666667,1.0,12,0.27201333333333333,55.89653333333333
2023-04-21,Utilities,0.0,0.6,5,0.11793066666666667,50.0
2023-04-24,Utilities,0.059515384615384616,0.8,18,0.0,52.97576923076923
2023-04-25,Utilities,0.14902,1.0,13,0.059515384615384616,57.45099999999999
2023-04-26,Utilities,0.18226666666666666,0.8,13,0.14902,59.11333333333333
2023-04-27,Utilities,0.15072666666666668,1.0,13,0.18226666666666666,57.53633333333333
2023-04-28,Utilities,0.08052333333333332,1.0,14,0.15072666666666668,54.02616666666666
2023-05-01,Utilities,0.037410000000000006,1.0,13,0.08052333333333332,51.8705
2023-05-02,Utilities,0.1708933333333333,0.8,9,0.037410000000000006,58.544666666666664
2023-05-03,Utilities,0.14476,1.0,10,0.1708933333333333,57.238
2023-05-04,Utilities,0.031803333333333336,0.6,13,0.14476,51.59016666666667
2023-05-05,Utilities,0.08973333333333333,0.8,11,0.031803333333333336,54.486666666666665
2023-05-08,Utilities,0.20393333333333336,0.8,7,0.08973333333333333,60.196666666666665
2023-05-09,Utilities,0.12463142857142857,0.8,13,0.20393333333333336,56.23157142857143
2023-05-10,Utilities,0.19761333333333334,1.0,9,0.12463142857142857,59.88066666666667
2023-05-11,Utilities,0.23868666666666666,0.8,9,0.19761333333333334,61.934333333333335
2023-05-12,Utilities,0.103315,0.8,7,0.23868666666666666,55.16575
2023-05-15,Utilities,0.21345333333333336,0.8,6,0.103315,60.672666666666665
2023-05-16,Utilities,0.1902,0.8,5,0.21345333333333336,59.51
2023-05-17,Utilities,0.049895,0.4,5,0.1902,52.49475
2023-05-18,Utilities,0.10533999999999999,0.6,3,0.049895,55.266999999999996
2023-05-19,Utilities,0.07308,0.4,3,0.10533999999999999,53.654
2023-05-22,Utilities,0.10899999999999999,1.0,11,0.07308,55.45
2023-05-23,Utilities,-0.07224,0.2,1,0.10899999999999999,46.388
2023-05-24,Utilities,0.13824,0.8,5,-0.07224,56.912
2023-05-25,Utilities,0.029599999999999998,0.6,5,0.13824,51.480000000000004
2023-05-26,Utilities,0.13502,0.6,4,0.029599999999999998,56.751
2023-05-30,Utilities,0.09073333333333333,0.8,12,0.13502,54.53666666666667
2023-05-31,Utilities,0.07782,0.2,3,0.09073333333333333,53.891
2023-06-01,Utilities,0.20077333333333333,1.0,11,0.07782,60.038666666666664
2023-06-02,Utilities,0.14616,0.6,3,0.20077333333333333,57.30800000000001
2023-06-05,Utilities,0.08196,1.0,11,0.14616,54.098
2023-06-06,Utilities,0.0,0.0,0,0.08196,50.0
2023-06-07,Utilities,0.24211,0.6,4,0.0,62.1055
2023-06-08,Utilities,0.12276800000000002,0.8,11,0.24211,56.1384
2023-06-09,Utilities,0.07666166666666667,0.8,10,0.12276800000000002,53.833083333333335
2023-06-12,Utilities,0.13471333333333332,0.8,7,0.07666166666666667,56.73566666666666
2023-06-13,Utilities,0.062261333333333335,0.8,10,0.13471333333333332,53.11306666666666
2023-06-14,Utilities,0.16358333333333333,0.4,7,0.062261333333333335,58.179166666666674
2023-06-15,Utilities,-0.025,0.6,4,0.16358333333333333,48.75
2023-06-16,Utilities,0.20982000000000003,0.6,4,-0.025,60.49100000000001
2023-06-20,Utilities,-0.052559999999999996,0.4,5,0.20982000000000003,47.372
2023-06-21,Utilities,0.13095333333333334,0.6,8,-0.052559999999999996,56.547666666666665
2023-06-22,Utilities,0.2319,0.8,8,0.13095333333333334,61.595
2023-06-23,Utilities,0.07865666666666667,0.4,5,0.2319,53.93283333333333
2023-06-26,Utilities,0.188968,0.6,9,0.07865666666666667,59.4484
2023-06-27,Utilities,0.23006500000000002,1.0,12,0.188968,61.50325
2023-06-28,Utilities,0.018213333333333335,0.2,3,0.23006500000000002,50.91066666666667
2023-06-29,Utilities,0.16724,0.8,7,0.018213333333333335,58.362
2023-06-30,Utilities,0.16813,1.0,9,0.16724,58.40650000000001
2023-07-03,Utilities,0.11047666666666667,0.6,6,0.16813,55.52383333333333
2023-07-05,Utilities,0.13054000000000002,0.4,4,0.11047666666666667,56.52700000000001
2023-07-06,Utilities,0.17359733333333333,1.0,13,0.13054000000000002,58.67986666666667
2023-07-07,Utilities,0.14570666666666668,0.6,6,0.17359733333333333,57.285333333333334
2023-07-10,Utilities,0.11566800000000002,0.6,7,0.14570666666666668,55.78340000000001
2023-07-11,Utilities,0.17621733333333334,0.8,11,0.11566800000000002,58.81086666666666
2023-07-12,Utilities,0.05464,0.6,5,0.17621733333333334,52.732
2023-07-13,Utilities,0.04496,0.8,8,0.05464,52.248000000000005
2023-07-14,Utilities,0.11593,0.6,8,0.04496,55.7965
2023-07-17,Utilities,0.037495,0.4,5,0.11593,51.874750000000006
2023-07-18,Utilities,0.15967199999999998,0.6,7,0.037495,57.9836
2023-07-19,Utilities,-0.00572,0.4,5,0.15967199999999998,49.714000000000006
2023-07-20,Utilities,0.2292066666666667,0.6,5,-0.00572,61.46033333333334
2023-07-21,Utilities,0.07752,0.8,8,0.2292066666666667,53.876000000000005
2023-07-24,Utilities,0.050826666666666666,0.8,11,0.07752,52.54133333333333
2023-07-25,Utilities,0.173956,1.0,22,0.050826666666666666,58.6978
2023-07-26,Utilities,0.26063000000000003,0.6,4,0.173956,63.031499999999994
2023-07-27,Utilities,0.03963714285714286,1.0,20,0.26063000000000003,51.981857142857145
2023-07-28,Utilities,0.026973333333333332,0.8,7,0.03963714285714286,51.34866666666667
2023-07-31,Utilities,0.27928,0.8,7,0.026973333333333332,63.964
2023-08-01,Utilities,0.038504,0.4,6,0.27928,51.925200000000004
2023-08-02,Utilities,0.012009999999999998,1.0,7,0.038504,50.600500000000004
2023-08-03,Utilities,0.07632333333333333,1.0,19,0.012009999999999998,53.81616666666667
2023-08-04,Utilities,0.100984,1.0,22,0.07632333333333333,55.0492
2023-08-07,Utilities,0.091735,1.0,8,0.100984,54.586749999999995
2023-08-08,Utilities,0.020679999999999997,0.4,11,0.091735,51.034
2023-08-09,Utilities,0.09281999999999999,0.4,3,0.020679999999999997,54.641
2023-08-10,Utilities,0.09966,1.0,10,0.09281999999999999,54.983000000000004
2023-08-11,Utilities,0.12215000000000001,0.6,4,0.09966,56.1075
2023-08-14,Utilities,0.1668133333333333,0.4,4,0.12215000000000001,58.340666666666664
2023-08-15,Utilities,0.018213333333333335,0.6,8,0.1668133333333333,50.91066666666667
2023-08-16,Utilities,0.07636,0.4,3,0.018213333333333335,53.818
2023-08-17,Utilities,0.2660133333333333,0.8,7,0.07636,63.30066666666667
2023-08-18,Utilities,0.11366000000000001,0.8,6,0.2660133333333333,55.68300000000001
2023-08-21,Utilities,-0.08815999999999999,1.0,10,0.11366000000000001,45.592
2023-08-22,Utilities,0.0,0.8,4,-0.08815999999999999,50.0
2023-08-23,Utilities,0.081655,1.0,14,0.0,54.082750000000004
2023-08-24,Utilities,0.08522833333333332,0.8,11,0.081655,54.26141666666666
2023-08-25,Utilities,0.10336000000000001,0.6,7,0.08522833333333332,55.16799999999999
2023-08-28,Utilities,0.03467666666666667,0.8,11,0.10336000000000001,51.73383333333334
2023-08-29,Utilities,0.24779999999999996,0.8,7,0.03467666666666667,62.39
2023-08-30,Utilities,0.11819500000000001,0.6,6,0.24779999999999996,55.90975
2023-08-31,Utilities,0.154555,1.0,9,0.11819500000000001,57.72775
2023-09-01,Utilities,0.23818999999999999,0.8,5,0.154555,61.909499999999994
2023-09-05,Utilities,0.09990000000000002,0.6,8,0.23818999999999999,54.995000000000005
2023-09-06,Utilities,0.08006727272727272,1.0,15,0.09990000000000002,54.00336363636363
2023-09-07,Utilities,0.27001,1.0,11,0.08006727272727272,63.5005
2023-09-08,Utilities,0.14417666666666668,1.0,11,0.27001,57.20883333333333
2023-09-11,Utilities,-0.12352666666666665,1.0,13,0.14417666666666668,43.82366666666667
2023-09-12,Utilities,-0.02216,0.6,4,-0.12352666666666665,48.892
2023-09-13,Utilities,0.13178,1.0,9,-0.02216,56.589
2023-09-14,Utilities,0.21654,1.0,7,0.13178,60.827
2023-09-15,Utilities,0.16271,0.6,5,0.21654,58.13549999999999
2023-09-18,Utilities,0.06950666666666667,0.6,5,0.16271,53.47533333333333
2023-09-19,Utilities,0.22810000000000002,0.6,4,0.06950666666666667,61.405
2023-09-20,Utilities,0.06931666666666667,0.4,5,0.22810000000000002,53.465833333333336
2023-09-21,Utilities,0.01845333333333332,1.0,12,0.06931666666666667,50.92266666666667
2023-09-22,Utilities,-0.01027,0.4,3,0.01845333333333332,49.4865
2023-09-25,Utilities,0.14783333333333332,0.6,8,-0.01027,57.391666666666666
2023-09-26,Utilities,0.22532000000000002,0.8,8,0.14783333333333332,61.266
2023-09-27,Utilities,-0.007531333333333334,1.0,18,0.22532000000000002,49.62343333333333
2023-09-28,Utilities,0.09138444444444445,0.8,13,-0.007531333333333334,54.56922222222222
2023-09-29,Utilities,0.490372,1.0,10,0.09138444444444445,74.5186
2023-10-02,Utilities,0.21872904761904763,1.0,25,0.490372,60.936452380952375
2023-10-03,Utilities,0.18224500000000002,1.0,10,0.21872904761904763,59.11225
2023-10-04,Utilities,0.10316666666666667,1.0,8,0.18224500000000002,55.15833333333333
2023-10-05,Utilities,0.17467166666666667,1.0,15,0.10316666666666667,58.73358333333334
2023-10-06,Utilities,0.136568,0.8,13,0.17467166666666667,56.8284
2023-10-09,Utilities,0.004685000000000002,0.6,8,0.136568,50.23425
2023-10-10,Utilities,0.16906,0.6,7,0.004685000000000002,58.453
2023-10-11,Utilities,0.043239999999999994,0.6,5,0.16906,52.162
2023-10-12,Utilities,0.07370499999999999,0.8,7,0.043239999999999994,53.685249999999996
2023-10-13,Utilities,0.44453333333333334,1.0,8,0.07370499999999999,72.22666666666666
2023-10-16,Utilities,0.05756,0.8,12,0.44453333333333334,52.878
2023-10-17,Utilities,0.16008666666666665,0.8,9,0.05756,58.004333333333335
2023-10-18,Utilities,0.051954999999999994,0.4,6,0.16008666666666665,52.59775
2023-10-19,Utilities,0.08502,0.6,3,0.051954999999999994,54.251000000000005
2023-10-20,Utilities,0.07499,0.4,3,0.08502,53.749500000000005
2023-10-23,Utilities,-0.06622,0.8,8,0.07499,46.689
2023-10-24,Utilities,-0.001495000000000002,0.6,13,-0.06622,49.92525
2023-10-25,Utilities,0.08748666666666667,0.6,11,-0.001495000000000002,54.37433333333333
2023-10-26,Utilities,0.2806598571428572,1.0,18,0.08748666666666667,64.03299285714286
2023-10-27,Utilities,0.18250095238095237,0.6,11,0.2806598571428572,59.12504761904762
2023-10-30,Utilities,0.033755,0.2,4,0.18250095238095237,51.68775
2023-10-31,Utilities,0.05272400000000001,0.8,9,0.033755,52.6362
2023-11-01,Utilities,0.035853333333333334,1.0,12,0.05272400000000001,51.79266666666666
2023-11-02,Utilities,0.1673585396825397,1.0,29,0.035853333333333334,58.36792698412698
2023-11-03,Utilities,0.02337428571428572,0.8,16,0.1673585396825397,51.16871428571429
2023-11-06,Utilities,0.16753500000000002,0.8,14,0.02337428571428572,58.37675
2023-11-07,Utilities,0.19397999999999999,0.8,5,0.16753500000000002,59.699000000000005
2023-11-08,Utilities,0.088444,0.6,7,0.19397999999999999,54.4222
2023-11-09,Utilities,0.19117499999999998,0.6,6,0.088444,59.558749999999996
2023-11-10,Utilities,0.156945,0.4,5,0.19117499999999998,57.847249999999995
2023-11-13,Utilities,0.07548666666666667,0.8,8,0.156945,53.77433333333334
2023-11-14,Utilities,0.15672000000000003,0.4,5,0.07548666666666667,57.836
2023-11-15,Utilities,0.0,0.4,2,0.15672000000000003,50.0
2023-11-16,Utilities,0.27993999999999997,1.0,11,0.0,63.99699999999999
2023-11-17,Utilities,0.11305999999999998,0.8,7,0.27993999999999997,55.653
2023-11-20,Utilities,0.02732,0.2,2,0.11305999999999998,51.366
2023-11-21,Utilities,0.026019999999999998,1.0,10,0.02732,51.300999999999995
2023-11-22,Utilities,0.127844,0.6,7,0.026019999999999998,56.3922
2023-11-24,Utilities,0.14172,0.8,10,0.127844,57.086000000000006
2023-11-27,Utilities,0.094855,0.4,6,0.14172,54.742749999999994
2023-11-28,Utilities,0.05464,0.8,5,0.094855,52.732
2023-11-29,Utilities,0.106975,0.6,7,0.05464,55.34875
2023-11-30,Utilities,0.20907333333333336,0.6,7,0.106975,60.45366666666667
2023-12-01,Utilities,0.16358,0.6,5,0.20907333333333336,58.179
2023-12-04,Utilities,0.22261999999999998,0.6,6,0.16358,61.131
2023-12-05,Utilities,0.12248,0.8,5,0.22261999999999998,56.123999999999995
2023-12-06,Utilities,0.14138666666666666,0.6,5,0.12248,57.069333333333326
2023-12-07,Utilities,0.16547499999999998,1.0,14,0.14138666666666666,58.27375
2023-12-08,Utilities,0.02732,0.8,5,0.16547499999999998,51.366
2023-12-11,Utilities,0.10922799999999999,1.0,14,0.02732,55.4614
2023-12-12,Utilities,0.06729,1.0,8,0.10922799999999999,53.36450000000001
2023-12-13,Utilities,0.08859500000000001,0.6,8,0.06729,54.42975
2023-12-14,Utilities,0.14246799999999998,0.6,9,0.08859500000000001,57.123400000000004
2023-12-15,Utilities,0.050506666666666665,0.6,5,0.14246799999999998,52.525333333333336
2023-12-18,Utilities,0.08196,0.8,5,0.050506666666666665,54.098
2023-12-19,Utilities,0.0,0.0,0,0.08196,50.0
2023-12-20,Utilities,0.0,0.0,0,0.0,50.0
2023-12-21,Utilities,0.0,0.0,0,0.0,50.0
2023-12-22,Utilities,0.0,0.0,0,0.0,50.0
2023-12-26,Utilities,0.0,0.0,0,0.0,50.0
2023-12-27,Utilities,0.0,0.0,0,0.0,50.0
2023-12-28,Utilities,0.0,0.0,0,0.0,50.0
2023-12-29,Utilities,0.0,0.0,0,0.0,50.0
